[     741ms] [INFO] %cDownload the React DevTools for a better development experience: https://reactjs.org/link/react-devtools font-weight:bold @ http://localhost:5173/node_modules/.vite/deps/chunk-NXESFFTV.js?v=98a32b23:21608
[     884ms] [WARNING] ⚠️ React Router Future Flag Warning: React Router will begin wrapping state updates in `React.startTransition` in v7. You can use the `v7_startTransition` future flag to opt-in early. For more information, see https://reactrouter.com/v6/upgrading/future#v7_starttransition. @ http://localhost:5173/node_modules/.vite/deps/react-router-dom.js?v=98a32b23:4416
[     885ms] [WARNING] ⚠️ React Router Future Flag Warning: Relative route resolution within Splat routes is changing in v7. You can use the `v7_relativeSplatPath` future flag to opt-in early. For more information, see https://reactrouter.com/v6/upgrading/future#v7_relativesplatpath. @ http://localhost:5173/node_modules/.vite/deps/react-router-dom.js?v=98a32b23:4416
[     895ms] [ERROR] Failed to load resource: the server responded with a status of 404 (Not Found) @ http://localhost:5173/favicon.ico:0
[     982ms] [VERBOSE] [DOM] Input elements should have autocomplete attributes (suggested: "current-password"): (More info: https://goo.gl/9p2vKq) %o @ http://localhost:5173/login:0
[ 1511582ms] [VERBOSE] [DOM] Input elements should have autocomplete attributes (suggested: "current-password"): (More info: https://goo.gl/9p2vKq) %o @ http://localhost:5173/login:0
[ 2195173ms] [LOG] [vite] server connection lost. Polling for restart... @ http://localhost:5173/@vite/client:963
[ 2197526ms] [ERROR] WebSocket connection to 'ws://localhost:5173/' failed: Error in connection establishment: net::ERR_CONNECTION_REFUSED @ http://localhost:5173/@vite/client:1034
[ 2200869ms] [ERROR] WebSocket connection to 'ws://localhost:5173/' failed: Error in connection establishment: net::ERR_CONNECTION_REFUSED @ http://localhost:5173/@vite/client:1034
[ 2204243ms] [ERROR] WebSocket connection to 'ws://localhost:5173/' failed: Error in connection establishment: net::ERR_CONNECTION_REFUSED @ http://localhost:5173/@vite/client:1034
[ 2207599ms] [ERROR] WebSocket connection to 'ws://localhost:5173/' failed: Error in connection establishment: net::ERR_CONNECTION_REFUSED @ http://localhost:5173/@vite/client:1034
[ 2210977ms] [ERROR] WebSocket connection to 'ws://localhost:5173/' failed: Error in connection establishment: net::ERR_CONNECTION_REFUSED @ http://localhost:5173/@vite/client:1034
[ 2214316ms] [ERROR] WebSocket connection to 'ws://localhost:5173/' failed: Error in connection establishment: net::ERR_CONNECTION_REFUSED @ http://localhost:5173/@vite/client:1034
[ 2217684ms] [ERROR] WebSocket connection to 'ws://localhost:5173/' failed: Error in connection establishment: net::ERR_CONNECTION_REFUSED @ http://localhost:5173/@vite/client:1034
[ 2221085ms] [ERROR] WebSocket connection to 'ws://localhost:5173/' failed: Error in connection establishment: net::ERR_CONNECTION_REFUSED @ http://localhost:5173/@vite/client:1034
[ 2224465ms] [ERROR] WebSocket connection to 'ws://localhost:5173/' failed: Error in connection establishment: net::ERR_CONNECTION_REFUSED @ http://localhost:5173/@vite/client:1034
[ 2227829ms] [ERROR] WebSocket connection to 'ws://localhost:5173/' failed: Error in connection establishment: net::ERR_CONNECTION_REFUSED @ http://localhost:5173/@vite/client:1034
[ 2231235ms] [ERROR] WebSocket connection to 'ws://localhost:5173/' failed: Error in connection establishment: net::ERR_CONNECTION_REFUSED @ http://localhost:5173/@vite/client:1034
[ 2234752ms] [ERROR] WebSocket connection to 'ws://localhost:5173/' failed: Error in connection establishment: net::ERR_CONNECTION_REFUSED @ http://localhost:5173/@vite/client:1034
[ 2238264ms] [ERROR] WebSocket connection to 'ws://localhost:5173/' failed: Error in connection establishment: net::ERR_CONNECTION_REFUSED @ http://localhost:5173/@vite/client:1034
[ 2241769ms] [ERROR] WebSocket connection to 'ws://localhost:5173/' failed: Error in connection establishment: net::ERR_CONNECTION_REFUSED @ http://localhost:5173/@vite/client:1034
[ 2245451ms] [ERROR] WebSocket connection to 'ws://localhost:5173/' failed: Error in connection establishment: net::ERR_CONNECTION_REFUSED @ http://localhost:5173/@vite/client:1034
[ 2249436ms] [ERROR] WebSocket connection to 'ws://localhost:5173/' failed: Error in connection establishment: net::ERR_CONNECTION_REFUSED @ http://localhost:5173/@vite/client:1034
[ 2254039ms] [ERROR] WebSocket connection to 'ws://localhost:5173/' failed: Error in connection establishment: net::ERR_CONNECTION_REFUSED @ http://localhost:5173/@vite/client:1034
[ 2258591ms] [ERROR] WebSocket connection to 'ws://localhost:5173/' failed: Error in connection establishment: net::ERR_CONNECTION_REFUSED @ http://localhost:5173/@vite/client:1034
[ 2264258ms] [ERROR] WebSocket connection to 'ws://localhost:5173/' failed: Error in connection establishment: net::ERR_CONNECTION_REFUSED @ http://localhost:5173/@vite/client:1034
[ 2268852ms] [ERROR] WebSocket connection to 'ws://localhost:5173/' failed: Error in connection establishment: net::ERR_CONNECTION_REFUSED @ http://localhost:5173/@vite/client:1034
[ 2274785ms] [ERROR] WebSocket connection to 'ws://localhost:5173/' failed: Error in connection establishment: net::ERR_CONNECTION_REFUSED @ http://localhost:5173/@vite/client:1034
[ 2282035ms] [ERROR] WebSocket connection to 'ws://localhost:5173/' failed: Error in connection establishment: net::ERR_CONNECTION_REFUSED @ http://localhost:5173/@vite/client:1034
[ 2287788ms] [ERROR] WebSocket connection to 'ws://localhost:5173/' failed: Error in connection establishment: net::ERR_CONNECTION_REFUSED @ http://localhost:5173/@vite/client:1034
[ 2292939ms] [ERROR] WebSocket connection to 'ws://localhost:5173/' failed: Error in connection establishment: net::ERR_CONNECTION_REFUSED @ http://localhost:5173/@vite/client:1034
[ 2299821ms] [ERROR] WebSocket connection to 'ws://localhost:5173/' failed: Error in connection establishment: net::ERR_CONNECTION_REFUSED @ http://localhost:5173/@vite/client:1034
[ 2306766ms] [ERROR] WebSocket connection to 'ws://localhost:5173/' failed: Error in connection establishment: net::ERR_CONNECTION_REFUSED @ http://localhost:5173/@vite/client:1034
[ 2311308ms] [ERROR] WebSocket connection to 'ws://localhost:5173/' failed: Error in connection establishment: net::ERR_CONNECTION_REFUSED @ http://localhost:5173/@vite/client:1034
[ 2318853ms] [ERROR] WebSocket connection to 'ws://localhost:5173/' failed: Error in connection establishment: net::ERR_CONNECTION_REFUSED @ http://localhost:5173/@vite/client:1034
[ 2326848ms] [ERROR] WebSocket connection to 'ws://localhost:5173/' failed: Error in connection establishment: net::ERR_CONNECTION_REFUSED @ http://localhost:5173/@vite/client:1034
[ 2333908ms] [ERROR] WebSocket connection to 'ws://localhost:5173/' failed: Error in connection establishment: net::ERR_CONNECTION_REFUSED @ http://localhost:5173/@vite/client:1034
[ 2341793ms] [ERROR] WebSocket connection to 'ws://localhost:5173/' failed: Error in connection establishment: net::ERR_CONNECTION_REFUSED @ http://localhost:5173/@vite/client:1034
[ 2348492ms] [ERROR] WebSocket connection to 'ws://localhost:5173/' failed: Error in connection establishment: net::ERR_CONNECTION_REFUSED @ http://localhost:5173/@vite/client:1034
[ 2353198ms] [ERROR] WebSocket connection to 'ws://localhost:5173/' failed: Error in connection establishment: net::ERR_CONNECTION_REFUSED @ http://localhost:5173/@vite/client:1034
[ 2357593ms] [ERROR] WebSocket connection to 'ws://localhost:5173/' failed: Error in connection establishment: net::ERR_CONNECTION_REFUSED @ http://localhost:5173/@vite/client:1034
[ 2365044ms] [ERROR] WebSocket connection to 'ws://localhost:5173/' failed: Error in connection establishment: net::ERR_CONNECTION_REFUSED @ http://localhost:5173/@vite/client:1034
[ 2370346ms] [ERROR] WebSocket connection to 'ws://localhost:5173/' failed: Error in connection establishment: net::ERR_CONNECTION_REFUSED @ http://localhost:5173/@vite/client:1034
[ 2377916ms] [ERROR] WebSocket connection to 'ws://localhost:5173/' failed: Error in connection establishment: net::ERR_CONNECTION_REFUSED @ http://localhost:5173/@vite/client:1034
[ 2385347ms] [ERROR] WebSocket connection to 'ws://localhost:5173/' failed: Error in connection establishment: net::ERR_CONNECTION_REFUSED @ http://localhost:5173/@vite/client:1034
[ 2390696ms] [ERROR] WebSocket connection to 'ws://localhost:5173/' failed: Error in connection establishment: net::ERR_CONNECTION_REFUSED @ http://localhost:5173/@vite/client:1034
[ 2395306ms] [ERROR] WebSocket connection to 'ws://localhost:5173/' failed: Error in connection establishment: net::ERR_CONNECTION_REFUSED @ http://localhost:5173/@vite/client:1034
[ 2402592ms] [ERROR] WebSocket connection to 'ws://localhost:5173/' failed: Error in connection establishment: net::ERR_CONNECTION_REFUSED @ http://localhost:5173/@vite/client:1034
[ 2408874ms] [ERROR] WebSocket connection to 'ws://localhost:5173/' failed: Error in connection establishment: net::ERR_CONNECTION_REFUSED @ http://localhost:5173/@vite/client:1034
[ 2415881ms] [ERROR] WebSocket connection to 'ws://localhost:5173/' failed: Error in connection establishment: net::ERR_CONNECTION_REFUSED @ http://localhost:5173/@vite/client:1034
[ 2422981ms] [ERROR] WebSocket connection to 'ws://localhost:5173/' failed: Error in connection establishment: net::ERR_CONNECTION_REFUSED @ http://localhost:5173/@vite/client:1034
[ 2428314ms] [ERROR] WebSocket connection to 'ws://localhost:5173/' failed: Error in connection establishment: net::ERR_CONNECTION_REFUSED @ http://localhost:5173/@vite/client:1034
[ 2433448ms] [ERROR] WebSocket connection to 'ws://localhost:5173/' failed: Error in connection establishment: net::ERR_CONNECTION_REFUSED @ http://localhost:5173/@vite/client:1034
[ 2441526ms] [ERROR] WebSocket connection to 'ws://localhost:5173/' failed: Error in connection establishment: net::ERR_CONNECTION_REFUSED @ http://localhost:5173/@vite/client:1034
[ 2448962ms] [ERROR] WebSocket connection to 'ws://localhost:5173/' failed: Error in connection establishment: net::ERR_CONNECTION_REFUSED @ http://localhost:5173/@vite/client:1034
[ 2456741ms] [ERROR] WebSocket connection to 'ws://localhost:5173/' failed: Error in connection establishment: net::ERR_CONNECTION_REFUSED @ http://localhost:5173/@vite/client:1034
[ 2461618ms] [ERROR] WebSocket connection to 'ws://localhost:5173/' failed: Error in connection establishment: net::ERR_CONNECTION_REFUSED @ http://localhost:5173/@vite/client:1034
[ 2467993ms] [ERROR] WebSocket connection to 'ws://localhost:5173/' failed: Error in connection establishment: net::ERR_CONNECTION_REFUSED @ http://localhost:5173/@vite/client:1034
[ 2472838ms] [ERROR] WebSocket connection to 'ws://localhost:5173/' failed: Error in connection establishment: net::ERR_CONNECTION_REFUSED @ http://localhost:5173/@vite/client:1034
[ 2480634ms] [ERROR] WebSocket connection to 'ws://localhost:5173/' failed: Error in connection establishment: net::ERR_CONNECTION_REFUSED @ http://localhost:5173/@vite/client:1034
[ 2486151ms] [ERROR] WebSocket connection to 'ws://localhost:5173/' failed: Error in connection establishment: net::ERR_CONNECTION_REFUSED @ http://localhost:5173/@vite/client:1034
[ 2493430ms] [ERROR] WebSocket connection to 'ws://localhost:5173/' failed: Error in connection establishment: net::ERR_CONNECTION_REFUSED @ http://localhost:5173/@vite/client:1034
[ 2498915ms] [ERROR] WebSocket connection to 'ws://localhost:5173/' failed: Error in connection establishment: net::ERR_CONNECTION_REFUSED @ http://localhost:5173/@vite/client:1034
[ 2503885ms] [ERROR] WebSocket connection to 'ws://localhost:5173/' failed: Error in connection establishment: net::ERR_CONNECTION_REFUSED @ http://localhost:5173/@vite/client:1034
[ 2511039ms] [ERROR] WebSocket connection to 'ws://localhost:5173/' failed: Error in connection establishment: net::ERR_CONNECTION_REFUSED @ http://localhost:5173/@vite/client:1034
[ 2517509ms] [ERROR] WebSocket connection to 'ws://localhost:5173/' failed: Error in connection establishment: net::ERR_CONNECTION_REFUSED @ http://localhost:5173/@vite/client:1034
[ 2523212ms] [ERROR] WebSocket connection to 'ws://localhost:5173/' failed: Error in connection establishment: net::ERR_CONNECTION_REFUSED @ http://localhost:5173/@vite/client:1034
[ 2529877ms] [ERROR] WebSocket connection to 'ws://localhost:5173/' failed: Error in connection establishment: net::ERR_CONNECTION_REFUSED @ http://localhost:5173/@vite/client:1034
[ 2536552ms] [ERROR] WebSocket connection to 'ws://localhost:5173/' failed: Error in connection establishment: net::ERR_CONNECTION_REFUSED @ http://localhost:5173/@vite/client:1034
[ 2543552ms] [ERROR] WebSocket connection to 'ws://localhost:5173/' failed: Error in connection establishment: net::ERR_CONNECTION_REFUSED @ http://localhost:5173/@vite/client:1034
[ 2549156ms] [ERROR] WebSocket connection to 'ws://localhost:5173/' failed: Error in connection establishment: net::ERR_CONNECTION_REFUSED @ http://localhost:5173/@vite/client:1034
[ 2557305ms] [ERROR] WebSocket connection to 'ws://localhost:5173/' failed: Error in connection establishment: net::ERR_CONNECTION_REFUSED @ http://localhost:5173/@vite/client:1034
[ 2562368ms] [ERROR] WebSocket connection to 'ws://localhost:5173/' failed: Error in connection establishment: net::ERR_CONNECTION_REFUSED @ http://localhost:5173/@vite/client:1034
[ 2569216ms] [ERROR] WebSocket connection to 'ws://localhost:5173/' failed: Error in connection establishment: net::ERR_CONNECTION_REFUSED @ http://localhost:5173/@vite/client:1034
[ 2575297ms] [ERROR] WebSocket connection to 'ws://localhost:5173/' failed: Error in connection establishment: net::ERR_CONNECTION_REFUSED @ http://localhost:5173/@vite/client:1034
[ 2581410ms] [ERROR] WebSocket connection to 'ws://localhost:5173/' failed: Error in connection establishment: net::ERR_CONNECTION_REFUSED @ http://localhost:5173/@vite/client:1034
[ 2587985ms] [ERROR] WebSocket connection to 'ws://localhost:5173/' failed: Error in connection establishment: net::ERR_CONNECTION_REFUSED @ http://localhost:5173/@vite/client:1034
[ 2595434ms] [ERROR] WebSocket connection to 'ws://localhost:5173/' failed: Error in connection establishment: net::ERR_CONNECTION_REFUSED @ http://localhost:5173/@vite/client:1034
[ 2600290ms] [ERROR] WebSocket connection to 'ws://localhost:5173/' failed: Error in connection establishment: net::ERR_CONNECTION_REFUSED @ http://localhost:5173/@vite/client:1034
[ 2604955ms] [ERROR] WebSocket connection to 'ws://localhost:5173/' failed: Error in connection establishment: net::ERR_CONNECTION_REFUSED @ http://localhost:5173/@vite/client:1034
[ 2609586ms] [ERROR] WebSocket connection to 'ws://localhost:5173/' failed: Error in connection establishment: net::ERR_CONNECTION_REFUSED @ http://localhost:5173/@vite/client:1034
[ 2617122ms] [ERROR] WebSocket connection to 'ws://localhost:5173/' failed: Error in connection establishment: net::ERR_CONNECTION_REFUSED @ http://localhost:5173/@vite/client:1034
[ 2622877ms] [ERROR] WebSocket connection to 'ws://localhost:5173/' failed: Error in connection establishment: net::ERR_CONNECTION_REFUSED @ http://localhost:5173/@vite/client:1034
[ 2630212ms] [ERROR] WebSocket connection to 'ws://localhost:5173/' failed: Error in connection establishment: net::ERR_CONNECTION_REFUSED @ http://localhost:5173/@vite/client:1034
[ 2637321ms] [ERROR] WebSocket connection to 'ws://localhost:5173/' failed: Error in connection establishment: net::ERR_CONNECTION_REFUSED @ http://localhost:5173/@vite/client:1034
[ 2645337ms] [ERROR] WebSocket connection to 'ws://localhost:5173/' failed: Error in connection establishment: net::ERR_CONNECTION_REFUSED @ http://localhost:5173/@vite/client:1034
[ 2650927ms] [ERROR] WebSocket connection to 'ws://localhost:5173/' failed: Error in connection establishment: net::ERR_CONNECTION_REFUSED @ http://localhost:5173/@vite/client:1034
[ 2658196ms] [ERROR] WebSocket connection to 'ws://localhost:5173/' failed: Error in connection establishment: net::ERR_CONNECTION_REFUSED @ http://localhost:5173/@vite/client:1034
[ 2663072ms] [ERROR] WebSocket connection to 'ws://localhost:5173/' failed: Error in connection establishment: net::ERR_CONNECTION_REFUSED @ http://localhost:5173/@vite/client:1034
[ 2671134ms] [ERROR] WebSocket connection to 'ws://localhost:5173/' failed: Error in connection establishment: net::ERR_CONNECTION_REFUSED @ http://localhost:5173/@vite/client:1034
[ 2676110ms] [ERROR] WebSocket connection to 'ws://localhost:5173/' failed: Error in connection establishment: net::ERR_CONNECTION_REFUSED @ http://localhost:5173/@vite/client:1034
[ 2680940ms] [ERROR] WebSocket connection to 'ws://localhost:5173/' failed: Error in connection establishment: net::ERR_CONNECTION_REFUSED @ http://localhost:5173/@vite/client:1034
[ 2687349ms] [ERROR] WebSocket connection to 'ws://localhost:5173/' failed: Error in connection establishment: net::ERR_CONNECTION_REFUSED @ http://localhost:5173/@vite/client:1034
[ 2693432ms] [ERROR] WebSocket connection to 'ws://localhost:5173/' failed: Error in connection establishment: net::ERR_CONNECTION_REFUSED @ http://localhost:5173/@vite/client:1034
[ 2698619ms] [ERROR] WebSocket connection to 'ws://localhost:5173/' failed: Error in connection establishment: net::ERR_CONNECTION_REFUSED @ http://localhost:5173/@vite/client:1034
[ 2706369ms] [ERROR] WebSocket connection to 'ws://localhost:5173/' failed: Error in connection establishment: net::ERR_CONNECTION_REFUSED @ http://localhost:5173/@vite/client:1034
[ 2712885ms] [ERROR] WebSocket connection to 'ws://localhost:5173/' failed: Error in connection establishment: net::ERR_CONNECTION_REFUSED @ http://localhost:5173/@vite/client:1034
[ 2719524ms] [ERROR] WebSocket connection to 'ws://localhost:5173/' failed: Error in connection establishment: net::ERR_CONNECTION_REFUSED @ http://localhost:5173/@vite/client:1034
[ 2725564ms] [ERROR] WebSocket connection to 'ws://localhost:5173/' failed: Error in connection establishment: net::ERR_CONNECTION_REFUSED @ http://localhost:5173/@vite/client:1034
[ 2732752ms] [ERROR] WebSocket connection to 'ws://localhost:5173/' failed: Error in connection establishment: net::ERR_CONNECTION_REFUSED @ http://localhost:5173/@vite/client:1034
[ 2740318ms] [ERROR] WebSocket connection to 'ws://localhost:5173/' failed: Error in connection establishment: net::ERR_CONNECTION_REFUSED @ http://localhost:5173/@vite/client:1034
[ 2747581ms] [ERROR] WebSocket connection to 'ws://localhost:5173/' failed: Error in connection establishment: net::ERR_CONNECTION_REFUSED @ http://localhost:5173/@vite/client:1034
[ 2752134ms] [ERROR] WebSocket connection to 'ws://localhost:5173/' failed: Error in connection establishment: net::ERR_CONNECTION_REFUSED @ http://localhost:5173/@vite/client:1034
[ 2757004ms] [ERROR] WebSocket connection to 'ws://localhost:5173/' failed: Error in connection establishment: net::ERR_CONNECTION_REFUSED @ http://localhost:5173/@vite/client:1034
[ 2762656ms] [ERROR] WebSocket connection to 'ws://localhost:5173/' failed: Error in connection establishment: net::ERR_CONNECTION_REFUSED @ http://localhost:5173/@vite/client:1034
[ 2767026ms] [ERROR] WebSocket connection to 'ws://localhost:5173/' failed: Error in connection establishment: net::ERR_CONNECTION_REFUSED @ http://localhost:5173/@vite/client:1034
[ 2772790ms] [ERROR] WebSocket connection to 'ws://localhost:5173/' failed: Error in connection establishment: net::ERR_CONNECTION_REFUSED @ http://localhost:5173/@vite/client:1034
[ 2779849ms] [ERROR] WebSocket connection to 'ws://localhost:5173/' failed: Error in connection establishment: net::ERR_CONNECTION_REFUSED @ http://localhost:5173/@vite/client:1034
[ 2787478ms] [ERROR] WebSocket connection to 'ws://localhost:5173/' failed: Error in connection establishment: net::ERR_CONNECTION_REFUSED @ http://localhost:5173/@vite/client:1034
[ 2794416ms] [ERROR] WebSocket connection to 'ws://localhost:5173/' failed: Error in connection establishment: net::ERR_CONNECTION_REFUSED @ http://localhost:5173/@vite/client:1034
[ 2797773ms] [ERROR] WebSocket connection to 'ws://localhost:5173/' failed: Error in connection establishment: net::ERR_CONNECTION_REFUSED @ http://localhost:5173/@vite/client:1034
[ 2801113ms] [ERROR] WebSocket connection to 'ws://localhost:5173/' failed: Error in connection establishment: net::ERR_CONNECTION_REFUSED @ http://localhost:5173/@vite/client:1034
[ 2804478ms] [ERROR] WebSocket connection to 'ws://localhost:5173/' failed: Error in connection establishment: net::ERR_CONNECTION_REFUSED @ http://localhost:5173/@vite/client:1034
[ 2807824ms] [ERROR] WebSocket connection to 'ws://localhost:5173/' failed: Error in connection establishment: net::ERR_CONNECTION_REFUSED @ http://localhost:5173/@vite/client:1034
[ 2811181ms] [ERROR] WebSocket connection to 'ws://localhost:5173/' failed: Error in connection establishment: net::ERR_CONNECTION_REFUSED @ http://localhost:5173/@vite/client:1034
[ 2814555ms] [ERROR] WebSocket connection to 'ws://localhost:5173/' failed: Error in connection establishment: net::ERR_CONNECTION_REFUSED @ http://localhost:5173/@vite/client:1034
[ 2817940ms] [ERROR] WebSocket connection to 'ws://localhost:5173/' failed: Error in connection establishment: net::ERR_CONNECTION_REFUSED @ http://localhost:5173/@vite/client:1034
[ 2821321ms] [ERROR] WebSocket connection to 'ws://localhost:5173/' failed: Error in connection establishment: net::ERR_CONNECTION_REFUSED @ http://localhost:5173/@vite/client:1034
[ 2824712ms] [ERROR] WebSocket connection to 'ws://localhost:5173/' failed: Error in connection establishment: net::ERR_CONNECTION_REFUSED @ http://localhost:5173/@vite/client:1034
[ 2828141ms] [ERROR] WebSocket connection to 'ws://localhost:5173/' failed: Error in connection establishment: net::ERR_CONNECTION_REFUSED @ http://localhost:5173/@vite/client:1034
[ 2831525ms] [ERROR] WebSocket connection to 'ws://localhost:5173/' failed: Error in connection establishment: net::ERR_CONNECTION_REFUSED @ http://localhost:5173/@vite/client:1034
[ 2834955ms] [ERROR] WebSocket connection to 'ws://localhost:5173/' failed: Error in connection establishment: net::ERR_CONNECTION_REFUSED @ http://localhost:5173/@vite/client:1034
[ 2838590ms] [ERROR] WebSocket connection to 'ws://localhost:5173/' failed: Error in connection establishment: net::ERR_CONNECTION_REFUSED @ http://localhost:5173/@vite/client:1034
[ 2842431ms] [ERROR] WebSocket connection to 'ws://localhost:5173/' failed: Error in connection establishment: net::ERR_CONNECTION_REFUSED @ http://localhost:5173/@vite/client:1034
[ 2846368ms] [ERROR] WebSocket connection to 'ws://localhost:5173/' failed: Error in connection establishment: net::ERR_CONNECTION_REFUSED @ http://localhost:5173/@vite/client:1034
[ 2852002ms] [ERROR] WebSocket connection to 'ws://localhost:5173/' failed: Error in connection establishment: net::ERR_CONNECTION_REFUSED @ http://localhost:5173/@vite/client:1034
[ 2857565ms] [ERROR] WebSocket connection to 'ws://localhost:5173/' failed: Error in connection establishment: net::ERR_CONNECTION_REFUSED @ http://localhost:5173/@vite/client:1034
[ 2862619ms] [ERROR] WebSocket connection to 'ws://localhost:5173/' failed: Error in connection establishment: net::ERR_CONNECTION_REFUSED @ http://localhost:5173/@vite/client:1034
[ 2869894ms] [ERROR] WebSocket connection to 'ws://localhost:5173/' failed: Error in connection establishment: net::ERR_CONNECTION_REFUSED @ http://localhost:5173/@vite/client:1034
[ 2876072ms] [ERROR] WebSocket connection to 'ws://localhost:5173/' failed: Error in connection establishment: net::ERR_CONNECTION_REFUSED @ http://localhost:5173/@vite/client:1034
[ 2882250ms] [ERROR] WebSocket connection to 'ws://localhost:5173/' failed: Error in connection establishment: net::ERR_CONNECTION_REFUSED @ http://localhost:5173/@vite/client:1034
[ 2889993ms] [ERROR] WebSocket connection to 'ws://localhost:5173/' failed: Error in connection establishment: net::ERR_CONNECTION_REFUSED @ http://localhost:5173/@vite/client:1034
[ 2895814ms] [ERROR] WebSocket connection to 'ws://localhost:5173/' failed: Error in connection establishment: net::ERR_CONNECTION_REFUSED @ http://localhost:5173/@vite/client:1034
[ 2903667ms] [ERROR] WebSocket connection to 'ws://localhost:5173/' failed: Error in connection establishment: net::ERR_CONNECTION_REFUSED @ http://localhost:5173/@vite/client:1034
[ 2908165ms] [ERROR] WebSocket connection to 'ws://localhost:5173/' failed: Error in connection establishment: net::ERR_CONNECTION_REFUSED @ http://localhost:5173/@vite/client:1034
[ 2914284ms] [ERROR] WebSocket connection to 'ws://localhost:5173/' failed: Error in connection establishment: net::ERR_CONNECTION_REFUSED @ http://localhost:5173/@vite/client:1034
[ 2922513ms] [ERROR] WebSocket connection to 'ws://localhost:5173/' failed: Error in connection establishment: net::ERR_CONNECTION_REFUSED @ http://localhost:5173/@vite/client:1034
[ 2928618ms] [ERROR] WebSocket connection to 'ws://localhost:5173/' failed: Error in connection establishment: net::ERR_CONNECTION_REFUSED @ http://localhost:5173/@vite/client:1034
[ 2935727ms] [ERROR] WebSocket connection to 'ws://localhost:5173/' failed: Error in connection establishment: net::ERR_CONNECTION_REFUSED @ http://localhost:5173/@vite/client:1034
[ 2942603ms] [ERROR] WebSocket connection to 'ws://localhost:5173/' failed: Error in connection establishment: net::ERR_CONNECTION_REFUSED @ http://localhost:5173/@vite/client:1034
[ 2949097ms] [ERROR] WebSocket connection to 'ws://localhost:5173/' failed: Error in connection establishment: net::ERR_CONNECTION_REFUSED @ http://localhost:5173/@vite/client:1034
[ 2956478ms] [ERROR] WebSocket connection to 'ws://localhost:5173/' failed: Error in connection establishment: net::ERR_CONNECTION_REFUSED @ http://localhost:5173/@vite/client:1034
[ 2962822ms] [ERROR] WebSocket connection to 'ws://localhost:5173/' failed: Error in connection establishment: net::ERR_CONNECTION_REFUSED @ http://localhost:5173/@vite/client:1034
[ 2969446ms] [ERROR] WebSocket connection to 'ws://localhost:5173/' failed: Error in connection establishment: net::ERR_CONNECTION_REFUSED @ http://localhost:5173/@vite/client:1034
[ 2975836ms] [ERROR] WebSocket connection to 'ws://localhost:5173/' failed: Error in connection establishment: net::ERR_CONNECTION_REFUSED @ http://localhost:5173/@vite/client:1034
[ 2983353ms] [ERROR] WebSocket connection to 'ws://localhost:5173/' failed: Error in connection establishment: net::ERR_CONNECTION_REFUSED @ http://localhost:5173/@vite/client:1034
[ 2987993ms] [ERROR] WebSocket connection to 'ws://localhost:5173/' failed: Error in connection establishment: net::ERR_CONNECTION_REFUSED @ http://localhost:5173/@vite/client:1034
[ 2995993ms] [ERROR] WebSocket connection to 'ws://localhost:5173/' failed: Error in connection establishment: net::ERR_CONNECTION_REFUSED @ http://localhost:5173/@vite/client:1034
[ 3003290ms] [ERROR] WebSocket connection to 'ws://localhost:5173/' failed: Error in connection establishment: net::ERR_CONNECTION_REFUSED @ http://localhost:5173/@vite/client:1034
[ 3010993ms] [ERROR] WebSocket connection to 'ws://localhost:5173/' failed: Error in connection establishment: net::ERR_CONNECTION_REFUSED @ http://localhost:5173/@vite/client:1034
[ 3019314ms] [ERROR] WebSocket connection to 'ws://localhost:5173/' failed: Error in connection establishment: net::ERR_CONNECTION_REFUSED @ http://localhost:5173/@vite/client:1034
[ 3023774ms] [ERROR] WebSocket connection to 'ws://localhost:5173/' failed: Error in connection establishment: net::ERR_CONNECTION_REFUSED @ http://localhost:5173/@vite/client:1034
[ 3028369ms] [ERROR] WebSocket connection to 'ws://localhost:5173/' failed: Error in connection establishment: net::ERR_CONNECTION_REFUSED @ http://localhost:5173/@vite/client:1034
[ 3034681ms] [ERROR] WebSocket connection to 'ws://localhost:5173/' failed: Error in connection establishment: net::ERR_CONNECTION_REFUSED @ http://localhost:5173/@vite/client:1034
[ 3038025ms] [ERROR] WebSocket connection to 'ws://localhost:5173/' failed: Error in connection establishment: net::ERR_CONNECTION_REFUSED @ http://localhost:5173/@vite/client:1034
[ 3041398ms] [ERROR] WebSocket connection to 'ws://localhost:5173/' failed: Error in connection establishment: net::ERR_CONNECTION_REFUSED @ http://localhost:5173/@vite/client:1034
[ 3044744ms] [ERROR] WebSocket connection to 'ws://localhost:5173/' failed: Error in connection establishment: net::ERR_CONNECTION_REFUSED @ http://localhost:5173/@vite/client:1034
[ 3048118ms] [ERROR] WebSocket connection to 'ws://localhost:5173/' failed: Error in connection establishment: net::ERR_CONNECTION_REFUSED @ http://localhost:5173/@vite/client:1034
[ 3051478ms] [ERROR] WebSocket connection to 'ws://localhost:5173/' failed: Error in connection establishment: net::ERR_CONNECTION_REFUSED @ http://localhost:5173/@vite/client:1034
[ 3054853ms] [ERROR] WebSocket connection to 'ws://localhost:5173/' failed: Error in connection establishment: net::ERR_CONNECTION_REFUSED @ http://localhost:5173/@vite/client:1034
[ 3058229ms] [ERROR] WebSocket connection to 'ws://localhost:5173/' failed: Error in connection establishment: net::ERR_CONNECTION_REFUSED @ http://localhost:5173/@vite/client:1034
[ 3061587ms] [ERROR] WebSocket connection to 'ws://localhost:5173/' failed: Error in connection establishment: net::ERR_CONNECTION_REFUSED @ http://localhost:5173/@vite/client:1034
[ 3065007ms] [ERROR] WebSocket connection to 'ws://localhost:5173/' failed: Error in connection establishment: net::ERR_CONNECTION_REFUSED @ http://localhost:5173/@vite/client:1034
[ 3068415ms] [ERROR] WebSocket connection to 'ws://localhost:5173/' failed: Error in connection establishment: net::ERR_CONNECTION_REFUSED @ http://localhost:5173/@vite/client:1034
[ 3071853ms] [ERROR] WebSocket connection to 'ws://localhost:5173/' failed: Error in connection establishment: net::ERR_CONNECTION_REFUSED @ http://localhost:5173/@vite/client:1034
[ 3075274ms] [ERROR] WebSocket connection to 'ws://localhost:5173/' failed: Error in connection establishment: net::ERR_CONNECTION_REFUSED @ http://localhost:5173/@vite/client:1034
[ 3078915ms] [ERROR] WebSocket connection to 'ws://localhost:5173/' failed: Error in connection establishment: net::ERR_CONNECTION_REFUSED @ http://localhost:5173/@vite/client:1034
[ 3082806ms] [ERROR] WebSocket connection to 'ws://localhost:5173/' failed: Error in connection establishment: net::ERR_CONNECTION_REFUSED @ http://localhost:5173/@vite/client:1034
[ 3086790ms] [ERROR] WebSocket connection to 'ws://localhost:5173/' failed: Error in connection establishment: net::ERR_CONNECTION_REFUSED @ http://localhost:5173/@vite/client:1034
[ 3092196ms] [ERROR] WebSocket connection to 'ws://localhost:5173/' failed: Error in connection establishment: net::ERR_CONNECTION_REFUSED @ http://localhost:5173/@vite/client:1034
[ 3098430ms] [ERROR] WebSocket connection to 'ws://localhost:5173/' failed: Error in connection establishment: net::ERR_CONNECTION_REFUSED @ http://localhost:5173/@vite/client:1034
[ 3105306ms] [ERROR] WebSocket connection to 'ws://localhost:5173/' failed: Error in connection establishment: net::ERR_CONNECTION_REFUSED @ http://localhost:5173/@vite/client:1034
[ 3110181ms] [ERROR] WebSocket connection to 'ws://localhost:5173/' failed: Error in connection establishment: net::ERR_CONNECTION_REFUSED @ http://localhost:5173/@vite/client:1034
[ 3117306ms] [ERROR] WebSocket connection to 'ws://localhost:5173/' failed: Error in connection establishment: net::ERR_CONNECTION_REFUSED @ http://localhost:5173/@vite/client:1034
[ 3124962ms] [ERROR] WebSocket connection to 'ws://localhost:5173/' failed: Error in connection establishment: net::ERR_CONNECTION_REFUSED @ http://localhost:5173/@vite/client:1034
[ 3132510ms] [ERROR] WebSocket connection to 'ws://localhost:5173/' failed: Error in connection establishment: net::ERR_CONNECTION_REFUSED @ http://localhost:5173/@vite/client:1034
[ 3140447ms] [ERROR] WebSocket connection to 'ws://localhost:5173/' failed: Error in connection establishment: net::ERR_CONNECTION_REFUSED @ http://localhost:5173/@vite/client:1034
[ 3144947ms] [ERROR] WebSocket connection to 'ws://localhost:5173/' failed: Error in connection establishment: net::ERR_CONNECTION_REFUSED @ http://localhost:5173/@vite/client:1034
[ 3152431ms] [ERROR] WebSocket connection to 'ws://localhost:5173/' failed: Error in connection establishment: net::ERR_CONNECTION_REFUSED @ http://localhost:5173/@vite/client:1034
[ 3160728ms] [ERROR] WebSocket connection to 'ws://localhost:5173/' failed: Error in connection establishment: net::ERR_CONNECTION_REFUSED @ http://localhost:5173/@vite/client:1034
[ 3167556ms] [ERROR] WebSocket connection to 'ws://localhost:5173/' failed: Error in connection establishment: net::ERR_CONNECTION_REFUSED @ http://localhost:5173/@vite/client:1034
[ 3175541ms] [ERROR] WebSocket connection to 'ws://localhost:5173/' failed: Error in connection establishment: net::ERR_CONNECTION_REFUSED @ http://localhost:5173/@vite/client:1034
[ 3180696ms] [ERROR] WebSocket connection to 'ws://localhost:5173/' failed: Error in connection establishment: net::ERR_CONNECTION_REFUSED @ http://localhost:5173/@vite/client:1034
[ 3185524ms] [ERROR] WebSocket connection to 'ws://localhost:5173/' failed: Error in connection establishment: net::ERR_CONNECTION_REFUSED @ http://localhost:5173/@vite/client:1034
[ 3192415ms] [ERROR] WebSocket connection to 'ws://localhost:5173/' failed: Error in connection establishment: net::ERR_CONNECTION_REFUSED @ http://localhost:5173/@vite/client:1034
[ 3199649ms] [ERROR] WebSocket connection to 'ws://localhost:5173/' failed: Error in connection establishment: net::ERR_CONNECTION_REFUSED @ http://localhost:5173/@vite/client:1034
[ 3205618ms] [ERROR] WebSocket connection to 'ws://localhost:5173/' failed: Error in connection establishment: net::ERR_CONNECTION_REFUSED @ http://localhost:5173/@vite/client:1034
[ 3210291ms] [ERROR] WebSocket connection to 'ws://localhost:5173/' failed: Error in connection establishment: net::ERR_CONNECTION_REFUSED @ http://localhost:5173/@vite/client:1034
[ 3218571ms] [ERROR] WebSocket connection to 'ws://localhost:5173/' failed: Error in connection establishment: net::ERR_CONNECTION_REFUSED @ http://localhost:5173/@vite/client:1034
[ 3223587ms] [ERROR] WebSocket connection to 'ws://localhost:5173/' failed: Error in connection establishment: net::ERR_CONNECTION_REFUSED @ http://localhost:5173/@vite/client:1034
[ 3230103ms] [ERROR] WebSocket connection to 'ws://localhost:5173/' failed: Error in connection establishment: net::ERR_CONNECTION_REFUSED @ http://localhost:5173/@vite/client:1034
[ 3237838ms] [ERROR] WebSocket connection to 'ws://localhost:5173/' failed: Error in connection establishment: net::ERR_CONNECTION_REFUSED @ http://localhost:5173/@vite/client:1034
[ 3244941ms] [ERROR] WebSocket connection to 'ws://localhost:5173/' failed: Error in connection establishment: net::ERR_CONNECTION_REFUSED @ http://localhost:5173/@vite/client:1034
[ 3252713ms] [ERROR] WebSocket connection to 'ws://localhost:5173/' failed: Error in connection establishment: net::ERR_CONNECTION_REFUSED @ http://localhost:5173/@vite/client:1034
[ 3259275ms] [ERROR] WebSocket connection to 'ws://localhost:5173/' failed: Error in connection establishment: net::ERR_CONNECTION_REFUSED @ http://localhost:5173/@vite/client:1034
[ 3265009ms] [ERROR] WebSocket connection to 'ws://localhost:5173/' failed: Error in connection establishment: net::ERR_CONNECTION_REFUSED @ http://localhost:5173/@vite/client:1034
[ 3270227ms] [ERROR] WebSocket connection to 'ws://localhost:5173/' failed: Error in connection establishment: net::ERR_CONNECTION_REFUSED @ http://localhost:5173/@vite/client:1034
[ 3274680ms] [ERROR] WebSocket connection to 'ws://localhost:5173/' failed: Error in connection establishment: net::ERR_CONNECTION_REFUSED @ http://localhost:5173/@vite/client:1034
[ 3281290ms] [ERROR] WebSocket connection to 'ws://localhost:5173/' failed: Error in connection establishment: net::ERR_CONNECTION_REFUSED @ http://localhost:5173/@vite/client:1034
[ 3286540ms] [ERROR] WebSocket connection to 'ws://localhost:5173/' failed: Error in connection establishment: net::ERR_CONNECTION_REFUSED @ http://localhost:5173/@vite/client:1034
[ 3291509ms] [ERROR] WebSocket connection to 'ws://localhost:5173/' failed: Error in connection establishment: net::ERR_CONNECTION_REFUSED @ http://localhost:5173/@vite/client:1034
[ 3296446ms] [ERROR] WebSocket connection to 'ws://localhost:5173/' failed: Error in connection establishment: net::ERR_CONNECTION_REFUSED @ http://localhost:5173/@vite/client:1034
[ 3304609ms] [ERROR] WebSocket connection to 'ws://localhost:5173/' failed: Error in connection establishment: net::ERR_CONNECTION_REFUSED @ http://localhost:5173/@vite/client:1034
[ 3310089ms] [ERROR] WebSocket connection to 'ws://localhost:5173/' failed: Error in connection establishment: net::ERR_CONNECTION_REFUSED @ http://localhost:5173/@vite/client:1034
[ 3318071ms] [ERROR] WebSocket connection to 'ws://localhost:5173/' failed: Error in connection establishment: net::ERR_CONNECTION_REFUSED @ http://localhost:5173/@vite/client:1034
[ 3324191ms] [ERROR] WebSocket connection to 'ws://localhost:5173/' failed: Error in connection establishment: net::ERR_CONNECTION_REFUSED @ http://localhost:5173/@vite/client:1034
[ 3330293ms] [ERROR] WebSocket connection to 'ws://localhost:5173/' failed: Error in connection establishment: net::ERR_CONNECTION_REFUSED @ http://localhost:5173/@vite/client:1034
[ 3334978ms] [ERROR] WebSocket connection to 'ws://localhost:5173/' failed: Error in connection establishment: net::ERR_CONNECTION_REFUSED @ http://localhost:5173/@vite/client:1034
[ 3339666ms] [ERROR] WebSocket connection to 'ws://localhost:5173/' failed: Error in connection establishment: net::ERR_CONNECTION_REFUSED @ http://localhost:5173/@vite/client:1034
[ 3345197ms] [ERROR] WebSocket connection to 'ws://localhost:5173/' failed: Error in connection establishment: net::ERR_CONNECTION_REFUSED @ http://localhost:5173/@vite/client:1034
[ 3352680ms] [ERROR] WebSocket connection to 'ws://localhost:5173/' failed: Error in connection establishment: net::ERR_CONNECTION_REFUSED @ http://localhost:5173/@vite/client:1034
[ 3358415ms] [ERROR] WebSocket connection to 'ws://localhost:5173/' failed: Error in connection establishment: net::ERR_CONNECTION_REFUSED @ http://localhost:5173/@vite/client:1034
[ 3363384ms] [ERROR] WebSocket connection to 'ws://localhost:5173/' failed: Error in connection establishment: net::ERR_CONNECTION_REFUSED @ http://localhost:5173/@vite/client:1034
[ 3370070ms] [ERROR] WebSocket connection to 'ws://localhost:5173/' failed: Error in connection establishment: net::ERR_CONNECTION_REFUSED @ http://localhost:5173/@vite/client:1034
[ 3377368ms] [ERROR] WebSocket connection to 'ws://localhost:5173/' failed: Error in connection establishment: net::ERR_CONNECTION_REFUSED @ http://localhost:5173/@vite/client:1034
[ 3383228ms] [ERROR] WebSocket connection to 'ws://localhost:5173/' failed: Error in connection establishment: net::ERR_CONNECTION_REFUSED @ http://localhost:5173/@vite/client:1034
[ 3387768ms] [ERROR] WebSocket connection to 'ws://localhost:5173/' failed: Error in connection establishment: net::ERR_CONNECTION_REFUSED @ http://localhost:5173/@vite/client:1034
[ 3395838ms] [ERROR] WebSocket connection to 'ws://localhost:5173/' failed: Error in connection establishment: net::ERR_CONNECTION_REFUSED @ http://localhost:5173/@vite/client:1034
[ 3402368ms] [ERROR] WebSocket connection to 'ws://localhost:5173/' failed: Error in connection establishment: net::ERR_CONNECTION_REFUSED @ http://localhost:5173/@vite/client:1034
[ 3409369ms] [ERROR] WebSocket connection to 'ws://localhost:5173/' failed: Error in connection establishment: net::ERR_CONNECTION_REFUSED @ http://localhost:5173/@vite/client:1034
[ 3417265ms] [ERROR] WebSocket connection to 'ws://localhost:5173/' failed: Error in connection establishment: net::ERR_CONNECTION_REFUSED @ http://localhost:5173/@vite/client:1034
[ 3423681ms] [ERROR] WebSocket connection to 'ws://localhost:5173/' failed: Error in connection establishment: net::ERR_CONNECTION_REFUSED @ http://localhost:5173/@vite/client:1034
[ 3430600ms] [ERROR] WebSocket connection to 'ws://localhost:5173/' failed: Error in connection establishment: net::ERR_CONNECTION_REFUSED @ http://localhost:5173/@vite/client:1034
[ 3438415ms] [ERROR] WebSocket connection to 'ws://localhost:5173/' failed: Error in connection establishment: net::ERR_CONNECTION_REFUSED @ http://localhost:5173/@vite/client:1034
[ 3446399ms] [ERROR] WebSocket connection to 'ws://localhost:5173/' failed: Error in connection establishment: net::ERR_CONNECTION_REFUSED @ http://localhost:5173/@vite/client:1034
[ 3454634ms] [ERROR] WebSocket connection to 'ws://localhost:5173/' failed: Error in connection establishment: net::ERR_CONNECTION_REFUSED @ http://localhost:5173/@vite/client:1034
[ 3462509ms] [ERROR] WebSocket connection to 'ws://localhost:5173/' failed: Error in connection establishment: net::ERR_CONNECTION_REFUSED @ http://localhost:5173/@vite/client:1034
[ 3468227ms] [ERROR] WebSocket connection to 'ws://localhost:5173/' failed: Error in connection establishment: net::ERR_CONNECTION_REFUSED @ http://localhost:5173/@vite/client:1034
[ 3475431ms] [ERROR] WebSocket connection to 'ws://localhost:5173/' failed: Error in connection establishment: net::ERR_CONNECTION_REFUSED @ http://localhost:5173/@vite/client:1034
[ 3480852ms] [ERROR] WebSocket connection to 'ws://localhost:5173/' failed: Error in connection establishment: net::ERR_CONNECTION_REFUSED @ http://localhost:5173/@vite/client:1034
[ 3488166ms] [ERROR] WebSocket connection to 'ws://localhost:5173/' failed: Error in connection establishment: net::ERR_CONNECTION_REFUSED @ http://localhost:5173/@vite/client:1034
[ 3495399ms] [ERROR] WebSocket connection to 'ws://localhost:5173/' failed: Error in connection establishment: net::ERR_CONNECTION_REFUSED @ http://localhost:5173/@vite/client:1034
[ 3502696ms] [ERROR] WebSocket connection to 'ws://localhost:5173/' failed: Error in connection establishment: net::ERR_CONNECTION_REFUSED @ http://localhost:5173/@vite/client:1034
[ 3509653ms] [ERROR] WebSocket connection to 'ws://localhost:5173/' failed: Error in connection establishment: net::ERR_CONNECTION_REFUSED @ http://localhost:5173/@vite/client:1034
[ 3516227ms] [ERROR] WebSocket connection to 'ws://localhost:5173/' failed: Error in connection establishment: net::ERR_CONNECTION_REFUSED @ http://localhost:5173/@vite/client:1034
[ 3520760ms] [ERROR] WebSocket connection to 'ws://localhost:5173/' failed: Error in connection establishment: net::ERR_CONNECTION_REFUSED @ http://localhost:5173/@vite/client:1034
[ 3528650ms] [ERROR] WebSocket connection to 'ws://localhost:5173/' failed: Error in connection establishment: net::ERR_CONNECTION_REFUSED @ http://localhost:5173/@vite/client:1034
[ 3534197ms] [ERROR] WebSocket connection to 'ws://localhost:5173/' failed: Error in connection establishment: net::ERR_CONNECTION_REFUSED @ http://localhost:5173/@vite/client:1034
[ 3540571ms] [ERROR] WebSocket connection to 'ws://localhost:5173/' failed: Error in connection establishment: net::ERR_CONNECTION_REFUSED @ http://localhost:5173/@vite/client:1034
[ 3546449ms] [ERROR] WebSocket connection to 'ws://localhost:5173/' failed: Error in connection establishment: net::ERR_CONNECTION_REFUSED @ http://localhost:5173/@vite/client:1034
[ 3554072ms] [ERROR] WebSocket connection to 'ws://localhost:5173/' failed: Error in connection establishment: net::ERR_CONNECTION_REFUSED @ http://localhost:5173/@vite/client:1034
[ 3560859ms] [ERROR] WebSocket connection to 'ws://localhost:5173/' failed: Error in connection establishment: net::ERR_CONNECTION_REFUSED @ http://localhost:5173/@vite/client:1034
[ 3567681ms] [ERROR] WebSocket connection to 'ws://localhost:5173/' failed: Error in connection establishment: net::ERR_CONNECTION_REFUSED @ http://localhost:5173/@vite/client:1034
[ 3572603ms] [ERROR] WebSocket connection to 'ws://localhost:5173/' failed: Error in connection establishment: net::ERR_CONNECTION_REFUSED @ http://localhost:5173/@vite/client:1034
[ 3578212ms] [ERROR] WebSocket connection to 'ws://localhost:5173/' failed: Error in connection establishment: net::ERR_CONNECTION_REFUSED @ http://localhost:5173/@vite/client:1034
[ 3584994ms] [ERROR] WebSocket connection to 'ws://localhost:5173/' failed: Error in connection establishment: net::ERR_CONNECTION_REFUSED @ http://localhost:5173/@vite/client:1034
[ 3589961ms] [ERROR] WebSocket connection to 'ws://localhost:5173/' failed: Error in connection establishment: net::ERR_CONNECTION_REFUSED @ http://localhost:5173/@vite/client:1034
[ 3597274ms] [ERROR] WebSocket connection to 'ws://localhost:5173/' failed: Error in connection establishment: net::ERR_CONNECTION_REFUSED @ http://localhost:5173/@vite/client:1034
[ 3604463ms] [ERROR] WebSocket connection to 'ws://localhost:5173/' failed: Error in connection establishment: net::ERR_CONNECTION_REFUSED @ http://localhost:5173/@vite/client:1034
[ 3610727ms] [ERROR] WebSocket connection to 'ws://localhost:5173/' failed: Error in connection establishment: net::ERR_CONNECTION_REFUSED @ http://localhost:5173/@vite/client:1034
[ 3617665ms] [ERROR] WebSocket connection to 'ws://localhost:5173/' failed: Error in connection establishment: net::ERR_CONNECTION_REFUSED @ http://localhost:5173/@vite/client:1034
[ 3625009ms] [ERROR] WebSocket connection to 'ws://localhost:5173/' failed: Error in connection establishment: net::ERR_CONNECTION_REFUSED @ http://localhost:5173/@vite/client:1034
[ 3631660ms] [ERROR] WebSocket connection to 'ws://localhost:5173/' failed: Error in connection establishment: net::ERR_CONNECTION_REFUSED @ http://localhost:5173/@vite/client:1034
[ 3638305ms] [ERROR] WebSocket connection to 'ws://localhost:5173/' failed: Error in connection establishment: net::ERR_CONNECTION_REFUSED @ http://localhost:5173/@vite/client:1034
[ 3643258ms] [ERROR] WebSocket connection to 'ws://localhost:5173/' failed: Error in connection establishment: net::ERR_CONNECTION_REFUSED @ http://localhost:5173/@vite/client:1034
[ 3649993ms] [ERROR] WebSocket connection to 'ws://localhost:5173/' failed: Error in connection establishment: net::ERR_CONNECTION_REFUSED @ http://localhost:5173/@vite/client:1034
[ 3654899ms] [ERROR] WebSocket connection to 'ws://localhost:5173/' failed: Error in connection establishment: net::ERR_CONNECTION_REFUSED @ http://localhost:5173/@vite/client:1034
[ 3660937ms] [ERROR] WebSocket connection to 'ws://localhost:5173/' failed: Error in connection establishment: net::ERR_CONNECTION_REFUSED @ http://localhost:5173/@vite/client:1034
[ 3665585ms] [ERROR] WebSocket connection to 'ws://localhost:5173/' failed: Error in connection establishment: net::ERR_CONNECTION_REFUSED @ http://localhost:5173/@vite/client:1034
[ 3673540ms] [ERROR] WebSocket connection to 'ws://localhost:5173/' failed: Error in connection establishment: net::ERR_CONNECTION_REFUSED @ http://localhost:5173/@vite/client:1034
[ 3679900ms] [ERROR] WebSocket connection to 'ws://localhost:5173/' failed: Error in connection establishment: net::ERR_CONNECTION_REFUSED @ http://localhost:5173/@vite/client:1034
[ 3687494ms] [ERROR] WebSocket connection to 'ws://localhost:5173/' failed: Error in connection establishment: net::ERR_CONNECTION_REFUSED @ http://localhost:5173/@vite/client:1034
[ 3693931ms] [ERROR] WebSocket connection to 'ws://localhost:5173/' failed: Error in connection establishment: net::ERR_CONNECTION_REFUSED @ http://localhost:5173/@vite/client:1034
[ 3699298ms] [ERROR] WebSocket connection to 'ws://localhost:5173/' failed: Error in connection establishment: net::ERR_CONNECTION_REFUSED @ http://localhost:5173/@vite/client:1034
[ 3704438ms] [ERROR] WebSocket connection to 'ws://localhost:5173/' failed: Error in connection establishment: net::ERR_CONNECTION_REFUSED @ http://localhost:5173/@vite/client:1034
[ 3712071ms] [ERROR] WebSocket connection to 'ws://localhost:5173/' failed: Error in connection establishment: net::ERR_CONNECTION_REFUSED @ http://localhost:5173/@vite/client:1034
[ 3717853ms] [ERROR] WebSocket connection to 'ws://localhost:5173/' failed: Error in connection establishment: net::ERR_CONNECTION_REFUSED @ http://localhost:5173/@vite/client:1034
[ 3725782ms] [ERROR] WebSocket connection to 'ws://localhost:5173/' failed: Error in connection establishment: net::ERR_CONNECTION_REFUSED @ http://localhost:5173/@vite/client:1034
[ 3733448ms] [ERROR] WebSocket connection to 'ws://localhost:5173/' failed: Error in connection establishment: net::ERR_CONNECTION_REFUSED @ http://localhost:5173/@vite/client:1034
[ 3738660ms] [ERROR] WebSocket connection to 'ws://localhost:5173/' failed: Error in connection establishment: net::ERR_CONNECTION_REFUSED @ http://localhost:5173/@vite/client:1034
[ 3744329ms] [ERROR] WebSocket connection to 'ws://localhost:5173/' failed: Error in connection establishment: net::ERR_CONNECTION_REFUSED @ http://localhost:5173/@vite/client:1034
[ 3751461ms] [ERROR] WebSocket connection to 'ws://localhost:5173/' failed: Error in connection establishment: net::ERR_CONNECTION_REFUSED @ http://localhost:5173/@vite/client:1034
[ 3758959ms] [ERROR] WebSocket connection to 'ws://localhost:5173/' failed: Error in connection establishment: net::ERR_CONNECTION_REFUSED @ http://localhost:5173/@vite/client:1034
[ 3763759ms] [ERROR] WebSocket connection to 'ws://localhost:5173/' failed: Error in connection establishment: net::ERR_CONNECTION_REFUSED @ http://localhost:5173/@vite/client:1034
[ 3769369ms] [ERROR] WebSocket connection to 'ws://localhost:5173/' failed: Error in connection establishment: net::ERR_CONNECTION_REFUSED @ http://localhost:5173/@vite/client:1034
[ 3774634ms] [ERROR] WebSocket connection to 'ws://localhost:5173/' failed: Error in connection establishment: net::ERR_CONNECTION_REFUSED @ http://localhost:5173/@vite/client:1034
[ 3781697ms] [ERROR] WebSocket connection to 'ws://localhost:5173/' failed: Error in connection establishment: net::ERR_CONNECTION_REFUSED @ http://localhost:5173/@vite/client:1034
[ 3788384ms] [ERROR] WebSocket connection to 'ws://localhost:5173/' failed: Error in connection establishment: net::ERR_CONNECTION_REFUSED @ http://localhost:5173/@vite/client:1034
[ 3794470ms] [ERROR] WebSocket connection to 'ws://localhost:5173/' failed: Error in connection establishment: net::ERR_CONNECTION_REFUSED @ http://localhost:5173/@vite/client:1034
[ 3802797ms] [ERROR] WebSocket connection to 'ws://localhost:5173/' failed: Error in connection establishment: net::ERR_CONNECTION_REFUSED @ http://localhost:5173/@vite/client:1034
[ 3808409ms] [ERROR] WebSocket connection to 'ws://localhost:5173/' failed: Error in connection establishment: net::ERR_CONNECTION_REFUSED @ http://localhost:5173/@vite/client:1034
[ 3815978ms] [ERROR] WebSocket connection to 'ws://localhost:5173/' failed: Error in connection establishment: net::ERR_CONNECTION_REFUSED @ http://localhost:5173/@vite/client:1034
[ 3821679ms] [ERROR] WebSocket connection to 'ws://localhost:5173/' failed: Error in connection establishment: net::ERR_CONNECTION_REFUSED @ http://localhost:5173/@vite/client:1034
[ 3827600ms] [ERROR] WebSocket connection to 'ws://localhost:5173/' failed: Error in connection establishment: net::ERR_CONNECTION_REFUSED @ http://localhost:5173/@vite/client:1034
[ 3832795ms] [ERROR] WebSocket connection to 'ws://localhost:5173/' failed: Error in connection establishment: net::ERR_CONNECTION_REFUSED @ http://localhost:5173/@vite/client:1034
[ 3837774ms] [ERROR] WebSocket connection to 'ws://localhost:5173/' failed: Error in connection establishment: net::ERR_CONNECTION_REFUSED @ http://localhost:5173/@vite/client:1034
[ 3845727ms] [ERROR] WebSocket connection to 'ws://localhost:5173/' failed: Error in connection establishment: net::ERR_CONNECTION_REFUSED @ http://localhost:5173/@vite/client:1034
[ 3853162ms] [ERROR] WebSocket connection to 'ws://localhost:5173/' failed: Error in connection establishment: net::ERR_CONNECTION_REFUSED @ http://localhost:5173/@vite/client:1034
[ 3858575ms] [ERROR] WebSocket connection to 'ws://localhost:5173/' failed: Error in connection establishment: net::ERR_CONNECTION_REFUSED @ http://localhost:5173/@vite/client:1034
[ 3865966ms] [ERROR] WebSocket connection to 'ws://localhost:5173/' failed: Error in connection establishment: net::ERR_CONNECTION_REFUSED @ http://localhost:5173/@vite/client:1034
[ 3872806ms] [ERROR] WebSocket connection to 'ws://localhost:5173/' failed: Error in connection establishment: net::ERR_CONNECTION_REFUSED @ http://localhost:5173/@vite/client:1034
[ 3878333ms] [ERROR] WebSocket connection to 'ws://localhost:5173/' failed: Error in connection establishment: net::ERR_CONNECTION_REFUSED @ http://localhost:5173/@vite/client:1034
[ 3883699ms] [ERROR] WebSocket connection to 'ws://localhost:5173/' failed: Error in connection establishment: net::ERR_CONNECTION_REFUSED @ http://localhost:5173/@vite/client:1034
[ 3890341ms] [ERROR] WebSocket connection to 'ws://localhost:5173/' failed: Error in connection establishment: net::ERR_CONNECTION_REFUSED @ http://localhost:5173/@vite/client:1034
[ 3896205ms] [ERROR] WebSocket connection to 'ws://localhost:5173/' failed: Error in connection establishment: net::ERR_CONNECTION_REFUSED @ http://localhost:5173/@vite/client:1034
[ 3901526ms] [ERROR] WebSocket connection to 'ws://localhost:5173/' failed: Error in connection establishment: net::ERR_CONNECTION_REFUSED @ http://localhost:5173/@vite/client:1034
[ 3907946ms] [ERROR] WebSocket connection to 'ws://localhost:5173/' failed: Error in connection establishment: net::ERR_CONNECTION_REFUSED @ http://localhost:5173/@vite/client:1034
[ 3914950ms] [ERROR] WebSocket connection to 'ws://localhost:5173/' failed: Error in connection establishment: net::ERR_CONNECTION_REFUSED @ http://localhost:5173/@vite/client:1034
[ 3923018ms] [ERROR] WebSocket connection to 'ws://localhost:5173/' failed: Error in connection establishment: net::ERR_CONNECTION_REFUSED @ http://localhost:5173/@vite/client:1034
[ 3930385ms] [ERROR] WebSocket connection to 'ws://localhost:5173/' failed: Error in connection establishment: net::ERR_CONNECTION_REFUSED @ http://localhost:5173/@vite/client:1034
[ 3937680ms] [ERROR] WebSocket connection to 'ws://localhost:5173/' failed: Error in connection establishment: net::ERR_CONNECTION_REFUSED @ http://localhost:5173/@vite/client:1034
[ 3944884ms] [ERROR] WebSocket connection to 'ws://localhost:5173/' failed: Error in connection establishment: net::ERR_CONNECTION_REFUSED @ http://localhost:5173/@vite/client:1034
[ 3953040ms] [ERROR] WebSocket connection to 'ws://localhost:5173/' failed: Error in connection establishment: net::ERR_CONNECTION_REFUSED @ http://localhost:5173/@vite/client:1034
[ 3957623ms] [ERROR] WebSocket connection to 'ws://localhost:5173/' failed: Error in connection establishment: net::ERR_CONNECTION_REFUSED @ http://localhost:5173/@vite/client:1034
[ 3965099ms] [ERROR] WebSocket connection to 'ws://localhost:5173/' failed: Error in connection establishment: net::ERR_CONNECTION_REFUSED @ http://localhost:5173/@vite/client:1034
[ 3971291ms] [ERROR] WebSocket connection to 'ws://localhost:5173/' failed: Error in connection establishment: net::ERR_CONNECTION_REFUSED @ http://localhost:5173/@vite/client:1034
[ 3978338ms] [ERROR] WebSocket connection to 'ws://localhost:5173/' failed: Error in connection establishment: net::ERR_CONNECTION_REFUSED @ http://localhost:5173/@vite/client:1034
[ 3983125ms] [ERROR] WebSocket connection to 'ws://localhost:5173/' failed: Error in connection establishment: net::ERR_CONNECTION_REFUSED @ http://localhost:5173/@vite/client:1034
[ 3987885ms] [ERROR] WebSocket connection to 'ws://localhost:5173/' failed: Error in connection establishment: net::ERR_CONNECTION_REFUSED @ http://localhost:5173/@vite/client:1034
[ 3994307ms] [ERROR] WebSocket connection to 'ws://localhost:5173/' failed: Error in connection establishment: net::ERR_CONNECTION_REFUSED @ http://localhost:5173/@vite/client:1034
[ 3999358ms] [ERROR] WebSocket connection to 'ws://localhost:5173/' failed: Error in connection establishment: net::ERR_CONNECTION_REFUSED @ http://localhost:5173/@vite/client:1034
[ 4006121ms] [ERROR] WebSocket connection to 'ws://localhost:5173/' failed: Error in connection establishment: net::ERR_CONNECTION_REFUSED @ http://localhost:5173/@vite/client:1034
[ 4011309ms] [ERROR] WebSocket connection to 'ws://localhost:5173/' failed: Error in connection establishment: net::ERR_CONNECTION_REFUSED @ http://localhost:5173/@vite/client:1034
[ 4018056ms] [ERROR] WebSocket connection to 'ws://localhost:5173/' failed: Error in connection establishment: net::ERR_CONNECTION_REFUSED @ http://localhost:5173/@vite/client:1034
[ 4022618ms] [ERROR] WebSocket connection to 'ws://localhost:5173/' failed: Error in connection establishment: net::ERR_CONNECTION_REFUSED @ http://localhost:5173/@vite/client:1034
[ 4029446ms] [ERROR] WebSocket connection to 'ws://localhost:5173/' failed: Error in connection establishment: net::ERR_CONNECTION_REFUSED @ http://localhost:5173/@vite/client:1034
[ 4036128ms] [ERROR] WebSocket connection to 'ws://localhost:5173/' failed: Error in connection establishment: net::ERR_CONNECTION_REFUSED @ http://localhost:5173/@vite/client:1034
[ 4044037ms] [ERROR] WebSocket connection to 'ws://localhost:5173/' failed: Error in connection establishment: net::ERR_CONNECTION_REFUSED @ http://localhost:5173/@vite/client:1034
[ 4051515ms] [ERROR] WebSocket connection to 'ws://localhost:5173/' failed: Error in connection establishment: net::ERR_CONNECTION_REFUSED @ http://localhost:5173/@vite/client:1034
[ 4056933ms] [ERROR] WebSocket connection to 'ws://localhost:5173/' failed: Error in connection establishment: net::ERR_CONNECTION_REFUSED @ http://localhost:5173/@vite/client:1034
[ 4062080ms] [ERROR] WebSocket connection to 'ws://localhost:5173/' failed: Error in connection establishment: net::ERR_CONNECTION_REFUSED @ http://localhost:5173/@vite/client:1034
[ 4067997ms] [ERROR] WebSocket connection to 'ws://localhost:5173/' failed: Error in connection establishment: net::ERR_CONNECTION_REFUSED @ http://localhost:5173/@vite/client:1034
[ 4073697ms] [ERROR] WebSocket connection to 'ws://localhost:5173/' failed: Error in connection establishment: net::ERR_CONNECTION_REFUSED @ http://localhost:5173/@vite/client:1034
[ 4081680ms] [ERROR] WebSocket connection to 'ws://localhost:5173/' failed: Error in connection establishment: net::ERR_CONNECTION_REFUSED @ http://localhost:5173/@vite/client:1034
[ 4087406ms] [ERROR] WebSocket connection to 'ws://localhost:5173/' failed: Error in connection establishment: net::ERR_CONNECTION_REFUSED @ http://localhost:5173/@vite/client:1034
[ 4092967ms] [ERROR] WebSocket connection to 'ws://localhost:5173/' failed: Error in connection establishment: net::ERR_CONNECTION_REFUSED @ http://localhost:5173/@vite/client:1034
[ 4099608ms] [ERROR] WebSocket connection to 'ws://localhost:5173/' failed: Error in connection establishment: net::ERR_CONNECTION_REFUSED @ http://localhost:5173/@vite/client:1034
[ 4107002ms] [ERROR] WebSocket connection to 'ws://localhost:5173/' failed: Error in connection establishment: net::ERR_CONNECTION_REFUSED @ http://localhost:5173/@vite/client:1034
[ 4114353ms] [ERROR] WebSocket connection to 'ws://localhost:5173/' failed: Error in connection establishment: net::ERR_CONNECTION_REFUSED @ http://localhost:5173/@vite/client:1034
[ 4121634ms] [ERROR] WebSocket connection to 'ws://localhost:5173/' failed: Error in connection establishment: net::ERR_CONNECTION_REFUSED @ http://localhost:5173/@vite/client:1034
[ 4125984ms] [ERROR] WebSocket connection to 'ws://localhost:5173/' failed: Error in connection establishment: net::ERR_CONNECTION_REFUSED @ http://localhost:5173/@vite/client:1034
[ 4131224ms] [ERROR] WebSocket connection to 'ws://localhost:5173/' failed: Error in connection establishment: net::ERR_CONNECTION_REFUSED @ http://localhost:5173/@vite/client:1034
[ 4136018ms] [ERROR] WebSocket connection to 'ws://localhost:5173/' failed: Error in connection establishment: net::ERR_CONNECTION_REFUSED @ http://localhost:5173/@vite/client:1034
[ 4141253ms] [ERROR] WebSocket connection to 'ws://localhost:5173/' failed: Error in connection establishment: net::ERR_CONNECTION_REFUSED @ http://localhost:5173/@vite/client:1034
[ 4148696ms] [ERROR] WebSocket connection to 'ws://localhost:5173/' failed: Error in connection establishment: net::ERR_CONNECTION_REFUSED @ http://localhost:5173/@vite/client:1034
[ 4156424ms] [ERROR] WebSocket connection to 'ws://localhost:5173/' failed: Error in connection establishment: net::ERR_CONNECTION_REFUSED @ http://localhost:5173/@vite/client:1034
[ 4162319ms] [ERROR] WebSocket connection to 'ws://localhost:5173/' failed: Error in connection establishment: net::ERR_CONNECTION_REFUSED @ http://localhost:5173/@vite/client:1034
[ 4166807ms] [ERROR] WebSocket connection to 'ws://localhost:5173/' failed: Error in connection establishment: net::ERR_CONNECTION_REFUSED @ http://localhost:5173/@vite/client:1034
[ 4173120ms] [ERROR] WebSocket connection to 'ws://localhost:5173/' failed: Error in connection establishment: net::ERR_CONNECTION_REFUSED @ http://localhost:5173/@vite/client:1034
[ 4179299ms] [ERROR] WebSocket connection to 'ws://localhost:5173/' failed: Error in connection establishment: net::ERR_CONNECTION_REFUSED @ http://localhost:5173/@vite/client:1034
[ 4185918ms] [ERROR] WebSocket connection to 'ws://localhost:5173/' failed: Error in connection establishment: net::ERR_CONNECTION_REFUSED @ http://localhost:5173/@vite/client:1034
[ 4192175ms] [ERROR] WebSocket connection to 'ws://localhost:5173/' failed: Error in connection establishment: net::ERR_CONNECTION_REFUSED @ http://localhost:5173/@vite/client:1034
[ 4198124ms] [ERROR] WebSocket connection to 'ws://localhost:5173/' failed: Error in connection establishment: net::ERR_CONNECTION_REFUSED @ http://localhost:5173/@vite/client:1034
[ 4202823ms] [ERROR] WebSocket connection to 'ws://localhost:5173/' failed: Error in connection establishment: net::ERR_CONNECTION_REFUSED @ http://localhost:5173/@vite/client:1034
[ 4207986ms] [ERROR] WebSocket connection to 'ws://localhost:5173/' failed: Error in connection establishment: net::ERR_CONNECTION_REFUSED @ http://localhost:5173/@vite/client:1034
[ 4212979ms] [ERROR] WebSocket connection to 'ws://localhost:5173/' failed: Error in connection establishment: net::ERR_CONNECTION_REFUSED @ http://localhost:5173/@vite/client:1034
[ 4220330ms] [ERROR] WebSocket connection to 'ws://localhost:5173/' failed: Error in connection establishment: net::ERR_CONNECTION_REFUSED @ http://localhost:5173/@vite/client:1034
[ 4226741ms] [ERROR] WebSocket connection to 'ws://localhost:5173/' failed: Error in connection establishment: net::ERR_CONNECTION_REFUSED @ http://localhost:5173/@vite/client:1034
[ 4234572ms] [ERROR] WebSocket connection to 'ws://localhost:5173/' failed: Error in connection establishment: net::ERR_CONNECTION_REFUSED @ http://localhost:5173/@vite/client:1034
[ 4239439ms] [ERROR] WebSocket connection to 'ws://localhost:5173/' failed: Error in connection establishment: net::ERR_CONNECTION_REFUSED @ http://localhost:5173/@vite/client:1034
[ 4244359ms] [ERROR] WebSocket connection to 'ws://localhost:5173/' failed: Error in connection establishment: net::ERR_CONNECTION_REFUSED @ http://localhost:5173/@vite/client:1034
[ 4251415ms] [ERROR] WebSocket connection to 'ws://localhost:5173/' failed: Error in connection establishment: net::ERR_CONNECTION_REFUSED @ http://localhost:5173/@vite/client:1034
[ 4256197ms] [ERROR] WebSocket connection to 'ws://localhost:5173/' failed: Error in connection establishment: net::ERR_CONNECTION_REFUSED @ http://localhost:5173/@vite/client:1034
[ 4262362ms] [ERROR] WebSocket connection to 'ws://localhost:5173/' failed: Error in connection establishment: net::ERR_CONNECTION_REFUSED @ http://localhost:5173/@vite/client:1034
[ 4267569ms] [ERROR] WebSocket connection to 'ws://localhost:5173/' failed: Error in connection establishment: net::ERR_CONNECTION_REFUSED @ http://localhost:5173/@vite/client:1034
[ 4274243ms] [ERROR] WebSocket connection to 'ws://localhost:5173/' failed: Error in connection establishment: net::ERR_CONNECTION_REFUSED @ http://localhost:5173/@vite/client:1034
[ 4279529ms] [ERROR] WebSocket connection to 'ws://localhost:5173/' failed: Error in connection establishment: net::ERR_CONNECTION_REFUSED @ http://localhost:5173/@vite/client:1034
[ 4285587ms] [ERROR] WebSocket connection to 'ws://localhost:5173/' failed: Error in connection establishment: net::ERR_CONNECTION_REFUSED @ http://localhost:5173/@vite/client:1034
[ 4289992ms] [ERROR] WebSocket connection to 'ws://localhost:5173/' failed: Error in connection establishment: net::ERR_CONNECTION_REFUSED @ http://localhost:5173/@vite/client:1034
[ 4295259ms] [ERROR] WebSocket connection to 'ws://localhost:5173/' failed: Error in connection establishment: net::ERR_CONNECTION_REFUSED @ http://localhost:5173/@vite/client:1034
[ 4302696ms] [ERROR] WebSocket connection to 'ws://localhost:5173/' failed: Error in connection establishment: net::ERR_CONNECTION_REFUSED @ http://localhost:5173/@vite/client:1034
[ 4309829ms] [ERROR] WebSocket connection to 'ws://localhost:5173/' failed: Error in connection establishment: net::ERR_CONNECTION_REFUSED @ http://localhost:5173/@vite/client:1034
[ 4314493ms] [ERROR] WebSocket connection to 'ws://localhost:5173/' failed: Error in connection establishment: net::ERR_CONNECTION_REFUSED @ http://localhost:5173/@vite/client:1034
[ 4322619ms] [ERROR] WebSocket connection to 'ws://localhost:5173/' failed: Error in connection establishment: net::ERR_CONNECTION_REFUSED @ http://localhost:5173/@vite/client:1034
[ 4329781ms] [ERROR] WebSocket connection to 'ws://localhost:5173/' failed: Error in connection establishment: net::ERR_CONNECTION_REFUSED @ http://localhost:5173/@vite/client:1034
[ 4334932ms] [ERROR] WebSocket connection to 'ws://localhost:5173/' failed: Error in connection establishment: net::ERR_CONNECTION_REFUSED @ http://localhost:5173/@vite/client:1034
[ 4341791ms] [ERROR] WebSocket connection to 'ws://localhost:5173/' failed: Error in connection establishment: net::ERR_CONNECTION_REFUSED @ http://localhost:5173/@vite/client:1034
[ 4346895ms] [ERROR] WebSocket connection to 'ws://localhost:5173/' failed: Error in connection establishment: net::ERR_CONNECTION_REFUSED @ http://localhost:5173/@vite/client:1034
[ 4354910ms] [ERROR] WebSocket connection to 'ws://localhost:5173/' failed: Error in connection establishment: net::ERR_CONNECTION_REFUSED @ http://localhost:5173/@vite/client:1034
[ 4358251ms] [ERROR] WebSocket connection to 'ws://localhost:5173/' failed: Error in connection establishment: net::ERR_CONNECTION_REFUSED @ http://localhost:5173/@vite/client:1034
[ 4361597ms] [ERROR] WebSocket connection to 'ws://localhost:5173/' failed: Error in connection establishment: net::ERR_CONNECTION_REFUSED @ http://localhost:5173/@vite/client:1034
[ 4364950ms] [ERROR] WebSocket connection to 'ws://localhost:5173/' failed: Error in connection establishment: net::ERR_CONNECTION_REFUSED @ http://localhost:5173/@vite/client:1034
[ 4368322ms] [ERROR] WebSocket connection to 'ws://localhost:5173/' failed: Error in connection establishment: net::ERR_CONNECTION_REFUSED @ http://localhost:5173/@vite/client:1034
[ 4371685ms] [ERROR] WebSocket connection to 'ws://localhost:5173/' failed: Error in connection establishment: net::ERR_CONNECTION_REFUSED @ http://localhost:5173/@vite/client:1034
[ 4375036ms] [ERROR] WebSocket connection to 'ws://localhost:5173/' failed: Error in connection establishment: net::ERR_CONNECTION_REFUSED @ http://localhost:5173/@vite/client:1034
[ 4378428ms] [ERROR] WebSocket connection to 'ws://localhost:5173/' failed: Error in connection establishment: net::ERR_CONNECTION_REFUSED @ http://localhost:5173/@vite/client:1034
[ 4381773ms] [ERROR] WebSocket connection to 'ws://localhost:5173/' failed: Error in connection establishment: net::ERR_CONNECTION_REFUSED @ http://localhost:5173/@vite/client:1034
[ 4385134ms] [ERROR] WebSocket connection to 'ws://localhost:5173/' failed: Error in connection establishment: net::ERR_CONNECTION_REFUSED @ http://localhost:5173/@vite/client:1034
[ 4388525ms] [ERROR] WebSocket connection to 'ws://localhost:5173/' failed: Error in connection establishment: net::ERR_CONNECTION_REFUSED @ http://localhost:5173/@vite/client:1034
[ 4391886ms] [ERROR] WebSocket connection to 'ws://localhost:5173/' failed: Error in connection establishment: net::ERR_CONNECTION_REFUSED @ http://localhost:5173/@vite/client:1034
[ 4395403ms] [ERROR] WebSocket connection to 'ws://localhost:5173/' failed: Error in connection establishment: net::ERR_CONNECTION_REFUSED @ http://localhost:5173/@vite/client:1034
[ 4398904ms] [ERROR] WebSocket connection to 'ws://localhost:5173/' failed: Error in connection establishment: net::ERR_CONNECTION_REFUSED @ http://localhost:5173/@vite/client:1034
[ 4402719ms] [ERROR] WebSocket connection to 'ws://localhost:5173/' failed: Error in connection establishment: net::ERR_CONNECTION_REFUSED @ http://localhost:5173/@vite/client:1034
[ 4406653ms] [ERROR] WebSocket connection to 'ws://localhost:5173/' failed: Error in connection establishment: net::ERR_CONNECTION_REFUSED @ http://localhost:5173/@vite/client:1034
[ 4410937ms] [ERROR] WebSocket connection to 'ws://localhost:5173/' failed: Error in connection establishment: net::ERR_CONNECTION_REFUSED @ http://localhost:5173/@vite/client:1034
[ 4415931ms] [ERROR] WebSocket connection to 'ws://localhost:5173/' failed: Error in connection establishment: net::ERR_CONNECTION_REFUSED @ http://localhost:5173/@vite/client:1034
[ 4420870ms] [ERROR] WebSocket connection to 'ws://localhost:5173/' failed: Error in connection establishment: net::ERR_CONNECTION_REFUSED @ http://localhost:5173/@vite/client:1034
[ 4428897ms] [ERROR] WebSocket connection to 'ws://localhost:5173/' failed: Error in connection establishment: net::ERR_CONNECTION_REFUSED @ http://localhost:5173/@vite/client:1034
[ 4434281ms] [ERROR] WebSocket connection to 'ws://localhost:5173/' failed: Error in connection establishment: net::ERR_CONNECTION_REFUSED @ http://localhost:5173/@vite/client:1034
[ 4442654ms] [ERROR] WebSocket connection to 'ws://localhost:5173/' failed: Error in connection establishment: net::ERR_CONNECTION_REFUSED @ http://localhost:5173/@vite/client:1034
[ 4448516ms] [ERROR] WebSocket connection to 'ws://localhost:5173/' failed: Error in connection establishment: net::ERR_CONNECTION_REFUSED @ http://localhost:5173/@vite/client:1034
[ 4455505ms] [ERROR] WebSocket connection to 'ws://localhost:5173/' failed: Error in connection establishment: net::ERR_CONNECTION_REFUSED @ http://localhost:5173/@vite/client:1034
[ 4462886ms] [ERROR] WebSocket connection to 'ws://localhost:5173/' failed: Error in connection establishment: net::ERR_CONNECTION_REFUSED @ http://localhost:5173/@vite/client:1034
[ 4468174ms] [ERROR] WebSocket connection to 'ws://localhost:5173/' failed: Error in connection establishment: net::ERR_CONNECTION_REFUSED @ http://localhost:5173/@vite/client:1034
[ 4475323ms] [ERROR] WebSocket connection to 'ws://localhost:5173/' failed: Error in connection establishment: net::ERR_CONNECTION_REFUSED @ http://localhost:5173/@vite/client:1034
[ 4478684ms] [ERROR] WebSocket connection to 'ws://localhost:5173/' failed: Error in connection establishment: net::ERR_CONNECTION_REFUSED @ http://localhost:5173/@vite/client:1034
[ 4482046ms] [ERROR] WebSocket connection to 'ws://localhost:5173/' failed: Error in connection establishment: net::ERR_CONNECTION_REFUSED @ http://localhost:5173/@vite/client:1034
[ 4485391ms] [ERROR] WebSocket connection to 'ws://localhost:5173/' failed: Error in connection establishment: net::ERR_CONNECTION_REFUSED @ http://localhost:5173/@vite/client:1034
[ 4488728ms] [ERROR] WebSocket connection to 'ws://localhost:5173/' failed: Error in connection establishment: net::ERR_CONNECTION_REFUSED @ http://localhost:5173/@vite/client:1034
[ 4492060ms] [ERROR] WebSocket connection to 'ws://localhost:5173/' failed: Error in connection establishment: net::ERR_CONNECTION_REFUSED @ http://localhost:5173/@vite/client:1034
[ 4495420ms] [ERROR] WebSocket connection to 'ws://localhost:5173/' failed: Error in connection establishment: net::ERR_CONNECTION_REFUSED @ http://localhost:5173/@vite/client:1034
[ 4498802ms] [ERROR] WebSocket connection to 'ws://localhost:5173/' failed: Error in connection establishment: net::ERR_CONNECTION_REFUSED @ http://localhost:5173/@vite/client:1034
[ 4502154ms] [ERROR] WebSocket connection to 'ws://localhost:5173/' failed: Error in connection establishment: net::ERR_CONNECTION_REFUSED @ http://localhost:5173/@vite/client:1034
[ 4505564ms] [ERROR] WebSocket connection to 'ws://localhost:5173/' failed: Error in connection establishment: net::ERR_CONNECTION_REFUSED @ http://localhost:5173/@vite/client:1034
[ 4508984ms] [ERROR] WebSocket connection to 'ws://localhost:5173/' failed: Error in connection establishment: net::ERR_CONNECTION_REFUSED @ http://localhost:5173/@vite/client:1034
[ 4512408ms] [ERROR] WebSocket connection to 'ws://localhost:5173/' failed: Error in connection establishment: net::ERR_CONNECTION_REFUSED @ http://localhost:5173/@vite/client:1034
[ 4515797ms] [ERROR] WebSocket connection to 'ws://localhost:5173/' failed: Error in connection establishment: net::ERR_CONNECTION_REFUSED @ http://localhost:5173/@vite/client:1034
[ 4519297ms] [ERROR] WebSocket connection to 'ws://localhost:5173/' failed: Error in connection establishment: net::ERR_CONNECTION_REFUSED @ http://localhost:5173/@vite/client:1034
[ 4522915ms] [ERROR] WebSocket connection to 'ws://localhost:5173/' failed: Error in connection establishment: net::ERR_CONNECTION_REFUSED @ http://localhost:5173/@vite/client:1034
[ 4527360ms] [ERROR] WebSocket connection to 'ws://localhost:5173/' failed: Error in connection establishment: net::ERR_CONNECTION_REFUSED @ http://localhost:5173/@vite/client:1034
[ 4532684ms] [ERROR] WebSocket connection to 'ws://localhost:5173/' failed: Error in connection establishment: net::ERR_CONNECTION_REFUSED @ http://localhost:5173/@vite/client:1034
[ 4537956ms] [ERROR] WebSocket connection to 'ws://localhost:5173/' failed: Error in connection establishment: net::ERR_CONNECTION_REFUSED @ http://localhost:5173/@vite/client:1034
[ 4546213ms] [ERROR] WebSocket connection to 'ws://localhost:5173/' failed: Error in connection establishment: net::ERR_CONNECTION_REFUSED @ http://localhost:5173/@vite/client:1034
[ 4551424ms] [ERROR] WebSocket connection to 'ws://localhost:5173/' failed: Error in connection establishment: net::ERR_CONNECTION_REFUSED @ http://localhost:5173/@vite/client:1034
[ 4559544ms] [ERROR] WebSocket connection to 'ws://localhost:5173/' failed: Error in connection establishment: net::ERR_CONNECTION_REFUSED @ http://localhost:5173/@vite/client:1034
[ 4565096ms] [ERROR] WebSocket connection to 'ws://localhost:5173/' failed: Error in connection establishment: net::ERR_CONNECTION_REFUSED @ http://localhost:5173/@vite/client:1034
[ 4572826ms] [ERROR] WebSocket connection to 'ws://localhost:5173/' failed: Error in connection establishment: net::ERR_CONNECTION_REFUSED @ http://localhost:5173/@vite/client:1034
[ 4577855ms] [ERROR] WebSocket connection to 'ws://localhost:5173/' failed: Error in connection establishment: net::ERR_CONNECTION_REFUSED @ http://localhost:5173/@vite/client:1034
[ 4584710ms] [ERROR] WebSocket connection to 'ws://localhost:5173/' failed: Error in connection establishment: net::ERR_CONNECTION_REFUSED @ http://localhost:5173/@vite/client:1034
[ 4592294ms] [ERROR] WebSocket connection to 'ws://localhost:5173/' failed: Error in connection establishment: net::ERR_CONNECTION_REFUSED @ http://localhost:5173/@vite/client:1034
[ 4597194ms] [ERROR] WebSocket connection to 'ws://localhost:5173/' failed: Error in connection establishment: net::ERR_CONNECTION_REFUSED @ http://localhost:5173/@vite/client:1034
[ 4604288ms] [ERROR] WebSocket connection to 'ws://localhost:5173/' failed: Error in connection establishment: net::ERR_CONNECTION_REFUSED @ http://localhost:5173/@vite/client:1034
[ 4609647ms] [ERROR] WebSocket connection to 'ws://localhost:5173/' failed: Error in connection establishment: net::ERR_CONNECTION_REFUSED @ http://localhost:5173/@vite/client:1034
[ 4617219ms] [ERROR] WebSocket connection to 'ws://localhost:5173/' failed: Error in connection establishment: net::ERR_CONNECTION_REFUSED @ http://localhost:5173/@vite/client:1034
[ 4621934ms] [ERROR] WebSocket connection to 'ws://localhost:5173/' failed: Error in connection establishment: net::ERR_CONNECTION_REFUSED @ http://localhost:5173/@vite/client:1034
[ 4626876ms] [ERROR] WebSocket connection to 'ws://localhost:5173/' failed: Error in connection establishment: net::ERR_CONNECTION_REFUSED @ http://localhost:5173/@vite/client:1034
[ 4633571ms] [ERROR] WebSocket connection to 'ws://localhost:5173/' failed: Error in connection establishment: net::ERR_CONNECTION_REFUSED @ http://localhost:5173/@vite/client:1034
[ 4639343ms] [ERROR] WebSocket connection to 'ws://localhost:5173/' failed: Error in connection establishment: net::ERR_CONNECTION_REFUSED @ http://localhost:5173/@vite/client:1034
[ 4645333ms] [ERROR] WebSocket connection to 'ws://localhost:5173/' failed: Error in connection establishment: net::ERR_CONNECTION_REFUSED @ http://localhost:5173/@vite/client:1034
[ 4651175ms] [ERROR] WebSocket connection to 'ws://localhost:5173/' failed: Error in connection establishment: net::ERR_CONNECTION_REFUSED @ http://localhost:5173/@vite/client:1034
[ 4655576ms] [ERROR] WebSocket connection to 'ws://localhost:5173/' failed: Error in connection establishment: net::ERR_CONNECTION_REFUSED @ http://localhost:5173/@vite/client:1034
[ 4662701ms] [ERROR] WebSocket connection to 'ws://localhost:5173/' failed: Error in connection establishment: net::ERR_CONNECTION_REFUSED @ http://localhost:5173/@vite/client:1034
[ 4669087ms] [ERROR] WebSocket connection to 'ws://localhost:5173/' failed: Error in connection establishment: net::ERR_CONNECTION_REFUSED @ http://localhost:5173/@vite/client:1034
[ 4677086ms] [ERROR] WebSocket connection to 'ws://localhost:5173/' failed: Error in connection establishment: net::ERR_CONNECTION_REFUSED @ http://localhost:5173/@vite/client:1034
[ 4685338ms] [ERROR] WebSocket connection to 'ws://localhost:5173/' failed: Error in connection establishment: net::ERR_CONNECTION_REFUSED @ http://localhost:5173/@vite/client:1034
[ 4692143ms] [ERROR] WebSocket connection to 'ws://localhost:5173/' failed: Error in connection establishment: net::ERR_CONNECTION_REFUSED @ http://localhost:5173/@vite/client:1034
[ 4696907ms] [ERROR] WebSocket connection to 'ws://localhost:5173/' failed: Error in connection establishment: net::ERR_CONNECTION_REFUSED @ http://localhost:5173/@vite/client:1034
[ 4702817ms] [ERROR] WebSocket connection to 'ws://localhost:5173/' failed: Error in connection establishment: net::ERR_CONNECTION_REFUSED @ http://localhost:5173/@vite/client:1034
[ 4707712ms] [ERROR] WebSocket connection to 'ws://localhost:5173/' failed: Error in connection establishment: net::ERR_CONNECTION_REFUSED @ http://localhost:5173/@vite/client:1034
[ 4713592ms] [ERROR] WebSocket connection to 'ws://localhost:5173/' failed: Error in connection establishment: net::ERR_CONNECTION_REFUSED @ http://localhost:5173/@vite/client:1034
[ 4721428ms] [ERROR] WebSocket connection to 'ws://localhost:5173/' failed: Error in connection establishment: net::ERR_CONNECTION_REFUSED @ http://localhost:5173/@vite/client:1034
[ 4727946ms] [ERROR] WebSocket connection to 'ws://localhost:5173/' failed: Error in connection establishment: net::ERR_CONNECTION_REFUSED @ http://localhost:5173/@vite/client:1034
[ 4733884ms] [ERROR] WebSocket connection to 'ws://localhost:5173/' failed: Error in connection establishment: net::ERR_CONNECTION_REFUSED @ http://localhost:5173/@vite/client:1034
[ 4738525ms] [ERROR] WebSocket connection to 'ws://localhost:5173/' failed: Error in connection establishment: net::ERR_CONNECTION_REFUSED @ http://localhost:5173/@vite/client:1034
[ 4744249ms] [ERROR] WebSocket connection to 'ws://localhost:5173/' failed: Error in connection establishment: net::ERR_CONNECTION_REFUSED @ http://localhost:5173/@vite/client:1034
[ 4751340ms] [ERROR] WebSocket connection to 'ws://localhost:5173/' failed: Error in connection establishment: net::ERR_CONNECTION_REFUSED @ http://localhost:5173/@vite/client:1034
[ 4756284ms] [ERROR] WebSocket connection to 'ws://localhost:5173/' failed: Error in connection establishment: net::ERR_CONNECTION_REFUSED @ http://localhost:5173/@vite/client:1034
[ 4761221ms] [ERROR] WebSocket connection to 'ws://localhost:5173/' failed: Error in connection establishment: net::ERR_CONNECTION_REFUSED @ http://localhost:5173/@vite/client:1034
[ 4767671ms] [ERROR] WebSocket connection to 'ws://localhost:5173/' failed: Error in connection establishment: net::ERR_CONNECTION_REFUSED @ http://localhost:5173/@vite/client:1034
[ 4776008ms] [ERROR] WebSocket connection to 'ws://localhost:5173/' failed: Error in connection establishment: net::ERR_CONNECTION_REFUSED @ http://localhost:5173/@vite/client:1034
[ 4781566ms] [ERROR] WebSocket connection to 'ws://localhost:5173/' failed: Error in connection establishment: net::ERR_CONNECTION_REFUSED @ http://localhost:5173/@vite/client:1034
[ 4788330ms] [ERROR] WebSocket connection to 'ws://localhost:5173/' failed: Error in connection establishment: net::ERR_CONNECTION_REFUSED @ http://localhost:5173/@vite/client:1034
[ 4793661ms] [ERROR] WebSocket connection to 'ws://localhost:5173/' failed: Error in connection establishment: net::ERR_CONNECTION_REFUSED @ http://localhost:5173/@vite/client:1034
[ 4798616ms] [ERROR] WebSocket connection to 'ws://localhost:5173/' failed: Error in connection establishment: net::ERR_CONNECTION_REFUSED @ http://localhost:5173/@vite/client:1034
[ 4806831ms] [ERROR] WebSocket connection to 'ws://localhost:5173/' failed: Error in connection establishment: net::ERR_CONNECTION_REFUSED @ http://localhost:5173/@vite/client:1034
[ 4814619ms] [ERROR] WebSocket connection to 'ws://localhost:5173/' failed: Error in connection establishment: net::ERR_CONNECTION_REFUSED @ http://localhost:5173/@vite/client:1034
[ 4822828ms] [ERROR] WebSocket connection to 'ws://localhost:5173/' failed: Error in connection establishment: net::ERR_CONNECTION_REFUSED @ http://localhost:5173/@vite/client:1034
[ 4828069ms] [ERROR] WebSocket connection to 'ws://localhost:5173/' failed: Error in connection establishment: net::ERR_CONNECTION_REFUSED @ http://localhost:5173/@vite/client:1034
[ 4835013ms] [ERROR] WebSocket connection to 'ws://localhost:5173/' failed: Error in connection establishment: net::ERR_CONNECTION_REFUSED @ http://localhost:5173/@vite/client:1034
[ 4843141ms] [ERROR] WebSocket connection to 'ws://localhost:5173/' failed: Error in connection establishment: net::ERR_CONNECTION_REFUSED @ http://localhost:5173/@vite/client:1034
[ 4849915ms] [ERROR] WebSocket connection to 'ws://localhost:5173/' failed: Error in connection establishment: net::ERR_CONNECTION_REFUSED @ http://localhost:5173/@vite/client:1034
[ 4854381ms] [ERROR] WebSocket connection to 'ws://localhost:5173/' failed: Error in connection establishment: net::ERR_CONNECTION_REFUSED @ http://localhost:5173/@vite/client:1034
[ 4858960ms] [ERROR] WebSocket connection to 'ws://localhost:5173/' failed: Error in connection establishment: net::ERR_CONNECTION_REFUSED @ http://localhost:5173/@vite/client:1034
[ 4866159ms] [ERROR] WebSocket connection to 'ws://localhost:5173/' failed: Error in connection establishment: net::ERR_CONNECTION_REFUSED @ http://localhost:5173/@vite/client:1034
[ 4872436ms] [ERROR] WebSocket connection to 'ws://localhost:5173/' failed: Error in connection establishment: net::ERR_CONNECTION_REFUSED @ http://localhost:5173/@vite/client:1034
[ 4877122ms] [ERROR] WebSocket connection to 'ws://localhost:5173/' failed: Error in connection establishment: net::ERR_CONNECTION_REFUSED @ http://localhost:5173/@vite/client:1034
[ 4881651ms] [ERROR] WebSocket connection to 'ws://localhost:5173/' failed: Error in connection establishment: net::ERR_CONNECTION_REFUSED @ http://localhost:5173/@vite/client:1034
[ 4887867ms] [ERROR] WebSocket connection to 'ws://localhost:5173/' failed: Error in connection establishment: net::ERR_CONNECTION_REFUSED @ http://localhost:5173/@vite/client:1034
[ 4893116ms] [ERROR] WebSocket connection to 'ws://localhost:5173/' failed: Error in connection establishment: net::ERR_CONNECTION_REFUSED @ http://localhost:5173/@vite/client:1034
[ 4897819ms] [ERROR] WebSocket connection to 'ws://localhost:5173/' failed: Error in connection establishment: net::ERR_CONNECTION_REFUSED @ http://localhost:5173/@vite/client:1034
[ 4905364ms] [ERROR] WebSocket connection to 'ws://localhost:5173/' failed: Error in connection establishment: net::ERR_CONNECTION_REFUSED @ http://localhost:5173/@vite/client:1034
[ 4910958ms] [ERROR] WebSocket connection to 'ws://localhost:5173/' failed: Error in connection establishment: net::ERR_CONNECTION_REFUSED @ http://localhost:5173/@vite/client:1034
[ 4916220ms] [ERROR] WebSocket connection to 'ws://localhost:5173/' failed: Error in connection establishment: net::ERR_CONNECTION_REFUSED @ http://localhost:5173/@vite/client:1034
[ 4921988ms] [ERROR] WebSocket connection to 'ws://localhost:5173/' failed: Error in connection establishment: net::ERR_CONNECTION_REFUSED @ http://localhost:5173/@vite/client:1034
[ 4927896ms] [ERROR] WebSocket connection to 'ws://localhost:5173/' failed: Error in connection establishment: net::ERR_CONNECTION_REFUSED @ http://localhost:5173/@vite/client:1034
[ 4933350ms] [ERROR] WebSocket connection to 'ws://localhost:5173/' failed: Error in connection establishment: net::ERR_CONNECTION_REFUSED @ http://localhost:5173/@vite/client:1034
[ 4940455ms] [ERROR] WebSocket connection to 'ws://localhost:5173/' failed: Error in connection establishment: net::ERR_CONNECTION_REFUSED @ http://localhost:5173/@vite/client:1034
[ 4946003ms] [ERROR] WebSocket connection to 'ws://localhost:5173/' failed: Error in connection establishment: net::ERR_CONNECTION_REFUSED @ http://localhost:5173/@vite/client:1034
[ 4951015ms] [ERROR] WebSocket connection to 'ws://localhost:5173/' failed: Error in connection establishment: net::ERR_CONNECTION_REFUSED @ http://localhost:5173/@vite/client:1034
[ 4956642ms] [ERROR] WebSocket connection to 'ws://localhost:5173/' failed: Error in connection establishment: net::ERR_CONNECTION_REFUSED @ http://localhost:5173/@vite/client:1034
[ 4962575ms] [ERROR] WebSocket connection to 'ws://localhost:5173/' failed: Error in connection establishment: net::ERR_CONNECTION_REFUSED @ http://localhost:5173/@vite/client:1034
[ 4969158ms] [ERROR] WebSocket connection to 'ws://localhost:5173/' failed: Error in connection establishment: net::ERR_CONNECTION_REFUSED @ http://localhost:5173/@vite/client:1034
[ 4976514ms] [ERROR] WebSocket connection to 'ws://localhost:5173/' failed: Error in connection establishment: net::ERR_CONNECTION_REFUSED @ http://localhost:5173/@vite/client:1034
[ 4982088ms] [ERROR] WebSocket connection to 'ws://localhost:5173/' failed: Error in connection establishment: net::ERR_CONNECTION_REFUSED @ http://localhost:5173/@vite/client:1034
[ 4988182ms] [ERROR] WebSocket connection to 'ws://localhost:5173/' failed: Error in connection establishment: net::ERR_CONNECTION_REFUSED @ http://localhost:5173/@vite/client:1034
[ 4994806ms] [ERROR] WebSocket connection to 'ws://localhost:5173/' failed: Error in connection establishment: net::ERR_CONNECTION_REFUSED @ http://localhost:5173/@vite/client:1034
[ 5002524ms] [ERROR] WebSocket connection to 'ws://localhost:5173/' failed: Error in connection establishment: net::ERR_CONNECTION_REFUSED @ http://localhost:5173/@vite/client:1034
[ 5009091ms] [ERROR] WebSocket connection to 'ws://localhost:5173/' failed: Error in connection establishment: net::ERR_CONNECTION_REFUSED @ http://localhost:5173/@vite/client:1034
[ 5016509ms] [ERROR] WebSocket connection to 'ws://localhost:5173/' failed: Error in connection establishment: net::ERR_CONNECTION_REFUSED @ http://localhost:5173/@vite/client:1034
[ 5023080ms] [ERROR] WebSocket connection to 'ws://localhost:5173/' failed: Error in connection establishment: net::ERR_CONNECTION_REFUSED @ http://localhost:5173/@vite/client:1034
[ 5031163ms] [ERROR] WebSocket connection to 'ws://localhost:5173/' failed: Error in connection establishment: net::ERR_CONNECTION_REFUSED @ http://localhost:5173/@vite/client:1034
[ 5037154ms] [ERROR] WebSocket connection to 'ws://localhost:5173/' failed: Error in connection establishment: net::ERR_CONNECTION_REFUSED @ http://localhost:5173/@vite/client:1034
[ 5041629ms] [ERROR] WebSocket connection to 'ws://localhost:5173/' failed: Error in connection establishment: net::ERR_CONNECTION_REFUSED @ http://localhost:5173/@vite/client:1034
[ 5049891ms] [ERROR] WebSocket connection to 'ws://localhost:5173/' failed: Error in connection establishment: net::ERR_CONNECTION_REFUSED @ http://localhost:5173/@vite/client:1034
[ 5054915ms] [ERROR] WebSocket connection to 'ws://localhost:5173/' failed: Error in connection establishment: net::ERR_CONNECTION_REFUSED @ http://localhost:5173/@vite/client:1034
[ 5059971ms] [ERROR] WebSocket connection to 'ws://localhost:5173/' failed: Error in connection establishment: net::ERR_CONNECTION_REFUSED @ http://localhost:5173/@vite/client:1034
[ 5066480ms] [ERROR] WebSocket connection to 'ws://localhost:5173/' failed: Error in connection establishment: net::ERR_CONNECTION_REFUSED @ http://localhost:5173/@vite/client:1034
[ 5071266ms] [ERROR] WebSocket connection to 'ws://localhost:5173/' failed: Error in connection establishment: net::ERR_CONNECTION_REFUSED @ http://localhost:5173/@vite/client:1034
[ 5075643ms] [ERROR] WebSocket connection to 'ws://localhost:5173/' failed: Error in connection establishment: net::ERR_CONNECTION_REFUSED @ http://localhost:5173/@vite/client:1034
[ 5079011ms] [ERROR] WebSocket connection to 'ws://localhost:5173/' failed: Error in connection establishment: net::ERR_CONNECTION_REFUSED @ http://localhost:5173/@vite/client:1034
[ 5082368ms] [ERROR] WebSocket connection to 'ws://localhost:5173/' failed: Error in connection establishment: net::ERR_CONNECTION_REFUSED @ http://localhost:5173/@vite/client:1034
[ 5085715ms] [ERROR] WebSocket connection to 'ws://localhost:5173/' failed: Error in connection establishment: net::ERR_CONNECTION_REFUSED @ http://localhost:5173/@vite/client:1034
[ 5089088ms] [ERROR] WebSocket connection to 'ws://localhost:5173/' failed: Error in connection establishment: net::ERR_CONNECTION_REFUSED @ http://localhost:5173/@vite/client:1034
[ 5092462ms] [ERROR] WebSocket connection to 'ws://localhost:5173/' failed: Error in connection establishment: net::ERR_CONNECTION_REFUSED @ http://localhost:5173/@vite/client:1034
[ 5095838ms] [ERROR] WebSocket connection to 'ws://localhost:5173/' failed: Error in connection establishment: net::ERR_CONNECTION_REFUSED @ http://localhost:5173/@vite/client:1034
[ 5099195ms] [ERROR] WebSocket connection to 'ws://localhost:5173/' failed: Error in connection establishment: net::ERR_CONNECTION_REFUSED @ http://localhost:5173/@vite/client:1034
[ 5102573ms] [ERROR] WebSocket connection to 'ws://localhost:5173/' failed: Error in connection establishment: net::ERR_CONNECTION_REFUSED @ http://localhost:5173/@vite/client:1034
[ 5105978ms] [ERROR] WebSocket connection to 'ws://localhost:5173/' failed: Error in connection establishment: net::ERR_CONNECTION_REFUSED @ http://localhost:5173/@vite/client:1034
[ 5109381ms] [ERROR] WebSocket connection to 'ws://localhost:5173/' failed: Error in connection establishment: net::ERR_CONNECTION_REFUSED @ http://localhost:5173/@vite/client:1034
[ 5112812ms] [ERROR] WebSocket connection to 'ws://localhost:5173/' failed: Error in connection establishment: net::ERR_CONNECTION_REFUSED @ http://localhost:5173/@vite/client:1034
[ 5116272ms] [ERROR] WebSocket connection to 'ws://localhost:5173/' failed: Error in connection establishment: net::ERR_CONNECTION_REFUSED @ http://localhost:5173/@vite/client:1034
[ 5119912ms] [ERROR] WebSocket connection to 'ws://localhost:5173/' failed: Error in connection establishment: net::ERR_CONNECTION_REFUSED @ http://localhost:5173/@vite/client:1034
[ 5123699ms] [ERROR] WebSocket connection to 'ws://localhost:5173/' failed: Error in connection establishment: net::ERR_CONNECTION_REFUSED @ http://localhost:5173/@vite/client:1034
[ 5127680ms] [ERROR] WebSocket connection to 'ws://localhost:5173/' failed: Error in connection establishment: net::ERR_CONNECTION_REFUSED @ http://localhost:5173/@vite/client:1034
[ 5132586ms] [ERROR] WebSocket connection to 'ws://localhost:5173/' failed: Error in connection establishment: net::ERR_CONNECTION_REFUSED @ http://localhost:5173/@vite/client:1034
[ 5139634ms] [ERROR] WebSocket connection to 'ws://localhost:5173/' failed: Error in connection establishment: net::ERR_CONNECTION_REFUSED @ http://localhost:5173/@vite/client:1034
[ 5146197ms] [ERROR] WebSocket connection to 'ws://localhost:5173/' failed: Error in connection establishment: net::ERR_CONNECTION_REFUSED @ http://localhost:5173/@vite/client:1034
[ 5153405ms] [ERROR] WebSocket connection to 'ws://localhost:5173/' failed: Error in connection establishment: net::ERR_CONNECTION_REFUSED @ http://localhost:5173/@vite/client:1034
[ 5158384ms] [ERROR] WebSocket connection to 'ws://localhost:5173/' failed: Error in connection establishment: net::ERR_CONNECTION_REFUSED @ http://localhost:5173/@vite/client:1034
[ 5163177ms] [ERROR] WebSocket connection to 'ws://localhost:5173/' failed: Error in connection establishment: net::ERR_CONNECTION_REFUSED @ http://localhost:5173/@vite/client:1034
[ 5169304ms] [ERROR] WebSocket connection to 'ws://localhost:5173/' failed: Error in connection establishment: net::ERR_CONNECTION_REFUSED @ http://localhost:5173/@vite/client:1034
[ 5176553ms] [INFO] %cDownload the React DevTools for a better development experience: https://reactjs.org/link/react-devtools font-weight:bold @ http://localhost:5173/node_modules/.vite/deps/chunk-NXESFFTV.js?v=98a32b23:21608
[ 5176615ms] [WARNING] ⚠️ React Router Future Flag Warning: React Router will begin wrapping state updates in `React.startTransition` in v7. You can use the `v7_startTransition` future flag to opt-in early. For more information, see https://reactrouter.com/v6/upgrading/future#v7_starttransition. @ http://localhost:5173/node_modules/.vite/deps/react-router-dom.js?v=98a32b23:4416
[ 5176617ms] [WARNING] ⚠️ React Router Future Flag Warning: Relative route resolution within Splat routes is changing in v7. You can use the `v7_relativeSplatPath` future flag to opt-in early. For more information, see https://reactrouter.com/v6/upgrading/future#v7_relativesplatpath. @ http://localhost:5173/node_modules/.vite/deps/react-router-dom.js?v=98a32b23:4416
[ 5176697ms] [VERBOSE] [DOM] Input elements should have autocomplete attributes (suggested: "current-password"): (More info: https://goo.gl/9p2vKq) %o @ http://localhost:5173/login:0
[ 8179890ms] [LOG] [vite] server connection lost. Polling for restart... @ http://localhost:5173/@vite/client:963
[ 8182234ms] [ERROR] WebSocket connection to 'ws://localhost:5173/' failed: Error in connection establishment: net::ERR_CONNECTION_REFUSED @ http://localhost:5173/@vite/client:1034
[ 8185602ms] [ERROR] WebSocket connection to 'ws://localhost:5173/' failed: Error in connection establishment: net::ERR_CONNECTION_REFUSED @ http://localhost:5173/@vite/client:1034
[ 8188972ms] [ERROR] WebSocket connection to 'ws://localhost:5173/' failed: Error in connection establishment: net::ERR_CONNECTION_REFUSED @ http://localhost:5173/@vite/client:1034
[ 8192307ms] [ERROR] WebSocket connection to 'ws://localhost:5173/' failed: Error in connection establishment: net::ERR_CONNECTION_REFUSED @ http://localhost:5173/@vite/client:1034
[ 8195674ms] [ERROR] WebSocket connection to 'ws://localhost:5173/' failed: Error in connection establishment: net::ERR_CONNECTION_REFUSED @ http://localhost:5173/@vite/client:1034
[ 8199041ms] [ERROR] WebSocket connection to 'ws://localhost:5173/' failed: Error in connection establishment: net::ERR_CONNECTION_REFUSED @ http://localhost:5173/@vite/client:1034
[ 8202385ms] [ERROR] WebSocket connection to 'ws://localhost:5173/' failed: Error in connection establishment: net::ERR_CONNECTION_REFUSED @ http://localhost:5173/@vite/client:1034
[ 8205758ms] [ERROR] WebSocket connection to 'ws://localhost:5173/' failed: Error in connection establishment: net::ERR_CONNECTION_REFUSED @ http://localhost:5173/@vite/client:1034
[ 8209175ms] [ERROR] WebSocket connection to 'ws://localhost:5173/' failed: Error in connection establishment: net::ERR_CONNECTION_REFUSED @ http://localhost:5173/@vite/client:1034
[ 8212575ms] [ERROR] WebSocket connection to 'ws://localhost:5173/' failed: Error in connection establishment: net::ERR_CONNECTION_REFUSED @ http://localhost:5173/@vite/client:1034
[ 8215992ms] [ERROR] WebSocket connection to 'ws://localhost:5173/' failed: Error in connection establishment: net::ERR_CONNECTION_REFUSED @ http://localhost:5173/@vite/client:1034
[ 8219510ms] [ERROR] WebSocket connection to 'ws://localhost:5173/' failed: Error in connection establishment: net::ERR_CONNECTION_REFUSED @ http://localhost:5173/@vite/client:1034
[ 8223077ms] [ERROR] WebSocket connection to 'ws://localhost:5173/' failed: Error in connection establishment: net::ERR_CONNECTION_REFUSED @ http://localhost:5173/@vite/client:1034
[ 8226842ms] [ERROR] WebSocket connection to 'ws://localhost:5173/' failed: Error in connection establishment: net::ERR_CONNECTION_REFUSED @ http://localhost:5173/@vite/client:1034
[ 8230794ms] [ERROR] WebSocket connection to 'ws://localhost:5173/' failed: Error in connection establishment: net::ERR_CONNECTION_REFUSED @ http://localhost:5173/@vite/client:1034
[ 8235079ms] [ERROR] WebSocket connection to 'ws://localhost:5173/' failed: Error in connection establishment: net::ERR_CONNECTION_REFUSED @ http://localhost:5173/@vite/client:1034
[ 8242793ms] [ERROR] WebSocket connection to 'ws://localhost:5173/' failed: Error in connection establishment: net::ERR_CONNECTION_REFUSED @ http://localhost:5173/@vite/client:1034
[ 8250429ms] [ERROR] WebSocket connection to 'ws://localhost:5173/' failed: Error in connection establishment: net::ERR_CONNECTION_REFUSED @ http://localhost:5173/@vite/client:1034
[ 8257878ms] [ERROR] WebSocket connection to 'ws://localhost:5173/' failed: Error in connection establishment: net::ERR_CONNECTION_REFUSED @ http://localhost:5173/@vite/client:1034
[ 8266195ms] [ERROR] WebSocket connection to 'ws://localhost:5173/' failed: Error in connection establishment: net::ERR_CONNECTION_REFUSED @ http://localhost:5173/@vite/client:1034
[ 8273574ms] [ERROR] WebSocket connection to 'ws://localhost:5173/' failed: Error in connection establishment: net::ERR_CONNECTION_REFUSED @ http://localhost:5173/@vite/client:1034
[ 8281284ms] [ERROR] WebSocket connection to 'ws://localhost:5173/' failed: Error in connection establishment: net::ERR_CONNECTION_REFUSED @ http://localhost:5173/@vite/client:1034
[ 8287945ms] [ERROR] WebSocket connection to 'ws://localhost:5173/' failed: Error in connection establishment: net::ERR_CONNECTION_REFUSED @ http://localhost:5173/@vite/client:1034
[ 8292515ms] [ERROR] WebSocket connection to 'ws://localhost:5173/' failed: Error in connection establishment: net::ERR_CONNECTION_REFUSED @ http://localhost:5173/@vite/client:1034
[ 8297914ms] [ERROR] WebSocket connection to 'ws://localhost:5173/' failed: Error in connection establishment: net::ERR_CONNECTION_REFUSED @ http://localhost:5173/@vite/client:1034
[ 8302809ms] [ERROR] WebSocket connection to 'ws://localhost:5173/' failed: Error in connection establishment: net::ERR_CONNECTION_REFUSED @ http://localhost:5173/@vite/client:1034
[ 8307715ms] [ERROR] WebSocket connection to 'ws://localhost:5173/' failed: Error in connection establishment: net::ERR_CONNECTION_REFUSED @ http://localhost:5173/@vite/client:1034
[ 8314452ms] [ERROR] WebSocket connection to 'ws://localhost:5173/' failed: Error in connection establishment: net::ERR_CONNECTION_REFUSED @ http://localhost:5173/@vite/client:1034
[ 8319280ms] [ERROR] WebSocket connection to 'ws://localhost:5173/' failed: Error in connection establishment: net::ERR_CONNECTION_REFUSED @ http://localhost:5173/@vite/client:1034
[ 8327602ms] [ERROR] WebSocket connection to 'ws://localhost:5173/' failed: Error in connection establishment: net::ERR_CONNECTION_REFUSED @ http://localhost:5173/@vite/client:1034
[ 8334730ms] [ERROR] WebSocket connection to 'ws://localhost:5173/' failed: Error in connection establishment: net::ERR_CONNECTION_REFUSED @ http://localhost:5173/@vite/client:1034
[ 8341766ms] [ERROR] WebSocket connection to 'ws://localhost:5173/' failed: Error in connection establishment: net::ERR_CONNECTION_REFUSED @ http://localhost:5173/@vite/client:1034
[ 8349180ms] [ERROR] WebSocket connection to 'ws://localhost:5173/' failed: Error in connection establishment: net::ERR_CONNECTION_REFUSED @ http://localhost:5173/@vite/client:1034
[ 8355363ms] [ERROR] WebSocket connection to 'ws://localhost:5173/' failed: Error in connection establishment: net::ERR_CONNECTION_REFUSED @ http://localhost:5173/@vite/client:1034
[ 8361925ms] [ERROR] WebSocket connection to 'ws://localhost:5173/' failed: Error in connection establishment: net::ERR_CONNECTION_REFUSED @ http://localhost:5173/@vite/client:1034
[ 8368666ms] [ERROR] WebSocket connection to 'ws://localhost:5173/' failed: Error in connection establishment: net::ERR_CONNECTION_REFUSED @ http://localhost:5173/@vite/client:1034
[ 8373228ms] [ERROR] WebSocket connection to 'ws://localhost:5173/' failed: Error in connection establishment: net::ERR_CONNECTION_REFUSED @ http://localhost:5173/@vite/client:1034
[ 8381275ms] [ERROR] WebSocket connection to 'ws://localhost:5173/' failed: Error in connection establishment: net::ERR_CONNECTION_REFUSED @ http://localhost:5173/@vite/client:1034
[ 8388118ms] [ERROR] WebSocket connection to 'ws://localhost:5173/' failed: Error in connection establishment: net::ERR_CONNECTION_REFUSED @ http://localhost:5173/@vite/client:1034
[ 8396096ms] [ERROR] WebSocket connection to 'ws://localhost:5173/' failed: Error in connection establishment: net::ERR_CONNECTION_REFUSED @ http://localhost:5173/@vite/client:1034
[ 8401228ms] [ERROR] WebSocket connection to 'ws://localhost:5173/' failed: Error in connection establishment: net::ERR_CONNECTION_REFUSED @ http://localhost:5173/@vite/client:1034
[ 8409407ms] [ERROR] WebSocket connection to 'ws://localhost:5173/' failed: Error in connection establishment: net::ERR_CONNECTION_REFUSED @ http://localhost:5173/@vite/client:1034
[ 8417125ms] [ERROR] WebSocket connection to 'ws://localhost:5173/' failed: Error in connection establishment: net::ERR_CONNECTION_REFUSED @ http://localhost:5173/@vite/client:1034
[ 8424764ms] [ERROR] WebSocket connection to 'ws://localhost:5173/' failed: Error in connection establishment: net::ERR_CONNECTION_REFUSED @ http://localhost:5173/@vite/client:1034
[ 8429291ms] [ERROR] WebSocket connection to 'ws://localhost:5173/' failed: Error in connection establishment: net::ERR_CONNECTION_REFUSED @ http://localhost:5173/@vite/client:1034
[ 8437165ms] [ERROR] WebSocket connection to 'ws://localhost:5173/' failed: Error in connection establishment: net::ERR_CONNECTION_REFUSED @ http://localhost:5173/@vite/client:1034
[ 8445200ms] [ERROR] WebSocket connection to 'ws://localhost:5173/' failed: Error in connection establishment: net::ERR_CONNECTION_REFUSED @ http://localhost:5173/@vite/client:1034
[ 8451243ms] [ERROR] WebSocket connection to 'ws://localhost:5173/' failed: Error in connection establishment: net::ERR_CONNECTION_REFUSED @ http://localhost:5173/@vite/client:1034
[ 8457706ms] [ERROR] WebSocket connection to 'ws://localhost:5173/' failed: Error in connection establishment: net::ERR_CONNECTION_REFUSED @ http://localhost:5173/@vite/client:1034
[ 8464838ms] [ERROR] WebSocket connection to 'ws://localhost:5173/' failed: Error in connection establishment: net::ERR_CONNECTION_REFUSED @ http://localhost:5173/@vite/client:1034
[ 8471932ms] [ERROR] WebSocket connection to 'ws://localhost:5173/' failed: Error in connection establishment: net::ERR_CONNECTION_REFUSED @ http://localhost:5173/@vite/client:1034
[ 8479774ms] [ERROR] WebSocket connection to 'ws://localhost:5173/' failed: Error in connection establishment: net::ERR_CONNECTION_REFUSED @ http://localhost:5173/@vite/client:1034
[ 8484757ms] [ERROR] WebSocket connection to 'ws://localhost:5173/' failed: Error in connection establishment: net::ERR_CONNECTION_REFUSED @ http://localhost:5173/@vite/client:1034
[ 8489634ms] [ERROR] WebSocket connection to 'ws://localhost:5173/' failed: Error in connection establishment: net::ERR_CONNECTION_REFUSED @ http://localhost:5173/@vite/client:1034
[ 8494494ms] [ERROR] WebSocket connection to 'ws://localhost:5173/' failed: Error in connection establishment: net::ERR_CONNECTION_REFUSED @ http://localhost:5173/@vite/client:1034
[ 8500290ms] [ERROR] WebSocket connection to 'ws://localhost:5173/' failed: Error in connection establishment: net::ERR_CONNECTION_REFUSED @ http://localhost:5173/@vite/client:1034
[ 8506431ms] [ERROR] WebSocket connection to 'ws://localhost:5173/' failed: Error in connection establishment: net::ERR_CONNECTION_REFUSED @ http://localhost:5173/@vite/client:1034
[ 8512627ms] [ERROR] WebSocket connection to 'ws://localhost:5173/' failed: Error in connection establishment: net::ERR_CONNECTION_REFUSED @ http://localhost:5173/@vite/client:1034
[ 8517994ms] [ERROR] WebSocket connection to 'ws://localhost:5173/' failed: Error in connection establishment: net::ERR_CONNECTION_REFUSED @ http://localhost:5173/@vite/client:1034
[ 8523712ms] [ERROR] WebSocket connection to 'ws://localhost:5173/' failed: Error in connection establishment: net::ERR_CONNECTION_REFUSED @ http://localhost:5173/@vite/client:1034
[ 8530001ms] [ERROR] WebSocket connection to 'ws://localhost:5173/' failed: Error in connection establishment: net::ERR_CONNECTION_REFUSED @ http://localhost:5173/@vite/client:1034
[ 8535926ms] [ERROR] WebSocket connection to 'ws://localhost:5173/' failed: Error in connection establishment: net::ERR_CONNECTION_REFUSED @ http://localhost:5173/@vite/client:1034
[ 8544056ms] [ERROR] WebSocket connection to 'ws://localhost:5173/' failed: Error in connection establishment: net::ERR_CONNECTION_REFUSED @ http://localhost:5173/@vite/client:1034
[ 8552157ms] [ERROR] WebSocket connection to 'ws://localhost:5173/' failed: Error in connection establishment: net::ERR_CONNECTION_REFUSED @ http://localhost:5173/@vite/client:1034
[ 8558827ms] [ERROR] WebSocket connection to 'ws://localhost:5173/' failed: Error in connection establishment: net::ERR_CONNECTION_REFUSED @ http://localhost:5173/@vite/client:1034
[ 8566462ms] [ERROR] WebSocket connection to 'ws://localhost:5173/' failed: Error in connection establishment: net::ERR_CONNECTION_REFUSED @ http://localhost:5173/@vite/client:1034
[ 8571555ms] [ERROR] WebSocket connection to 'ws://localhost:5173/' failed: Error in connection establishment: net::ERR_CONNECTION_REFUSED @ http://localhost:5173/@vite/client:1034
[ 8576071ms] [ERROR] WebSocket connection to 'ws://localhost:5173/' failed: Error in connection establishment: net::ERR_CONNECTION_REFUSED @ http://localhost:5173/@vite/client:1034
[ 8580587ms] [ERROR] WebSocket connection to 'ws://localhost:5173/' failed: Error in connection establishment: net::ERR_CONNECTION_REFUSED @ http://localhost:5173/@vite/client:1034
[ 8585447ms] [ERROR] WebSocket connection to 'ws://localhost:5173/' failed: Error in connection establishment: net::ERR_CONNECTION_REFUSED @ http://localhost:5173/@vite/client:1034
[ 8591087ms] [ERROR] WebSocket connection to 'ws://localhost:5173/' failed: Error in connection establishment: net::ERR_CONNECTION_REFUSED @ http://localhost:5173/@vite/client:1034
[ 8595765ms] [ERROR] WebSocket connection to 'ws://localhost:5173/' failed: Error in connection establishment: net::ERR_CONNECTION_REFUSED @ http://localhost:5173/@vite/client:1034
[ 8601394ms] [ERROR] WebSocket connection to 'ws://localhost:5173/' failed: Error in connection establishment: net::ERR_CONNECTION_REFUSED @ http://localhost:5173/@vite/client:1034
[ 8606228ms] [ERROR] WebSocket connection to 'ws://localhost:5173/' failed: Error in connection establishment: net::ERR_CONNECTION_REFUSED @ http://localhost:5173/@vite/client:1034
[ 8614540ms] [ERROR] WebSocket connection to 'ws://localhost:5173/' failed: Error in connection establishment: net::ERR_CONNECTION_REFUSED @ http://localhost:5173/@vite/client:1034
[ 8620806ms] [ERROR] WebSocket connection to 'ws://localhost:5173/' failed: Error in connection establishment: net::ERR_CONNECTION_REFUSED @ http://localhost:5173/@vite/client:1034
[ 8627681ms] [ERROR] WebSocket connection to 'ws://localhost:5173/' failed: Error in connection establishment: net::ERR_CONNECTION_REFUSED @ http://localhost:5173/@vite/client:1034
[ 8634711ms] [ERROR] WebSocket connection to 'ws://localhost:5173/' failed: Error in connection establishment: net::ERR_CONNECTION_REFUSED @ http://localhost:5173/@vite/client:1034
[ 8639305ms] [ERROR] WebSocket connection to 'ws://localhost:5173/' failed: Error in connection establishment: net::ERR_CONNECTION_REFUSED @ http://localhost:5173/@vite/client:1034
[ 8647025ms] [ERROR] WebSocket connection to 'ws://localhost:5173/' failed: Error in connection establishment: net::ERR_CONNECTION_REFUSED @ http://localhost:5173/@vite/client:1034
[ 8652881ms] [ERROR] WebSocket connection to 'ws://localhost:5173/' failed: Error in connection establishment: net::ERR_CONNECTION_REFUSED @ http://localhost:5173/@vite/client:1034
[ 8659791ms] [ERROR] WebSocket connection to 'ws://localhost:5173/' failed: Error in connection establishment: net::ERR_CONNECTION_REFUSED @ http://localhost:5173/@vite/client:1034
[ 8663153ms] [ERROR] WebSocket connection to 'ws://localhost:5173/' failed: Error in connection establishment: net::ERR_CONNECTION_REFUSED @ http://localhost:5173/@vite/client:1034
[ 8666537ms] [ERROR] WebSocket connection to 'ws://localhost:5173/' failed: Error in connection establishment: net::ERR_CONNECTION_REFUSED @ http://localhost:5173/@vite/client:1034
[ 8669894ms] [ERROR] WebSocket connection to 'ws://localhost:5173/' failed: Error in connection establishment: net::ERR_CONNECTION_REFUSED @ http://localhost:5173/@vite/client:1034
[ 8673239ms] [ERROR] WebSocket connection to 'ws://localhost:5173/' failed: Error in connection establishment: net::ERR_CONNECTION_REFUSED @ http://localhost:5173/@vite/client:1034
[ 8676604ms] [ERROR] WebSocket connection to 'ws://localhost:5173/' failed: Error in connection establishment: net::ERR_CONNECTION_REFUSED @ http://localhost:5173/@vite/client:1034
[ 8679970ms] [ERROR] WebSocket connection to 'ws://localhost:5173/' failed: Error in connection establishment: net::ERR_CONNECTION_REFUSED @ http://localhost:5173/@vite/client:1034
[ 8683338ms] [ERROR] WebSocket connection to 'ws://localhost:5173/' failed: Error in connection establishment: net::ERR_CONNECTION_REFUSED @ http://localhost:5173/@vite/client:1034
[ 8686689ms] [ERROR] WebSocket connection to 'ws://localhost:5173/' failed: Error in connection establishment: net::ERR_CONNECTION_REFUSED @ http://localhost:5173/@vite/client:1034
[ 8690049ms] [ERROR] WebSocket connection to 'ws://localhost:5173/' failed: Error in connection establishment: net::ERR_CONNECTION_REFUSED @ http://localhost:5173/@vite/client:1034
[ 8693453ms] [ERROR] WebSocket connection to 'ws://localhost:5173/' failed: Error in connection establishment: net::ERR_CONNECTION_REFUSED @ http://localhost:5173/@vite/client:1034
[ 8696840ms] [ERROR] WebSocket connection to 'ws://localhost:5173/' failed: Error in connection establishment: net::ERR_CONNECTION_REFUSED @ http://localhost:5173/@vite/client:1034
[ 8700306ms] [ERROR] WebSocket connection to 'ws://localhost:5173/' failed: Error in connection establishment: net::ERR_CONNECTION_REFUSED @ http://localhost:5173/@vite/client:1034
[ 8703987ms] [ERROR] WebSocket connection to 'ws://localhost:5173/' failed: Error in connection establishment: net::ERR_CONNECTION_REFUSED @ http://localhost:5173/@vite/client:1034
[ 8707787ms] [ERROR] WebSocket connection to 'ws://localhost:5173/' failed: Error in connection establishment: net::ERR_CONNECTION_REFUSED @ http://localhost:5173/@vite/client:1034
[ 8712043ms] [ERROR] WebSocket connection to 'ws://localhost:5173/' failed: Error in connection establishment: net::ERR_CONNECTION_REFUSED @ http://localhost:5173/@vite/client:1034
[ 8716092ms] [ERROR] WebSocket connection to 'ws://localhost:5173/' failed: Error in connection establishment: net::ERR_CONNECTION_REFUSED @ http://localhost:5173/@vite/client:1034
[ 8722210ms] [ERROR] WebSocket connection to 'ws://localhost:5173/' failed: Error in connection establishment: net::ERR_CONNECTION_REFUSED @ http://localhost:5173/@vite/client:1034
[ 8730097ms] [ERROR] WebSocket connection to 'ws://localhost:5173/' failed: Error in connection establishment: net::ERR_CONNECTION_REFUSED @ http://localhost:5173/@vite/client:1034
[ 8735283ms] [ERROR] WebSocket connection to 'ws://localhost:5173/' failed: Error in connection establishment: net::ERR_CONNECTION_REFUSED @ http://localhost:5173/@vite/client:1034
[ 8743345ms] [ERROR] WebSocket connection to 'ws://localhost:5173/' failed: Error in connection establishment: net::ERR_CONNECTION_REFUSED @ http://localhost:5173/@vite/client:1034
[ 8749571ms] [ERROR] WebSocket connection to 'ws://localhost:5173/' failed: Error in connection establishment: net::ERR_CONNECTION_REFUSED @ http://localhost:5173/@vite/client:1034
[ 8755222ms] [ERROR] WebSocket connection to 'ws://localhost:5173/' failed: Error in connection establishment: net::ERR_CONNECTION_REFUSED @ http://localhost:5173/@vite/client:1034
[ 8760252ms] [ERROR] WebSocket connection to 'ws://localhost:5173/' failed: Error in connection establishment: net::ERR_CONNECTION_REFUSED @ http://localhost:5173/@vite/client:1034
[ 8767959ms] [ERROR] WebSocket connection to 'ws://localhost:5173/' failed: Error in connection establishment: net::ERR_CONNECTION_REFUSED @ http://localhost:5173/@vite/client:1034
[ 8775494ms] [ERROR] WebSocket connection to 'ws://localhost:5173/' failed: Error in connection establishment: net::ERR_CONNECTION_REFUSED @ http://localhost:5173/@vite/client:1034
[ 8781384ms] [ERROR] WebSocket connection to 'ws://localhost:5173/' failed: Error in connection establishment: net::ERR_CONNECTION_REFUSED @ http://localhost:5173/@vite/client:1034
[ 8786306ms] [ERROR] WebSocket connection to 'ws://localhost:5173/' failed: Error in connection establishment: net::ERR_CONNECTION_REFUSED @ http://localhost:5173/@vite/client:1034
[ 8793603ms] [ERROR] WebSocket connection to 'ws://localhost:5173/' failed: Error in connection establishment: net::ERR_CONNECTION_REFUSED @ http://localhost:5173/@vite/client:1034
[ 8801930ms] [ERROR] WebSocket connection to 'ws://localhost:5173/' failed: Error in connection establishment: net::ERR_CONNECTION_REFUSED @ http://localhost:5173/@vite/client:1034
[ 8808365ms] [ERROR] WebSocket connection to 'ws://localhost:5173/' failed: Error in connection establishment: net::ERR_CONNECTION_REFUSED @ http://localhost:5173/@vite/client:1034
[ 8816631ms] [ERROR] WebSocket connection to 'ws://localhost:5173/' failed: Error in connection establishment: net::ERR_CONNECTION_REFUSED @ http://localhost:5173/@vite/client:1034
[ 8821368ms] [ERROR] WebSocket connection to 'ws://localhost:5173/' failed: Error in connection establishment: net::ERR_CONNECTION_REFUSED @ http://localhost:5173/@vite/client:1034
[ 8827072ms] [ERROR] WebSocket connection to 'ws://localhost:5173/' failed: Error in connection establishment: net::ERR_CONNECTION_REFUSED @ http://localhost:5173/@vite/client:1034
[ 8833337ms] [ERROR] WebSocket connection to 'ws://localhost:5173/' failed: Error in connection establishment: net::ERR_CONNECTION_REFUSED @ http://localhost:5173/@vite/client:1034
[ 8841131ms] [ERROR] WebSocket connection to 'ws://localhost:5173/' failed: Error in connection establishment: net::ERR_CONNECTION_REFUSED @ http://localhost:5173/@vite/client:1034
[ 8847396ms] [ERROR] WebSocket connection to 'ws://localhost:5173/' failed: Error in connection establishment: net::ERR_CONNECTION_REFUSED @ http://localhost:5173/@vite/client:1034
[ 8853233ms] [ERROR] WebSocket connection to 'ws://localhost:5173/' failed: Error in connection establishment: net::ERR_CONNECTION_REFUSED @ http://localhost:5173/@vite/client:1034
[ 8859570ms] [ERROR] WebSocket connection to 'ws://localhost:5173/' failed: Error in connection establishment: net::ERR_CONNECTION_REFUSED @ http://localhost:5173/@vite/client:1034
[ 8867900ms] [ERROR] WebSocket connection to 'ws://localhost:5173/' failed: Error in connection establishment: net::ERR_CONNECTION_REFUSED @ http://localhost:5173/@vite/client:1034
[ 8873353ms] [ERROR] WebSocket connection to 'ws://localhost:5173/' failed: Error in connection establishment: net::ERR_CONNECTION_REFUSED @ http://localhost:5173/@vite/client:1034
[ 8881008ms] [ERROR] WebSocket connection to 'ws://localhost:5173/' failed: Error in connection establishment: net::ERR_CONNECTION_REFUSED @ http://localhost:5173/@vite/client:1034
[ 8887447ms] [ERROR] WebSocket connection to 'ws://localhost:5173/' failed: Error in connection establishment: net::ERR_CONNECTION_REFUSED @ http://localhost:5173/@vite/client:1034
[ 8894220ms] [ERROR] WebSocket connection to 'ws://localhost:5173/' failed: Error in connection establishment: net::ERR_CONNECTION_REFUSED @ http://localhost:5173/@vite/client:1034
[ 8898758ms] [ERROR] WebSocket connection to 'ws://localhost:5173/' failed: Error in connection establishment: net::ERR_CONNECTION_REFUSED @ http://localhost:5173/@vite/client:1034
[ 8905228ms] [ERROR] WebSocket connection to 'ws://localhost:5173/' failed: Error in connection establishment: net::ERR_CONNECTION_REFUSED @ http://localhost:5173/@vite/client:1034
[ 8910115ms] [ERROR] WebSocket connection to 'ws://localhost:5173/' failed: Error in connection establishment: net::ERR_CONNECTION_REFUSED @ http://localhost:5173/@vite/client:1034
[ 8915720ms] [ERROR] WebSocket connection to 'ws://localhost:5173/' failed: Error in connection establishment: net::ERR_CONNECTION_REFUSED @ http://localhost:5173/@vite/client:1034
[ 8921701ms] [ERROR] WebSocket connection to 'ws://localhost:5173/' failed: Error in connection establishment: net::ERR_CONNECTION_REFUSED @ http://localhost:5173/@vite/client:1034
[ 8928465ms] [ERROR] WebSocket connection to 'ws://localhost:5173/' failed: Error in connection establishment: net::ERR_CONNECTION_REFUSED @ http://localhost:5173/@vite/client:1034
[ 8935165ms] [ERROR] WebSocket connection to 'ws://localhost:5173/' failed: Error in connection establishment: net::ERR_CONNECTION_REFUSED @ http://localhost:5173/@vite/client:1034
[ 8939807ms] [ERROR] WebSocket connection to 'ws://localhost:5173/' failed: Error in connection establishment: net::ERR_CONNECTION_REFUSED @ http://localhost:5173/@vite/client:1034
[ 8945009ms] [ERROR] WebSocket connection to 'ws://localhost:5173/' failed: Error in connection establishment: net::ERR_CONNECTION_REFUSED @ http://localhost:5173/@vite/client:1034
[ 8952455ms] [ERROR] WebSocket connection to 'ws://localhost:5173/' failed: Error in connection establishment: net::ERR_CONNECTION_REFUSED @ http://localhost:5173/@vite/client:1034
[ 8958240ms] [ERROR] WebSocket connection to 'ws://localhost:5173/' failed: Error in connection establishment: net::ERR_CONNECTION_REFUSED @ http://localhost:5173/@vite/client:1034
[ 8964506ms] [ERROR] WebSocket connection to 'ws://localhost:5173/' failed: Error in connection establishment: net::ERR_CONNECTION_REFUSED @ http://localhost:5173/@vite/client:1034
[ 8972139ms] [ERROR] WebSocket connection to 'ws://localhost:5173/' failed: Error in connection establishment: net::ERR_CONNECTION_REFUSED @ http://localhost:5173/@vite/client:1034
[ 8979091ms] [ERROR] WebSocket connection to 'ws://localhost:5173/' failed: Error in connection establishment: net::ERR_CONNECTION_REFUSED @ http://localhost:5173/@vite/client:1034
[ 8985408ms] [ERROR] WebSocket connection to 'ws://localhost:5173/' failed: Error in connection establishment: net::ERR_CONNECTION_REFUSED @ http://localhost:5173/@vite/client:1034
[ 8990453ms] [ERROR] WebSocket connection to 'ws://localhost:5173/' failed: Error in connection establishment: net::ERR_CONNECTION_REFUSED @ http://localhost:5173/@vite/client:1034
[ 8997911ms] [ERROR] WebSocket connection to 'ws://localhost:5173/' failed: Error in connection establishment: net::ERR_CONNECTION_REFUSED @ http://localhost:5173/@vite/client:1034
[ 9003293ms] [ERROR] WebSocket connection to 'ws://localhost:5173/' failed: Error in connection establishment: net::ERR_CONNECTION_REFUSED @ http://localhost:5173/@vite/client:1034
[ 9009428ms] [ERROR] WebSocket connection to 'ws://localhost:5173/' failed: Error in connection establishment: net::ERR_CONNECTION_REFUSED @ http://localhost:5173/@vite/client:1034
[ 9017478ms] [ERROR] WebSocket connection to 'ws://localhost:5173/' failed: Error in connection establishment: net::ERR_CONNECTION_REFUSED @ http://localhost:5173/@vite/client:1034
[ 9023777ms] [ERROR] WebSocket connection to 'ws://localhost:5173/' failed: Error in connection establishment: net::ERR_CONNECTION_REFUSED @ http://localhost:5173/@vite/client:1034
[ 9028746ms] [ERROR] WebSocket connection to 'ws://localhost:5173/' failed: Error in connection establishment: net::ERR_CONNECTION_REFUSED @ http://localhost:5173/@vite/client:1034
[ 9034897ms] [ERROR] WebSocket connection to 'ws://localhost:5173/' failed: Error in connection establishment: net::ERR_CONNECTION_REFUSED @ http://localhost:5173/@vite/client:1034
[ 9042762ms] [ERROR] WebSocket connection to 'ws://localhost:5173/' failed: Error in connection establishment: net::ERR_CONNECTION_REFUSED @ http://localhost:5173/@vite/client:1034
[ 9049314ms] [ERROR] WebSocket connection to 'ws://localhost:5173/' failed: Error in connection establishment: net::ERR_CONNECTION_REFUSED @ http://localhost:5173/@vite/client:1034
[ 9054213ms] [ERROR] WebSocket connection to 'ws://localhost:5173/' failed: Error in connection establishment: net::ERR_CONNECTION_REFUSED @ http://localhost:5173/@vite/client:1034
[ 9060164ms] [ERROR] WebSocket connection to 'ws://localhost:5173/' failed: Error in connection establishment: net::ERR_CONNECTION_REFUSED @ http://localhost:5173/@vite/client:1034
[ 9067498ms] [ERROR] WebSocket connection to 'ws://localhost:5173/' failed: Error in connection establishment: net::ERR_CONNECTION_REFUSED @ http://localhost:5173/@vite/client:1034
[ 9073214ms] [ERROR] WebSocket connection to 'ws://localhost:5173/' failed: Error in connection establishment: net::ERR_CONNECTION_REFUSED @ http://localhost:5173/@vite/client:1034
[ 9080097ms] [ERROR] WebSocket connection to 'ws://localhost:5173/' failed: Error in connection establishment: net::ERR_CONNECTION_REFUSED @ http://localhost:5173/@vite/client:1034
[ 9087983ms] [ERROR] WebSocket connection to 'ws://localhost:5173/' failed: Error in connection establishment: net::ERR_CONNECTION_REFUSED @ http://localhost:5173/@vite/client:1034
[ 9093982ms] [ERROR] WebSocket connection to 'ws://localhost:5173/' failed: Error in connection establishment: net::ERR_CONNECTION_REFUSED @ http://localhost:5173/@vite/client:1034
[ 9101283ms] [ERROR] WebSocket connection to 'ws://localhost:5173/' failed: Error in connection establishment: net::ERR_CONNECTION_REFUSED @ http://localhost:5173/@vite/client:1034
[ 9108833ms] [ERROR] WebSocket connection to 'ws://localhost:5173/' failed: Error in connection establishment: net::ERR_CONNECTION_REFUSED @ http://localhost:5173/@vite/client:1034
[ 9114200ms] [ERROR] WebSocket connection to 'ws://localhost:5173/' failed: Error in connection establishment: net::ERR_CONNECTION_REFUSED @ http://localhost:5173/@vite/client:1034
[ 9118852ms] [ERROR] WebSocket connection to 'ws://localhost:5173/' failed: Error in connection establishment: net::ERR_CONNECTION_REFUSED @ http://localhost:5173/@vite/client:1034
[ 9125919ms] [ERROR] WebSocket connection to 'ws://localhost:5173/' failed: Error in connection establishment: net::ERR_CONNECTION_REFUSED @ http://localhost:5173/@vite/client:1034
[ 9133397ms] [ERROR] WebSocket connection to 'ws://localhost:5173/' failed: Error in connection establishment: net::ERR_CONNECTION_REFUSED @ http://localhost:5173/@vite/client:1034
[ 9141437ms] [ERROR] WebSocket connection to 'ws://localhost:5173/' failed: Error in connection establishment: net::ERR_CONNECTION_REFUSED @ http://localhost:5173/@vite/client:1034
[ 9146954ms] [ERROR] WebSocket connection to 'ws://localhost:5173/' failed: Error in connection establishment: net::ERR_CONNECTION_REFUSED @ http://localhost:5173/@vite/client:1034
[ 9152320ms] [ERROR] WebSocket connection to 'ws://localhost:5173/' failed: Error in connection establishment: net::ERR_CONNECTION_REFUSED @ http://localhost:5173/@vite/client:1034
[ 9157020ms] [ERROR] WebSocket connection to 'ws://localhost:5173/' failed: Error in connection establishment: net::ERR_CONNECTION_REFUSED @ http://localhost:5173/@vite/client:1034
[ 9162988ms] [ERROR] WebSocket connection to 'ws://localhost:5173/' failed: Error in connection establishment: net::ERR_CONNECTION_REFUSED @ http://localhost:5173/@vite/client:1034
[ 9168071ms] [ERROR] WebSocket connection to 'ws://localhost:5173/' failed: Error in connection establishment: net::ERR_CONNECTION_REFUSED @ http://localhost:5173/@vite/client:1034
[ 9175089ms] [ERROR] WebSocket connection to 'ws://localhost:5173/' failed: Error in connection establishment: net::ERR_CONNECTION_REFUSED @ http://localhost:5173/@vite/client:1034
[ 9182356ms] [ERROR] WebSocket connection to 'ws://localhost:5173/' failed: Error in connection establishment: net::ERR_CONNECTION_REFUSED @ http://localhost:5173/@vite/client:1034
[ 9187540ms] [ERROR] WebSocket connection to 'ws://localhost:5173/' failed: Error in connection establishment: net::ERR_CONNECTION_REFUSED @ http://localhost:5173/@vite/client:1034
[ 9195673ms] [ERROR] WebSocket connection to 'ws://localhost:5173/' failed: Error in connection establishment: net::ERR_CONNECTION_REFUSED @ http://localhost:5173/@vite/client:1034
[ 9202640ms] [ERROR] WebSocket connection to 'ws://localhost:5173/' failed: Error in connection establishment: net::ERR_CONNECTION_REFUSED @ http://localhost:5173/@vite/client:1034
[ 9210547ms] [ERROR] WebSocket connection to 'ws://localhost:5173/' failed: Error in connection establishment: net::ERR_CONNECTION_REFUSED @ http://localhost:5173/@vite/client:1034
[ 9217009ms] [ERROR] WebSocket connection to 'ws://localhost:5173/' failed: Error in connection establishment: net::ERR_CONNECTION_REFUSED @ http://localhost:5173/@vite/client:1034
[ 9223764ms] [ERROR] WebSocket connection to 'ws://localhost:5173/' failed: Error in connection establishment: net::ERR_CONNECTION_REFUSED @ http://localhost:5173/@vite/client:1034
[ 9229742ms] [ERROR] WebSocket connection to 'ws://localhost:5173/' failed: Error in connection establishment: net::ERR_CONNECTION_REFUSED @ http://localhost:5173/@vite/client:1034
[ 9234955ms] [ERROR] WebSocket connection to 'ws://localhost:5173/' failed: Error in connection establishment: net::ERR_CONNECTION_REFUSED @ http://localhost:5173/@vite/client:1034
[ 9240362ms] [ERROR] WebSocket connection to 'ws://localhost:5173/' failed: Error in connection establishment: net::ERR_CONNECTION_REFUSED @ http://localhost:5173/@vite/client:1034
[ 9245377ms] [ERROR] WebSocket connection to 'ws://localhost:5173/' failed: Error in connection establishment: net::ERR_CONNECTION_REFUSED @ http://localhost:5173/@vite/client:1034
[ 9251643ms] [ERROR] WebSocket connection to 'ws://localhost:5173/' failed: Error in connection establishment: net::ERR_CONNECTION_REFUSED @ http://localhost:5173/@vite/client:1034
[ 9257378ms] [ERROR] WebSocket connection to 'ws://localhost:5173/' failed: Error in connection establishment: net::ERR_CONNECTION_REFUSED @ http://localhost:5173/@vite/client:1034
[ 9263110ms] [ERROR] WebSocket connection to 'ws://localhost:5173/' failed: Error in connection establishment: net::ERR_CONNECTION_REFUSED @ http://localhost:5173/@vite/client:1034
[ 9268510ms] [ERROR] WebSocket connection to 'ws://localhost:5173/' failed: Error in connection establishment: net::ERR_CONNECTION_REFUSED @ http://localhost:5173/@vite/client:1034
[ 9274596ms] [ERROR] WebSocket connection to 'ws://localhost:5173/' failed: Error in connection establishment: net::ERR_CONNECTION_REFUSED @ http://localhost:5173/@vite/client:1034
[ 9281561ms] [ERROR] WebSocket connection to 'ws://localhost:5173/' failed: Error in connection establishment: net::ERR_CONNECTION_REFUSED @ http://localhost:5173/@vite/client:1034
[ 9289229ms] [ERROR] WebSocket connection to 'ws://localhost:5173/' failed: Error in connection establishment: net::ERR_CONNECTION_REFUSED @ http://localhost:5173/@vite/client:1034
[ 9297279ms] [ERROR] WebSocket connection to 'ws://localhost:5173/' failed: Error in connection establishment: net::ERR_CONNECTION_REFUSED @ http://localhost:5173/@vite/client:1034
[ 9305281ms] [ERROR] WebSocket connection to 'ws://localhost:5173/' failed: Error in connection establishment: net::ERR_CONNECTION_REFUSED @ http://localhost:5173/@vite/client:1034
[ 9310980ms] [ERROR] WebSocket connection to 'ws://localhost:5173/' failed: Error in connection establishment: net::ERR_CONNECTION_REFUSED @ http://localhost:5173/@vite/client:1034
[ 9319215ms] [ERROR] WebSocket connection to 'ws://localhost:5173/' failed: Error in connection establishment: net::ERR_CONNECTION_REFUSED @ http://localhost:5173/@vite/client:1034
[ 9325283ms] [ERROR] WebSocket connection to 'ws://localhost:5173/' failed: Error in connection establishment: net::ERR_CONNECTION_REFUSED @ http://localhost:5173/@vite/client:1034
[ 9329915ms] [ERROR] WebSocket connection to 'ws://localhost:5173/' failed: Error in connection establishment: net::ERR_CONNECTION_REFUSED @ http://localhost:5173/@vite/client:1034
[ 9335215ms] [ERROR] WebSocket connection to 'ws://localhost:5173/' failed: Error in connection establishment: net::ERR_CONNECTION_REFUSED @ http://localhost:5173/@vite/client:1034
[ 9342583ms] [ERROR] WebSocket connection to 'ws://localhost:5173/' failed: Error in connection establishment: net::ERR_CONNECTION_REFUSED @ http://localhost:5173/@vite/client:1034
[ 9349399ms] [ERROR] WebSocket connection to 'ws://localhost:5173/' failed: Error in connection establishment: net::ERR_CONNECTION_REFUSED @ http://localhost:5173/@vite/client:1034
[ 9355568ms] [ERROR] WebSocket connection to 'ws://localhost:5173/' failed: Error in connection establishment: net::ERR_CONNECTION_REFUSED @ http://localhost:5173/@vite/client:1034
[ 9362118ms] [ERROR] WebSocket connection to 'ws://localhost:5173/' failed: Error in connection establishment: net::ERR_CONNECTION_REFUSED @ http://localhost:5173/@vite/client:1034
[ 9369217ms] [ERROR] WebSocket connection to 'ws://localhost:5173/' failed: Error in connection establishment: net::ERR_CONNECTION_REFUSED @ http://localhost:5173/@vite/client:1034
[ 9377253ms] [ERROR] WebSocket connection to 'ws://localhost:5173/' failed: Error in connection establishment: net::ERR_CONNECTION_REFUSED @ http://localhost:5173/@vite/client:1034
[ 9382903ms] [ERROR] WebSocket connection to 'ws://localhost:5173/' failed: Error in connection establishment: net::ERR_CONNECTION_REFUSED @ http://localhost:5173/@vite/client:1034
[ 9390603ms] [ERROR] WebSocket connection to 'ws://localhost:5173/' failed: Error in connection establishment: net::ERR_CONNECTION_REFUSED @ http://localhost:5173/@vite/client:1034
[ 9398088ms] [ERROR] WebSocket connection to 'ws://localhost:5173/' failed: Error in connection establishment: net::ERR_CONNECTION_REFUSED @ http://localhost:5173/@vite/client:1034
[ 9405121ms] [ERROR] WebSocket connection to 'ws://localhost:5173/' failed: Error in connection establishment: net::ERR_CONNECTION_REFUSED @ http://localhost:5173/@vite/client:1034
[ 9411104ms] [ERROR] WebSocket connection to 'ws://localhost:5173/' failed: Error in connection establishment: net::ERR_CONNECTION_REFUSED @ http://localhost:5173/@vite/client:1034
[ 9418704ms] [ERROR] WebSocket connection to 'ws://localhost:5173/' failed: Error in connection establishment: net::ERR_CONNECTION_REFUSED @ http://localhost:5173/@vite/client:1034
[ 9426711ms] [ERROR] WebSocket connection to 'ws://localhost:5173/' failed: Error in connection establishment: net::ERR_CONNECTION_REFUSED @ http://localhost:5173/@vite/client:1034
[ 9434597ms] [ERROR] WebSocket connection to 'ws://localhost:5173/' failed: Error in connection establishment: net::ERR_CONNECTION_REFUSED @ http://localhost:5173/@vite/client:1034
[ 9441795ms] [ERROR] WebSocket connection to 'ws://localhost:5173/' failed: Error in connection establishment: net::ERR_CONNECTION_REFUSED @ http://localhost:5173/@vite/client:1034
[ 9448829ms] [ERROR] WebSocket connection to 'ws://localhost:5173/' failed: Error in connection establishment: net::ERR_CONNECTION_REFUSED @ http://localhost:5173/@vite/client:1034
[ 9455836ms] [ERROR] WebSocket connection to 'ws://localhost:5173/' failed: Error in connection establishment: net::ERR_CONNECTION_REFUSED @ http://localhost:5173/@vite/client:1034
[ 9460424ms] [ERROR] WebSocket connection to 'ws://localhost:5173/' failed: Error in connection establishment: net::ERR_CONNECTION_REFUSED @ http://localhost:5173/@vite/client:1034
[ 9465223ms] [ERROR] WebSocket connection to 'ws://localhost:5173/' failed: Error in connection establishment: net::ERR_CONNECTION_REFUSED @ http://localhost:5173/@vite/client:1034
[ 9472856ms] [ERROR] WebSocket connection to 'ws://localhost:5173/' failed: Error in connection establishment: net::ERR_CONNECTION_REFUSED @ http://localhost:5173/@vite/client:1034
[ 9480306ms] [ERROR] WebSocket connection to 'ws://localhost:5173/' failed: Error in connection establishment: net::ERR_CONNECTION_REFUSED @ http://localhost:5173/@vite/client:1034
[ 9487729ms] [ERROR] WebSocket connection to 'ws://localhost:5173/' failed: Error in connection establishment: net::ERR_CONNECTION_REFUSED @ http://localhost:5173/@vite/client:1034
[ 9496053ms] [ERROR] WebSocket connection to 'ws://localhost:5173/' failed: Error in connection establishment: net::ERR_CONNECTION_REFUSED @ http://localhost:5173/@vite/client:1034
[ 9500929ms] [ERROR] WebSocket connection to 'ws://localhost:5173/' failed: Error in connection establishment: net::ERR_CONNECTION_REFUSED @ http://localhost:5173/@vite/client:1034
[ 9509259ms] [ERROR] WebSocket connection to 'ws://localhost:5173/' failed: Error in connection establishment: net::ERR_CONNECTION_REFUSED @ http://localhost:5173/@vite/client:1034
[ 9514759ms] [ERROR] WebSocket connection to 'ws://localhost:5173/' failed: Error in connection establishment: net::ERR_CONNECTION_REFUSED @ http://localhost:5173/@vite/client:1034
[ 9519335ms] [ERROR] WebSocket connection to 'ws://localhost:5173/' failed: Error in connection establishment: net::ERR_CONNECTION_REFUSED @ http://localhost:5173/@vite/client:1034
[ 9526132ms] [ERROR] WebSocket connection to 'ws://localhost:5173/' failed: Error in connection establishment: net::ERR_CONNECTION_REFUSED @ http://localhost:5173/@vite/client:1034
[ 9534026ms] [ERROR] WebSocket connection to 'ws://localhost:5173/' failed: Error in connection establishment: net::ERR_CONNECTION_REFUSED @ http://localhost:5173/@vite/client:1034
[ 9540476ms] [ERROR] WebSocket connection to 'ws://localhost:5173/' failed: Error in connection establishment: net::ERR_CONNECTION_REFUSED @ http://localhost:5173/@vite/client:1034
[ 9548544ms] [ERROR] WebSocket connection to 'ws://localhost:5173/' failed: Error in connection establishment: net::ERR_CONNECTION_REFUSED @ http://localhost:5173/@vite/client:1034
[ 9554577ms] [ERROR] WebSocket connection to 'ws://localhost:5173/' failed: Error in connection establishment: net::ERR_CONNECTION_REFUSED @ http://localhost:5173/@vite/client:1034
[ 9559871ms] [ERROR] WebSocket connection to 'ws://localhost:5173/' failed: Error in connection establishment: net::ERR_CONNECTION_REFUSED @ http://localhost:5173/@vite/client:1034
[ 9565237ms] [ERROR] WebSocket connection to 'ws://localhost:5173/' failed: Error in connection establishment: net::ERR_CONNECTION_REFUSED @ http://localhost:5173/@vite/client:1034
[ 9572806ms] [ERROR] WebSocket connection to 'ws://localhost:5173/' failed: Error in connection establishment: net::ERR_CONNECTION_REFUSED @ http://localhost:5173/@vite/client:1034
[ 9577331ms] [ERROR] WebSocket connection to 'ws://localhost:5173/' failed: Error in connection establishment: net::ERR_CONNECTION_REFUSED @ http://localhost:5173/@vite/client:1034
[ 9583224ms] [ERROR] WebSocket connection to 'ws://localhost:5173/' failed: Error in connection establishment: net::ERR_CONNECTION_REFUSED @ http://localhost:5173/@vite/client:1034
[ 9591087ms] [ERROR] WebSocket connection to 'ws://localhost:5173/' failed: Error in connection establishment: net::ERR_CONNECTION_REFUSED @ http://localhost:5173/@vite/client:1034
[ 9597347ms] [ERROR] WebSocket connection to 'ws://localhost:5173/' failed: Error in connection establishment: net::ERR_CONNECTION_REFUSED @ http://localhost:5173/@vite/client:1034
[ 9604463ms] [ERROR] WebSocket connection to 'ws://localhost:5173/' failed: Error in connection establishment: net::ERR_CONNECTION_REFUSED @ http://localhost:5173/@vite/client:1034
[ 9612324ms] [ERROR] WebSocket connection to 'ws://localhost:5173/' failed: Error in connection establishment: net::ERR_CONNECTION_REFUSED @ http://localhost:5173/@vite/client:1034
[ 9620603ms] [ERROR] WebSocket connection to 'ws://localhost:5173/' failed: Error in connection establishment: net::ERR_CONNECTION_REFUSED @ http://localhost:5173/@vite/client:1034
[ 9623969ms] [ERROR] WebSocket connection to 'ws://localhost:5173/' failed: Error in connection establishment: net::ERR_CONNECTION_REFUSED @ http://localhost:5173/@vite/client:1034
[ 9627322ms] [ERROR] WebSocket connection to 'ws://localhost:5173/' failed: Error in connection establishment: net::ERR_CONNECTION_REFUSED @ http://localhost:5173/@vite/client:1034
[ 9630666ms] [ERROR] WebSocket connection to 'ws://localhost:5173/' failed: Error in connection establishment: net::ERR_CONNECTION_REFUSED @ http://localhost:5173/@vite/client:1034
[ 9634035ms] [ERROR] WebSocket connection to 'ws://localhost:5173/' failed: Error in connection establishment: net::ERR_CONNECTION_REFUSED @ http://localhost:5173/@vite/client:1034
[ 9637400ms] [ERROR] WebSocket connection to 'ws://localhost:5173/' failed: Error in connection establishment: net::ERR_CONNECTION_REFUSED @ http://localhost:5173/@vite/client:1034
[ 9640773ms] [ERROR] WebSocket connection to 'ws://localhost:5173/' failed: Error in connection establishment: net::ERR_CONNECTION_REFUSED @ http://localhost:5173/@vite/client:1034
[ 9644150ms] [ERROR] WebSocket connection to 'ws://localhost:5173/' failed: Error in connection establishment: net::ERR_CONNECTION_REFUSED @ http://localhost:5173/@vite/client:1034
[ 9647525ms] [ERROR] WebSocket connection to 'ws://localhost:5173/' failed: Error in connection establishment: net::ERR_CONNECTION_REFUSED @ http://localhost:5173/@vite/client:1034
[ 9650915ms] [ERROR] WebSocket connection to 'ws://localhost:5173/' failed: Error in connection establishment: net::ERR_CONNECTION_REFUSED @ http://localhost:5173/@vite/client:1034
[ 9654322ms] [ERROR] WebSocket connection to 'ws://localhost:5173/' failed: Error in connection establishment: net::ERR_CONNECTION_REFUSED @ http://localhost:5173/@vite/client:1034
[ 9657754ms] [ERROR] WebSocket connection to 'ws://localhost:5173/' failed: Error in connection establishment: net::ERR_CONNECTION_REFUSED @ http://localhost:5173/@vite/client:1034
[ 9661226ms] [ERROR] WebSocket connection to 'ws://localhost:5173/' failed: Error in connection establishment: net::ERR_CONNECTION_REFUSED @ http://localhost:5173/@vite/client:1034
[ 9664877ms] [ERROR] WebSocket connection to 'ws://localhost:5173/' failed: Error in connection establishment: net::ERR_CONNECTION_REFUSED @ http://localhost:5173/@vite/client:1034
[ 9668565ms] [ERROR] WebSocket connection to 'ws://localhost:5173/' failed: Error in connection establishment: net::ERR_CONNECTION_REFUSED @ http://localhost:5173/@vite/client:1034
[ 9672712ms] [ERROR] WebSocket connection to 'ws://localhost:5173/' failed: Error in connection establishment: net::ERR_CONNECTION_REFUSED @ http://localhost:5173/@vite/client:1034
[ 9676759ms] [ERROR] WebSocket connection to 'ws://localhost:5173/' failed: Error in connection establishment: net::ERR_CONNECTION_REFUSED @ http://localhost:5173/@vite/client:1034
[ 9681461ms] [ERROR] WebSocket connection to 'ws://localhost:5173/' failed: Error in connection establishment: net::ERR_CONNECTION_REFUSED @ http://localhost:5173/@vite/client:1034
[ 9687275ms] [ERROR] WebSocket connection to 'ws://localhost:5173/' failed: Error in connection establishment: net::ERR_CONNECTION_REFUSED @ http://localhost:5173/@vite/client:1034
[ 9691868ms] [ERROR] WebSocket connection to 'ws://localhost:5173/' failed: Error in connection establishment: net::ERR_CONNECTION_REFUSED @ http://localhost:5173/@vite/client:1034
[ 9699957ms] [ERROR] WebSocket connection to 'ws://localhost:5173/' failed: Error in connection establishment: net::ERR_CONNECTION_REFUSED @ http://localhost:5173/@vite/client:1034
[ 9705946ms] [ERROR] WebSocket connection to 'ws://localhost:5173/' failed: Error in connection establishment: net::ERR_CONNECTION_REFUSED @ http://localhost:5173/@vite/client:1034
[ 9713042ms] [ERROR] WebSocket connection to 'ws://localhost:5173/' failed: Error in connection establishment: net::ERR_CONNECTION_REFUSED @ http://localhost:5173/@vite/client:1034
[ 9721433ms] [ERROR] WebSocket connection to 'ws://localhost:5173/' failed: Error in connection establishment: net::ERR_CONNECTION_REFUSED @ http://localhost:5173/@vite/client:1034
[ 9729774ms] [ERROR] WebSocket connection to 'ws://localhost:5173/' failed: Error in connection establishment: net::ERR_CONNECTION_REFUSED @ http://localhost:5173/@vite/client:1034
[ 9737105ms] [ERROR] WebSocket connection to 'ws://localhost:5173/' failed: Error in connection establishment: net::ERR_CONNECTION_REFUSED @ http://localhost:5173/@vite/client:1034
[ 9742685ms] [ERROR] WebSocket connection to 'ws://localhost:5173/' failed: Error in connection establishment: net::ERR_CONNECTION_REFUSED @ http://localhost:5173/@vite/client:1034
[ 9750336ms] [ERROR] WebSocket connection to 'ws://localhost:5173/' failed: Error in connection establishment: net::ERR_CONNECTION_REFUSED @ http://localhost:5173/@vite/client:1034
[ 9755983ms] [ERROR] WebSocket connection to 'ws://localhost:5173/' failed: Error in connection establishment: net::ERR_CONNECTION_REFUSED @ http://localhost:5173/@vite/client:1034
[ 9760586ms] [ERROR] WebSocket connection to 'ws://localhost:5173/' failed: Error in connection establishment: net::ERR_CONNECTION_REFUSED @ http://localhost:5173/@vite/client:1034
[ 9767027ms] [ERROR] WebSocket connection to 'ws://localhost:5173/' failed: Error in connection establishment: net::ERR_CONNECTION_REFUSED @ http://localhost:5173/@vite/client:1034
[ 9774651ms] [ERROR] WebSocket connection to 'ws://localhost:5173/' failed: Error in connection establishment: net::ERR_CONNECTION_REFUSED @ http://localhost:5173/@vite/client:1034
[ 9779565ms] [ERROR] WebSocket connection to 'ws://localhost:5173/' failed: Error in connection establishment: net::ERR_CONNECTION_REFUSED @ http://localhost:5173/@vite/client:1034
[ 9787607ms] [ERROR] WebSocket connection to 'ws://localhost:5173/' failed: Error in connection establishment: net::ERR_CONNECTION_REFUSED @ http://localhost:5173/@vite/client:1034
[ 9793755ms] [ERROR] WebSocket connection to 'ws://localhost:5173/' failed: Error in connection establishment: net::ERR_CONNECTION_REFUSED @ http://localhost:5173/@vite/client:1034
[ 9798216ms] [ERROR] WebSocket connection to 'ws://localhost:5173/' failed: Error in connection establishment: net::ERR_CONNECTION_REFUSED @ http://localhost:5173/@vite/client:1034
[ 9802586ms] [ERROR] WebSocket connection to 'ws://localhost:5173/' failed: Error in connection establishment: net::ERR_CONNECTION_REFUSED @ http://localhost:5173/@vite/client:1034
[ 9807423ms] [ERROR] WebSocket connection to 'ws://localhost:5173/' failed: Error in connection establishment: net::ERR_CONNECTION_REFUSED @ http://localhost:5173/@vite/client:1034
[ 9815274ms] [ERROR] WebSocket connection to 'ws://localhost:5173/' failed: Error in connection establishment: net::ERR_CONNECTION_REFUSED @ http://localhost:5173/@vite/client:1034
[ 9823036ms] [ERROR] WebSocket connection to 'ws://localhost:5173/' failed: Error in connection establishment: net::ERR_CONNECTION_REFUSED @ http://localhost:5173/@vite/client:1034
[ 9830781ms] [ERROR] WebSocket connection to 'ws://localhost:5173/' failed: Error in connection establishment: net::ERR_CONNECTION_REFUSED @ http://localhost:5173/@vite/client:1034
[ 9837630ms] [ERROR] WebSocket connection to 'ws://localhost:5173/' failed: Error in connection establishment: net::ERR_CONNECTION_REFUSED @ http://localhost:5173/@vite/client:1034
[ 9844960ms] [ERROR] WebSocket connection to 'ws://localhost:5173/' failed: Error in connection establishment: net::ERR_CONNECTION_REFUSED @ http://localhost:5173/@vite/client:1034
[ 9852034ms] [ERROR] WebSocket connection to 'ws://localhost:5173/' failed: Error in connection establishment: net::ERR_CONNECTION_REFUSED @ http://localhost:5173/@vite/client:1034
[ 9856948ms] [ERROR] WebSocket connection to 'ws://localhost:5173/' failed: Error in connection establishment: net::ERR_CONNECTION_REFUSED @ http://localhost:5173/@vite/client:1034
[ 9863664ms] [ERROR] WebSocket connection to 'ws://localhost:5173/' failed: Error in connection establishment: net::ERR_CONNECTION_REFUSED @ http://localhost:5173/@vite/client:1034
[ 9868832ms] [ERROR] WebSocket connection to 'ws://localhost:5173/' failed: Error in connection establishment: net::ERR_CONNECTION_REFUSED @ http://localhost:5173/@vite/client:1034
[ 9875502ms] [ERROR] WebSocket connection to 'ws://localhost:5173/' failed: Error in connection establishment: net::ERR_CONNECTION_REFUSED @ http://localhost:5173/@vite/client:1034
[ 9882691ms] [ERROR] WebSocket connection to 'ws://localhost:5173/' failed: Error in connection establishment: net::ERR_CONNECTION_REFUSED @ http://localhost:5173/@vite/client:1034
[ 9888881ms] [ERROR] WebSocket connection to 'ws://localhost:5173/' failed: Error in connection establishment: net::ERR_CONNECTION_REFUSED @ http://localhost:5173/@vite/client:1034
[ 9896116ms] [ERROR] WebSocket connection to 'ws://localhost:5173/' failed: Error in connection establishment: net::ERR_CONNECTION_REFUSED @ http://localhost:5173/@vite/client:1034
[ 9904469ms] [ERROR] WebSocket connection to 'ws://localhost:5173/' failed: Error in connection establishment: net::ERR_CONNECTION_REFUSED @ http://localhost:5173/@vite/client:1034
[ 9909747ms] [ERROR] WebSocket connection to 'ws://localhost:5173/' failed: Error in connection establishment: net::ERR_CONNECTION_REFUSED @ http://localhost:5173/@vite/client:1034
[ 9916188ms] [ERROR] WebSocket connection to 'ws://localhost:5173/' failed: Error in connection establishment: net::ERR_CONNECTION_REFUSED @ http://localhost:5173/@vite/client:1034
[ 9921445ms] [ERROR] WebSocket connection to 'ws://localhost:5173/' failed: Error in connection establishment: net::ERR_CONNECTION_REFUSED @ http://localhost:5173/@vite/client:1034
[ 9927275ms] [ERROR] WebSocket connection to 'ws://localhost:5173/' failed: Error in connection establishment: net::ERR_CONNECTION_REFUSED @ http://localhost:5173/@vite/client:1034
[ 9932505ms] [ERROR] WebSocket connection to 'ws://localhost:5173/' failed: Error in connection establishment: net::ERR_CONNECTION_REFUSED @ http://localhost:5173/@vite/client:1034
[ 9936878ms] [ERROR] WebSocket connection to 'ws://localhost:5173/' failed: Error in connection establishment: net::ERR_CONNECTION_REFUSED @ http://localhost:5173/@vite/client:1034
[ 9943864ms] [ERROR] WebSocket connection to 'ws://localhost:5173/' failed: Error in connection establishment: net::ERR_CONNECTION_REFUSED @ http://localhost:5173/@vite/client:1034
[ 9950591ms] [ERROR] WebSocket connection to 'ws://localhost:5173/' failed: Error in connection establishment: net::ERR_CONNECTION_REFUSED @ http://localhost:5173/@vite/client:1034
[ 9957640ms] [ERROR] WebSocket connection to 'ws://localhost:5173/' failed: Error in connection establishment: net::ERR_CONNECTION_REFUSED @ http://localhost:5173/@vite/client:1034
[ 9964581ms] [ERROR] WebSocket connection to 'ws://localhost:5173/' failed: Error in connection establishment: net::ERR_CONNECTION_REFUSED @ http://localhost:5173/@vite/client:1034
[ 9971659ms] [ERROR] WebSocket connection to 'ws://localhost:5173/' failed: Error in connection establishment: net::ERR_CONNECTION_REFUSED @ http://localhost:5173/@vite/client:1034
[ 9977859ms] [ERROR] WebSocket connection to 'ws://localhost:5173/' failed: Error in connection establishment: net::ERR_CONNECTION_REFUSED @ http://localhost:5173/@vite/client:1034
[ 9983422ms] [ERROR] WebSocket connection to 'ws://localhost:5173/' failed: Error in connection establishment: net::ERR_CONNECTION_REFUSED @ http://localhost:5173/@vite/client:1034
[ 9990344ms] [ERROR] WebSocket connection to 'ws://localhost:5173/' failed: Error in connection establishment: net::ERR_CONNECTION_REFUSED @ http://localhost:5173/@vite/client:1034
[ 9995211ms] [ERROR] WebSocket connection to 'ws://localhost:5173/' failed: Error in connection establishment: net::ERR_CONNECTION_REFUSED @ http://localhost:5173/@vite/client:1034
[10000030ms] [ERROR] WebSocket connection to 'ws://localhost:5173/' failed: Error in connection establishment: net::ERR_CONNECTION_REFUSED @ http://localhost:5173/@vite/client:1034
[10008327ms] [ERROR] WebSocket connection to 'ws://localhost:5173/' failed: Error in connection establishment: net::ERR_CONNECTION_REFUSED @ http://localhost:5173/@vite/client:1034
[10013477ms] [ERROR] WebSocket connection to 'ws://localhost:5173/' failed: Error in connection establishment: net::ERR_CONNECTION_REFUSED @ http://localhost:5173/@vite/client:1034
[10021837ms] [ERROR] WebSocket connection to 'ws://localhost:5173/' failed: Error in connection establishment: net::ERR_CONNECTION_REFUSED @ http://localhost:5173/@vite/client:1034
[10026814ms] [ERROR] WebSocket connection to 'ws://localhost:5173/' failed: Error in connection establishment: net::ERR_CONNECTION_REFUSED @ http://localhost:5173/@vite/client:1034
[10033953ms] [ERROR] WebSocket connection to 'ws://localhost:5173/' failed: Error in connection establishment: net::ERR_CONNECTION_REFUSED @ http://localhost:5173/@vite/client:1034
[10041859ms] [ERROR] WebSocket connection to 'ws://localhost:5173/' failed: Error in connection establishment: net::ERR_CONNECTION_REFUSED @ http://localhost:5173/@vite/client:1034
[10046670ms] [ERROR] WebSocket connection to 'ws://localhost:5173/' failed: Error in connection establishment: net::ERR_CONNECTION_REFUSED @ http://localhost:5173/@vite/client:1034
[10053206ms] [ERROR] WebSocket connection to 'ws://localhost:5173/' failed: Error in connection establishment: net::ERR_CONNECTION_REFUSED @ http://localhost:5173/@vite/client:1034
[10061269ms] [ERROR] WebSocket connection to 'ws://localhost:5173/' failed: Error in connection establishment: net::ERR_CONNECTION_REFUSED @ http://localhost:5173/@vite/client:1034
[10065814ms] [ERROR] WebSocket connection to 'ws://localhost:5173/' failed: Error in connection establishment: net::ERR_CONNECTION_REFUSED @ http://localhost:5173/@vite/client:1034
[10073820ms] [ERROR] WebSocket connection to 'ws://localhost:5173/' failed: Error in connection establishment: net::ERR_CONNECTION_REFUSED @ http://localhost:5173/@vite/client:1034
[10081684ms] [ERROR] WebSocket connection to 'ws://localhost:5173/' failed: Error in connection establishment: net::ERR_CONNECTION_REFUSED @ http://localhost:5173/@vite/client:1034
[10088967ms] [ERROR] WebSocket connection to 'ws://localhost:5173/' failed: Error in connection establishment: net::ERR_CONNECTION_REFUSED @ http://localhost:5173/@vite/client:1034
[10094923ms] [ERROR] WebSocket connection to 'ws://localhost:5173/' failed: Error in connection establishment: net::ERR_CONNECTION_REFUSED @ http://localhost:5173/@vite/client:1034
[10100472ms] [ERROR] WebSocket connection to 'ws://localhost:5173/' failed: Error in connection establishment: net::ERR_CONNECTION_REFUSED @ http://localhost:5173/@vite/client:1034
[10105548ms] [ERROR] WebSocket connection to 'ws://localhost:5173/' failed: Error in connection establishment: net::ERR_CONNECTION_REFUSED @ http://localhost:5173/@vite/client:1034
[10112374ms] [ERROR] WebSocket connection to 'ws://localhost:5173/' failed: Error in connection establishment: net::ERR_CONNECTION_REFUSED @ http://localhost:5173/@vite/client:1034
[10120031ms] [ERROR] WebSocket connection to 'ws://localhost:5173/' failed: Error in connection establishment: net::ERR_CONNECTION_REFUSED @ http://localhost:5173/@vite/client:1034
[10127758ms] [ERROR] WebSocket connection to 'ws://localhost:5173/' failed: Error in connection establishment: net::ERR_CONNECTION_REFUSED @ http://localhost:5173/@vite/client:1034
[10134621ms] [ERROR] WebSocket connection to 'ws://localhost:5173/' failed: Error in connection establishment: net::ERR_CONNECTION_REFUSED @ http://localhost:5173/@vite/client:1034
[10142198ms] [ERROR] WebSocket connection to 'ws://localhost:5173/' failed: Error in connection establishment: net::ERR_CONNECTION_REFUSED @ http://localhost:5173/@vite/client:1034
[10149040ms] [ERROR] WebSocket connection to 'ws://localhost:5173/' failed: Error in connection establishment: net::ERR_CONNECTION_REFUSED @ http://localhost:5173/@vite/client:1034
[10157362ms] [ERROR] WebSocket connection to 'ws://localhost:5173/' failed: Error in connection establishment: net::ERR_CONNECTION_REFUSED @ http://localhost:5173/@vite/client:1034
[10165257ms] [ERROR] WebSocket connection to 'ws://localhost:5173/' failed: Error in connection establishment: net::ERR_CONNECTION_REFUSED @ http://localhost:5173/@vite/client:1034
[10171587ms] [ERROR] WebSocket connection to 'ws://localhost:5173/' failed: Error in connection establishment: net::ERR_CONNECTION_REFUSED @ http://localhost:5173/@vite/client:1034
[10176010ms] [ERROR] WebSocket connection to 'ws://localhost:5173/' failed: Error in connection establishment: net::ERR_CONNECTION_REFUSED @ http://localhost:5173/@vite/client:1034
[10182975ms] [ERROR] WebSocket connection to 'ws://localhost:5173/' failed: Error in connection establishment: net::ERR_CONNECTION_REFUSED @ http://localhost:5173/@vite/client:1034
[10189605ms] [ERROR] WebSocket connection to 'ws://localhost:5173/' failed: Error in connection establishment: net::ERR_CONNECTION_REFUSED @ http://localhost:5173/@vite/client:1034
[10196072ms] [ERROR] WebSocket connection to 'ws://localhost:5173/' failed: Error in connection establishment: net::ERR_CONNECTION_REFUSED @ http://localhost:5173/@vite/client:1034
[10204370ms] [ERROR] WebSocket connection to 'ws://localhost:5173/' failed: Error in connection establishment: net::ERR_CONNECTION_REFUSED @ http://localhost:5173/@vite/client:1034
[10210420ms] [ERROR] WebSocket connection to 'ws://localhost:5173/' failed: Error in connection establishment: net::ERR_CONNECTION_REFUSED @ http://localhost:5173/@vite/client:1034
[10216294ms] [ERROR] WebSocket connection to 'ws://localhost:5173/' failed: Error in connection establishment: net::ERR_CONNECTION_REFUSED @ http://localhost:5173/@vite/client:1034
[10221417ms] [ERROR] WebSocket connection to 'ws://localhost:5173/' failed: Error in connection establishment: net::ERR_CONNECTION_REFUSED @ http://localhost:5173/@vite/client:1034
[10224777ms] [ERROR] WebSocket connection to 'ws://localhost:5173/' failed: Error in connection establishment: net::ERR_CONNECTION_REFUSED @ http://localhost:5173/@vite/client:1034
[10228123ms] [ERROR] WebSocket connection to 'ws://localhost:5173/' failed: Error in connection establishment: net::ERR_CONNECTION_REFUSED @ http://localhost:5173/@vite/client:1034
[10231520ms] [ERROR] WebSocket connection to 'ws://localhost:5173/' failed: Error in connection establishment: net::ERR_CONNECTION_REFUSED @ http://localhost:5173/@vite/client:1034
[10234870ms] [ERROR] WebSocket connection to 'ws://localhost:5173/' failed: Error in connection establishment: net::ERR_CONNECTION_REFUSED @ http://localhost:5173/@vite/client:1034
[10238251ms] [ERROR] WebSocket connection to 'ws://localhost:5173/' failed: Error in connection establishment: net::ERR_CONNECTION_REFUSED @ http://localhost:5173/@vite/client:1034
[10241620ms] [ERROR] WebSocket connection to 'ws://localhost:5173/' failed: Error in connection establishment: net::ERR_CONNECTION_REFUSED @ http://localhost:5173/@vite/client:1034
[10251939ms] [INFO] %cDownload the React DevTools for a better development experience: https://reactjs.org/link/react-devtools font-weight:bold @ http://localhost:5173/node_modules/.vite/deps/chunk-NXESFFTV.js?v=98a32b23:21608
[10251968ms] [WARNING] ⚠️ React Router Future Flag Warning: React Router will begin wrapping state updates in `React.startTransition` in v7. You can use the `v7_startTransition` future flag to opt-in early. For more information, see https://reactrouter.com/v6/upgrading/future#v7_starttransition. @ http://localhost:5173/node_modules/.vite/deps/react-router-dom.js?v=98a32b23:4416
[10251968ms] [WARNING] ⚠️ React Router Future Flag Warning: Relative route resolution within Splat routes is changing in v7. You can use the `v7_relativeSplatPath` future flag to opt-in early. For more information, see https://reactrouter.com/v6/upgrading/future#v7_relativesplatpath. @ http://localhost:5173/node_modules/.vite/deps/react-router-dom.js?v=98a32b23:4416
[10252063ms] [VERBOSE] [DOM] Input elements should have autocomplete attributes (suggested: "current-password"): (More info: https://goo.gl/9p2vKq) %o @ http://localhost:5173/login:0
[14699368ms] [LOG] [vite] server connection lost. Polling for restart... @ http://localhost:5173/@vite/client:963
[14701733ms] [ERROR] WebSocket connection to 'ws://localhost:5173/' failed: Error in connection establishment: net::ERR_CONNECTION_REFUSED @ http://localhost:5173/@vite/client:1034
[14705096ms] [ERROR] WebSocket connection to 'ws://localhost:5173/' failed: Error in connection establishment: net::ERR_CONNECTION_REFUSED @ http://localhost:5173/@vite/client:1034
[14708462ms] [ERROR] WebSocket connection to 'ws://localhost:5173/' failed: Error in connection establishment: net::ERR_CONNECTION_REFUSED @ http://localhost:5173/@vite/client:1034
[14711860ms] [ERROR] WebSocket connection to 'ws://localhost:5173/' failed: Error in connection establishment: net::ERR_CONNECTION_REFUSED @ http://localhost:5173/@vite/client:1034
[14715231ms] [ERROR] WebSocket connection to 'ws://localhost:5173/' failed: Error in connection establishment: net::ERR_CONNECTION_REFUSED @ http://localhost:5173/@vite/client:1034
[14718621ms] [ERROR] WebSocket connection to 'ws://localhost:5173/' failed: Error in connection establishment: net::ERR_CONNECTION_REFUSED @ http://localhost:5173/@vite/client:1034
[14721972ms] [ERROR] WebSocket connection to 'ws://localhost:5173/' failed: Error in connection establishment: net::ERR_CONNECTION_REFUSED @ http://localhost:5173/@vite/client:1034
[14725338ms] [ERROR] WebSocket connection to 'ws://localhost:5173/' failed: Error in connection establishment: net::ERR_CONNECTION_REFUSED @ http://localhost:5173/@vite/client:1034
[14728735ms] [ERROR] WebSocket connection to 'ws://localhost:5173/' failed: Error in connection establishment: net::ERR_CONNECTION_REFUSED @ http://localhost:5173/@vite/client:1034
[14732153ms] [ERROR] WebSocket connection to 'ws://localhost:5173/' failed: Error in connection establishment: net::ERR_CONNECTION_REFUSED @ http://localhost:5173/@vite/client:1034
[14735585ms] [ERROR] WebSocket connection to 'ws://localhost:5173/' failed: Error in connection establishment: net::ERR_CONNECTION_REFUSED @ http://localhost:5173/@vite/client:1034
[14739047ms] [ERROR] WebSocket connection to 'ws://localhost:5173/' failed: Error in connection establishment: net::ERR_CONNECTION_REFUSED @ http://localhost:5173/@vite/client:1034
[14742674ms] [ERROR] WebSocket connection to 'ws://localhost:5173/' failed: Error in connection establishment: net::ERR_CONNECTION_REFUSED @ http://localhost:5173/@vite/client:1034
[14746635ms] [ERROR] WebSocket connection to 'ws://localhost:5173/' failed: Error in connection establishment: net::ERR_CONNECTION_REFUSED @ http://localhost:5173/@vite/client:1034
[14750807ms] [ERROR] WebSocket connection to 'ws://localhost:5173/' failed: Error in connection establishment: net::ERR_CONNECTION_REFUSED @ http://localhost:5173/@vite/client:1034
[14754761ms] [ERROR] WebSocket connection to 'ws://localhost:5173/' failed: Error in connection establishment: net::ERR_CONNECTION_REFUSED @ http://localhost:5173/@vite/client:1034
[14760612ms] [ERROR] WebSocket connection to 'ws://localhost:5173/' failed: Error in connection establishment: net::ERR_CONNECTION_REFUSED @ http://localhost:5173/@vite/client:1034
[14768838ms] [ERROR] WebSocket connection to 'ws://localhost:5173/' failed: Error in connection establishment: net::ERR_CONNECTION_REFUSED @ http://localhost:5173/@vite/client:1034
[14775636ms] [ERROR] WebSocket connection to 'ws://localhost:5173/' failed: Error in connection establishment: net::ERR_CONNECTION_REFUSED @ http://localhost:5173/@vite/client:1034
[14780300ms] [ERROR] WebSocket connection to 'ws://localhost:5173/' failed: Error in connection establishment: net::ERR_CONNECTION_REFUSED @ http://localhost:5173/@vite/client:1034
[14786011ms] [ERROR] WebSocket connection to 'ws://localhost:5173/' failed: Error in connection establishment: net::ERR_CONNECTION_REFUSED @ http://localhost:5173/@vite/client:1034
[14792805ms] [ERROR] WebSocket connection to 'ws://localhost:5173/' failed: Error in connection establishment: net::ERR_CONNECTION_REFUSED @ http://localhost:5173/@vite/client:1034
[14799608ms] [ERROR] WebSocket connection to 'ws://localhost:5173/' failed: Error in connection establishment: net::ERR_CONNECTION_REFUSED @ http://localhost:5173/@vite/client:1034
[14806247ms] [ERROR] WebSocket connection to 'ws://localhost:5173/' failed: Error in connection establishment: net::ERR_CONNECTION_REFUSED @ http://localhost:5173/@vite/client:1034
[14810731ms] [ERROR] WebSocket connection to 'ws://localhost:5173/' failed: Error in connection establishment: net::ERR_CONNECTION_REFUSED @ http://localhost:5173/@vite/client:1034
[14818343ms] [ERROR] WebSocket connection to 'ws://localhost:5173/' failed: Error in connection establishment: net::ERR_CONNECTION_REFUSED @ http://localhost:5173/@vite/client:1034
[14826202ms] [ERROR] WebSocket connection to 'ws://localhost:5173/' failed: Error in connection establishment: net::ERR_CONNECTION_REFUSED @ http://localhost:5173/@vite/client:1034
[14830761ms] [ERROR] WebSocket connection to 'ws://localhost:5173/' failed: Error in connection establishment: net::ERR_CONNECTION_REFUSED @ http://localhost:5173/@vite/client:1034
[14838731ms] [ERROR] WebSocket connection to 'ws://localhost:5173/' failed: Error in connection establishment: net::ERR_CONNECTION_REFUSED @ http://localhost:5173/@vite/client:1034
[14846352ms] [ERROR] WebSocket connection to 'ws://localhost:5173/' failed: Error in connection establishment: net::ERR_CONNECTION_REFUSED @ http://localhost:5173/@vite/client:1034
[14852932ms] [ERROR] WebSocket connection to 'ws://localhost:5173/' failed: Error in connection establishment: net::ERR_CONNECTION_REFUSED @ http://localhost:5173/@vite/client:1034
[14859417ms] [ERROR] WebSocket connection to 'ws://localhost:5173/' failed: Error in connection establishment: net::ERR_CONNECTION_REFUSED @ http://localhost:5173/@vite/client:1034
[14865043ms] [ERROR] WebSocket connection to 'ws://localhost:5173/' failed: Error in connection establishment: net::ERR_CONNECTION_REFUSED @ http://localhost:5173/@vite/client:1034
[14871117ms] [ERROR] WebSocket connection to 'ws://localhost:5173/' failed: Error in connection establishment: net::ERR_CONNECTION_REFUSED @ http://localhost:5173/@vite/client:1034
[14879190ms] [ERROR] WebSocket connection to 'ws://localhost:5173/' failed: Error in connection establishment: net::ERR_CONNECTION_REFUSED @ http://localhost:5173/@vite/client:1034
[14885799ms] [ERROR] WebSocket connection to 'ws://localhost:5173/' failed: Error in connection establishment: net::ERR_CONNECTION_REFUSED @ http://localhost:5173/@vite/client:1034
[14890449ms] [ERROR] WebSocket connection to 'ws://localhost:5173/' failed: Error in connection establishment: net::ERR_CONNECTION_REFUSED @ http://localhost:5173/@vite/client:1034
[14897651ms] [ERROR] WebSocket connection to 'ws://localhost:5173/' failed: Error in connection establishment: net::ERR_CONNECTION_REFUSED @ http://localhost:5173/@vite/client:1034
[14905167ms] [ERROR] WebSocket connection to 'ws://localhost:5173/' failed: Error in connection establishment: net::ERR_CONNECTION_REFUSED @ http://localhost:5173/@vite/client:1034
[14912818ms] [ERROR] WebSocket connection to 'ws://localhost:5173/' failed: Error in connection establishment: net::ERR_CONNECTION_REFUSED @ http://localhost:5173/@vite/client:1034
[14917268ms] [ERROR] WebSocket connection to 'ws://localhost:5173/' failed: Error in connection establishment: net::ERR_CONNECTION_REFUSED @ http://localhost:5173/@vite/client:1034
[14925535ms] [ERROR] WebSocket connection to 'ws://localhost:5173/' failed: Error in connection establishment: net::ERR_CONNECTION_REFUSED @ http://localhost:5173/@vite/client:1034
[14930370ms] [ERROR] WebSocket connection to 'ws://localhost:5173/' failed: Error in connection establishment: net::ERR_CONNECTION_REFUSED @ http://localhost:5173/@vite/client:1034
[14935003ms] [ERROR] WebSocket connection to 'ws://localhost:5173/' failed: Error in connection establishment: net::ERR_CONNECTION_REFUSED @ http://localhost:5173/@vite/client:1034
[14942887ms] [ERROR] WebSocket connection to 'ws://localhost:5173/' failed: Error in connection establishment: net::ERR_CONNECTION_REFUSED @ http://localhost:5173/@vite/client:1034
[14948236ms] [ERROR] WebSocket connection to 'ws://localhost:5173/' failed: Error in connection establishment: net::ERR_CONNECTION_REFUSED @ http://localhost:5173/@vite/client:1034
[14956020ms] [ERROR] WebSocket connection to 'ws://localhost:5173/' failed: Error in connection establishment: net::ERR_CONNECTION_REFUSED @ http://localhost:5173/@vite/client:1034
[14962822ms] [ERROR] WebSocket connection to 'ws://localhost:5173/' failed: Error in connection establishment: net::ERR_CONNECTION_REFUSED @ http://localhost:5173/@vite/client:1034
[14968280ms] [ERROR] WebSocket connection to 'ws://localhost:5173/' failed: Error in connection establishment: net::ERR_CONNECTION_REFUSED @ http://localhost:5173/@vite/client:1034
[14972994ms] [ERROR] WebSocket connection to 'ws://localhost:5173/' failed: Error in connection establishment: net::ERR_CONNECTION_REFUSED @ http://localhost:5173/@vite/client:1034
[14977910ms] [ERROR] WebSocket connection to 'ws://localhost:5173/' failed: Error in connection establishment: net::ERR_CONNECTION_REFUSED @ http://localhost:5173/@vite/client:1034
[14984406ms] [ERROR] WebSocket connection to 'ws://localhost:5173/' failed: Error in connection establishment: net::ERR_CONNECTION_REFUSED @ http://localhost:5173/@vite/client:1034
[14989323ms] [ERROR] WebSocket connection to 'ws://localhost:5173/' failed: Error in connection establishment: net::ERR_CONNECTION_REFUSED @ http://localhost:5173/@vite/client:1034
[14995089ms] [ERROR] WebSocket connection to 'ws://localhost:5173/' failed: Error in connection establishment: net::ERR_CONNECTION_REFUSED @ http://localhost:5173/@vite/client:1034
[15001792ms] [ERROR] WebSocket connection to 'ws://localhost:5173/' failed: Error in connection establishment: net::ERR_CONNECTION_REFUSED @ http://localhost:5173/@vite/client:1034
[15006540ms] [ERROR] WebSocket connection to 'ws://localhost:5173/' failed: Error in connection establishment: net::ERR_CONNECTION_REFUSED @ http://localhost:5173/@vite/client:1034
[15011107ms] [ERROR] WebSocket connection to 'ws://localhost:5173/' failed: Error in connection establishment: net::ERR_CONNECTION_REFUSED @ http://localhost:5173/@vite/client:1034
[15019363ms] [ERROR] WebSocket connection to 'ws://localhost:5173/' failed: Error in connection establishment: net::ERR_CONNECTION_REFUSED @ http://localhost:5173/@vite/client:1034
[15024718ms] [ERROR] WebSocket connection to 'ws://localhost:5173/' failed: Error in connection establishment: net::ERR_CONNECTION_REFUSED @ http://localhost:5173/@vite/client:1034
[15032715ms] [ERROR] WebSocket connection to 'ws://localhost:5173/' failed: Error in connection establishment: net::ERR_CONNECTION_REFUSED @ http://localhost:5173/@vite/client:1034
[15040402ms] [ERROR] WebSocket connection to 'ws://localhost:5173/' failed: Error in connection establishment: net::ERR_CONNECTION_REFUSED @ http://localhost:5173/@vite/client:1034
[15045950ms] [ERROR] WebSocket connection to 'ws://localhost:5173/' failed: Error in connection establishment: net::ERR_CONNECTION_REFUSED @ http://localhost:5173/@vite/client:1034
[15053126ms] [ERROR] WebSocket connection to 'ws://localhost:5173/' failed: Error in connection establishment: net::ERR_CONNECTION_REFUSED @ http://localhost:5173/@vite/client:1034
[15058434ms] [ERROR] WebSocket connection to 'ws://localhost:5173/' failed: Error in connection establishment: net::ERR_CONNECTION_REFUSED @ http://localhost:5173/@vite/client:1034
[15061785ms] [ERROR] WebSocket connection to 'ws://localhost:5173/' failed: Error in connection establishment: net::ERR_CONNECTION_REFUSED @ http://localhost:5173/@vite/client:1034
[15065135ms] [ERROR] WebSocket connection to 'ws://localhost:5173/' failed: Error in connection establishment: net::ERR_CONNECTION_REFUSED @ http://localhost:5173/@vite/client:1034
[15068501ms] [ERROR] WebSocket connection to 'ws://localhost:5173/' failed: Error in connection establishment: net::ERR_CONNECTION_REFUSED @ http://localhost:5173/@vite/client:1034
[15071869ms] [ERROR] WebSocket connection to 'ws://localhost:5173/' failed: Error in connection establishment: net::ERR_CONNECTION_REFUSED @ http://localhost:5173/@vite/client:1034
[15075236ms] [ERROR] WebSocket connection to 'ws://localhost:5173/' failed: Error in connection establishment: net::ERR_CONNECTION_REFUSED @ http://localhost:5173/@vite/client:1034
[15078602ms] [ERROR] WebSocket connection to 'ws://localhost:5173/' failed: Error in connection establishment: net::ERR_CONNECTION_REFUSED @ http://localhost:5173/@vite/client:1034
[15081986ms] [ERROR] WebSocket connection to 'ws://localhost:5173/' failed: Error in connection establishment: net::ERR_CONNECTION_REFUSED @ http://localhost:5173/@vite/client:1034
[15085369ms] [ERROR] WebSocket connection to 'ws://localhost:5173/' failed: Error in connection establishment: net::ERR_CONNECTION_REFUSED @ http://localhost:5173/@vite/client:1034
[15088786ms] [ERROR] WebSocket connection to 'ws://localhost:5173/' failed: Error in connection establishment: net::ERR_CONNECTION_REFUSED @ http://localhost:5173/@vite/client:1034
[15092194ms] [ERROR] WebSocket connection to 'ws://localhost:5173/' failed: Error in connection establishment: net::ERR_CONNECTION_REFUSED @ http://localhost:5173/@vite/client:1034
[15095604ms] [ERROR] WebSocket connection to 'ws://localhost:5173/' failed: Error in connection establishment: net::ERR_CONNECTION_REFUSED @ http://localhost:5173/@vite/client:1034
[15099103ms] [ERROR] WebSocket connection to 'ws://localhost:5173/' failed: Error in connection establishment: net::ERR_CONNECTION_REFUSED @ http://localhost:5173/@vite/client:1034
[15102620ms] [ERROR] WebSocket connection to 'ws://localhost:5173/' failed: Error in connection establishment: net::ERR_CONNECTION_REFUSED @ http://localhost:5173/@vite/client:1034
[15106171ms] [ERROR] WebSocket connection to 'ws://localhost:5173/' failed: Error in connection establishment: net::ERR_CONNECTION_REFUSED @ http://localhost:5173/@vite/client:1034
[15110138ms] [ERROR] WebSocket connection to 'ws://localhost:5173/' failed: Error in connection establishment: net::ERR_CONNECTION_REFUSED @ http://localhost:5173/@vite/client:1034
[15115404ms] [ERROR] WebSocket connection to 'ws://localhost:5173/' failed: Error in connection establishment: net::ERR_CONNECTION_REFUSED @ http://localhost:5173/@vite/client:1034
[15121406ms] [ERROR] WebSocket connection to 'ws://localhost:5173/' failed: Error in connection establishment: net::ERR_CONNECTION_REFUSED @ http://localhost:5173/@vite/client:1034
[15126056ms] [ERROR] WebSocket connection to 'ws://localhost:5173/' failed: Error in connection establishment: net::ERR_CONNECTION_REFUSED @ http://localhost:5173/@vite/client:1034
[15133223ms] [ERROR] WebSocket connection to 'ws://localhost:5173/' failed: Error in connection establishment: net::ERR_CONNECTION_REFUSED @ http://localhost:5173/@vite/client:1034
[15139957ms] [ERROR] WebSocket connection to 'ws://localhost:5173/' failed: Error in connection establishment: net::ERR_CONNECTION_REFUSED @ http://localhost:5173/@vite/client:1034
[15146124ms] [ERROR] WebSocket connection to 'ws://localhost:5173/' failed: Error in connection establishment: net::ERR_CONNECTION_REFUSED @ http://localhost:5173/@vite/client:1034
[15153574ms] [ERROR] WebSocket connection to 'ws://localhost:5173/' failed: Error in connection establishment: net::ERR_CONNECTION_REFUSED @ http://localhost:5173/@vite/client:1034
[15161358ms] [ERROR] WebSocket connection to 'ws://localhost:5173/' failed: Error in connection establishment: net::ERR_CONNECTION_REFUSED @ http://localhost:5173/@vite/client:1034
[15168875ms] [ERROR] WebSocket connection to 'ws://localhost:5173/' failed: Error in connection establishment: net::ERR_CONNECTION_REFUSED @ http://localhost:5173/@vite/client:1034
[15173817ms] [ERROR] WebSocket connection to 'ws://localhost:5173/' failed: Error in connection establishment: net::ERR_CONNECTION_REFUSED @ http://localhost:5173/@vite/client:1034
[15179643ms] [ERROR] WebSocket connection to 'ws://localhost:5173/' failed: Error in connection establishment: net::ERR_CONNECTION_REFUSED @ http://localhost:5173/@vite/client:1034
[15186477ms] [ERROR] WebSocket connection to 'ws://localhost:5173/' failed: Error in connection establishment: net::ERR_CONNECTION_REFUSED @ http://localhost:5173/@vite/client:1034
[15192177ms] [ERROR] WebSocket connection to 'ws://localhost:5173/' failed: Error in connection establishment: net::ERR_CONNECTION_REFUSED @ http://localhost:5173/@vite/client:1034
[15198344ms] [ERROR] WebSocket connection to 'ws://localhost:5173/' failed: Error in connection establishment: net::ERR_CONNECTION_REFUSED @ http://localhost:5173/@vite/client:1034
[15204294ms] [ERROR] WebSocket connection to 'ws://localhost:5173/' failed: Error in connection establishment: net::ERR_CONNECTION_REFUSED @ http://localhost:5173/@vite/client:1034
[15212461ms] [ERROR] WebSocket connection to 'ws://localhost:5173/' failed: Error in connection establishment: net::ERR_CONNECTION_REFUSED @ http://localhost:5173/@vite/client:1034
[15217528ms] [ERROR] WebSocket connection to 'ws://localhost:5173/' failed: Error in connection establishment: net::ERR_CONNECTION_REFUSED @ http://localhost:5173/@vite/client:1034
[15222162ms] [ERROR] WebSocket connection to 'ws://localhost:5173/' failed: Error in connection establishment: net::ERR_CONNECTION_REFUSED @ http://localhost:5173/@vite/client:1034
[15226863ms] [ERROR] WebSocket connection to 'ws://localhost:5173/' failed: Error in connection establishment: net::ERR_CONNECTION_REFUSED @ http://localhost:5173/@vite/client:1034
[15234197ms] [ERROR] WebSocket connection to 'ws://localhost:5173/' failed: Error in connection establishment: net::ERR_CONNECTION_REFUSED @ http://localhost:5173/@vite/client:1034
[15240130ms] [ERROR] WebSocket connection to 'ws://localhost:5173/' failed: Error in connection establishment: net::ERR_CONNECTION_REFUSED @ http://localhost:5173/@vite/client:1034
[15246347ms] [ERROR] WebSocket connection to 'ws://localhost:5173/' failed: Error in connection establishment: net::ERR_CONNECTION_REFUSED @ http://localhost:5173/@vite/client:1034
[15253434ms] [ERROR] WebSocket connection to 'ws://localhost:5173/' failed: Error in connection establishment: net::ERR_CONNECTION_REFUSED @ http://localhost:5173/@vite/client:1034
[15260407ms] [ERROR] WebSocket connection to 'ws://localhost:5173/' failed: Error in connection establishment: net::ERR_CONNECTION_REFUSED @ http://localhost:5173/@vite/client:1034
[15265243ms] [ERROR] WebSocket connection to 'ws://localhost:5173/' failed: Error in connection establishment: net::ERR_CONNECTION_REFUSED @ http://localhost:5173/@vite/client:1034
[15272575ms] [ERROR] WebSocket connection to 'ws://localhost:5173/' failed: Error in connection establishment: net::ERR_CONNECTION_REFUSED @ http://localhost:5173/@vite/client:1034
[15278718ms] [ERROR] WebSocket connection to 'ws://localhost:5173/' failed: Error in connection establishment: net::ERR_CONNECTION_REFUSED @ http://localhost:5173/@vite/client:1034
[15285535ms] [ERROR] WebSocket connection to 'ws://localhost:5173/' failed: Error in connection establishment: net::ERR_CONNECTION_REFUSED @ http://localhost:5173/@vite/client:1034
[15291619ms] [ERROR] WebSocket connection to 'ws://localhost:5173/' failed: Error in connection establishment: net::ERR_CONNECTION_REFUSED @ http://localhost:5173/@vite/client:1034
[15296352ms] [ERROR] WebSocket connection to 'ws://localhost:5173/' failed: Error in connection establishment: net::ERR_CONNECTION_REFUSED @ http://localhost:5173/@vite/client:1034
[15302024ms] [ERROR] WebSocket connection to 'ws://localhost:5173/' failed: Error in connection establishment: net::ERR_CONNECTION_REFUSED @ http://localhost:5173/@vite/client:1034
[15308109ms] [ERROR] WebSocket connection to 'ws://localhost:5173/' failed: Error in connection establishment: net::ERR_CONNECTION_REFUSED @ http://localhost:5173/@vite/client:1034
[15315020ms] [ERROR] WebSocket connection to 'ws://localhost:5173/' failed: Error in connection establishment: net::ERR_CONNECTION_REFUSED @ http://localhost:5173/@vite/client:1034
[15321930ms] [ERROR] WebSocket connection to 'ws://localhost:5173/' failed: Error in connection establishment: net::ERR_CONNECTION_REFUSED @ http://localhost:5173/@vite/client:1034
[15329747ms] [ERROR] WebSocket connection to 'ws://localhost:5173/' failed: Error in connection establishment: net::ERR_CONNECTION_REFUSED @ http://localhost:5173/@vite/client:1034
[15335668ms] [ERROR] WebSocket connection to 'ws://localhost:5173/' failed: Error in connection establishment: net::ERR_CONNECTION_REFUSED @ http://localhost:5173/@vite/client:1034
[15342780ms] [ERROR] WebSocket connection to 'ws://localhost:5173/' failed: Error in connection establishment: net::ERR_CONNECTION_REFUSED @ http://localhost:5173/@vite/client:1034
[15347407ms] [ERROR] WebSocket connection to 'ws://localhost:5173/' failed: Error in connection establishment: net::ERR_CONNECTION_REFUSED @ http://localhost:5173/@vite/client:1034
[15352041ms] [ERROR] WebSocket connection to 'ws://localhost:5173/' failed: Error in connection establishment: net::ERR_CONNECTION_REFUSED @ http://localhost:5173/@vite/client:1034
[15356813ms] [ERROR] WebSocket connection to 'ws://localhost:5173/' failed: Error in connection establishment: net::ERR_CONNECTION_REFUSED @ http://localhost:5173/@vite/client:1034
[15364118ms] [ERROR] WebSocket connection to 'ws://localhost:5173/' failed: Error in connection establishment: net::ERR_CONNECTION_REFUSED @ http://localhost:5173/@vite/client:1034
[15369884ms] [ERROR] WebSocket connection to 'ws://localhost:5173/' failed: Error in connection establishment: net::ERR_CONNECTION_REFUSED @ http://localhost:5173/@vite/client:1034
[15376671ms] [ERROR] WebSocket connection to 'ws://localhost:5173/' failed: Error in connection establishment: net::ERR_CONNECTION_REFUSED @ http://localhost:5173/@vite/client:1034
[15384648ms] [ERROR] WebSocket connection to 'ws://localhost:5173/' failed: Error in connection establishment: net::ERR_CONNECTION_REFUSED @ http://localhost:5173/@vite/client:1034
[15390793ms] [ERROR] WebSocket connection to 'ws://localhost:5173/' failed: Error in connection establishment: net::ERR_CONNECTION_REFUSED @ http://localhost:5173/@vite/client:1034
[15396289ms] [ERROR] WebSocket connection to 'ws://localhost:5173/' failed: Error in connection establishment: net::ERR_CONNECTION_REFUSED @ http://localhost:5173/@vite/client:1034
[15402141ms] [ERROR] WebSocket connection to 'ws://localhost:5173/' failed: Error in connection establishment: net::ERR_CONNECTION_REFUSED @ http://localhost:5173/@vite/client:1034
[15410066ms] [ERROR] WebSocket connection to 'ws://localhost:5173/' failed: Error in connection establishment: net::ERR_CONNECTION_REFUSED @ http://localhost:5173/@vite/client:1034
[15415625ms] [ERROR] WebSocket connection to 'ws://localhost:5173/' failed: Error in connection establishment: net::ERR_CONNECTION_REFUSED @ http://localhost:5173/@vite/client:1034
[15421183ms] [ERROR] WebSocket connection to 'ws://localhost:5173/' failed: Error in connection establishment: net::ERR_CONNECTION_REFUSED @ http://localhost:5173/@vite/client:1034
[15429331ms] [ERROR] WebSocket connection to 'ws://localhost:5173/' failed: Error in connection establishment: net::ERR_CONNECTION_REFUSED @ http://localhost:5173/@vite/client:1034
[15436121ms] [ERROR] WebSocket connection to 'ws://localhost:5173/' failed: Error in connection establishment: net::ERR_CONNECTION_REFUSED @ http://localhost:5173/@vite/client:1034
[15441861ms] [ERROR] WebSocket connection to 'ws://localhost:5173/' failed: Error in connection establishment: net::ERR_CONNECTION_REFUSED @ http://localhost:5173/@vite/client:1034
[15450181ms] [ERROR] WebSocket connection to 'ws://localhost:5173/' failed: Error in connection establishment: net::ERR_CONNECTION_REFUSED @ http://localhost:5173/@vite/client:1034
[15455094ms] [ERROR] WebSocket connection to 'ws://localhost:5173/' failed: Error in connection establishment: net::ERR_CONNECTION_REFUSED @ http://localhost:5173/@vite/client:1034
[15460156ms] [ERROR] WebSocket connection to 'ws://localhost:5173/' failed: Error in connection establishment: net::ERR_CONNECTION_REFUSED @ http://localhost:5173/@vite/client:1034
[15467822ms] [ERROR] WebSocket connection to 'ws://localhost:5173/' failed: Error in connection establishment: net::ERR_CONNECTION_REFUSED @ http://localhost:5173/@vite/client:1034
[15472964ms] [ERROR] WebSocket connection to 'ws://localhost:5173/' failed: Error in connection establishment: net::ERR_CONNECTION_REFUSED @ http://localhost:5173/@vite/client:1034
[15480897ms] [ERROR] WebSocket connection to 'ws://localhost:5173/' failed: Error in connection establishment: net::ERR_CONNECTION_REFUSED @ http://localhost:5173/@vite/client:1034
[15488884ms] [ERROR] WebSocket connection to 'ws://localhost:5173/' failed: Error in connection establishment: net::ERR_CONNECTION_REFUSED @ http://localhost:5173/@vite/client:1034
[15495985ms] [ERROR] WebSocket connection to 'ws://localhost:5173/' failed: Error in connection establishment: net::ERR_CONNECTION_REFUSED @ http://localhost:5173/@vite/client:1034
[15503744ms] [ERROR] WebSocket connection to 'ws://localhost:5173/' failed: Error in connection establishment: net::ERR_CONNECTION_REFUSED @ http://localhost:5173/@vite/client:1034
[15510416ms] [ERROR] WebSocket connection to 'ws://localhost:5173/' failed: Error in connection establishment: net::ERR_CONNECTION_REFUSED @ http://localhost:5173/@vite/client:1034
[15516223ms] [ERROR] WebSocket connection to 'ws://localhost:5173/' failed: Error in connection establishment: net::ERR_CONNECTION_REFUSED @ http://localhost:5173/@vite/client:1034
[15521549ms] [ERROR] WebSocket connection to 'ws://localhost:5173/' failed: Error in connection establishment: net::ERR_CONNECTION_REFUSED @ http://localhost:5173/@vite/client:1034
[15528871ms] [ERROR] WebSocket connection to 'ws://localhost:5173/' failed: Error in connection establishment: net::ERR_CONNECTION_REFUSED @ http://localhost:5173/@vite/client:1034
[15535056ms] [ERROR] WebSocket connection to 'ws://localhost:5173/' failed: Error in connection establishment: net::ERR_CONNECTION_REFUSED @ http://localhost:5173/@vite/client:1034
[15541334ms] [ERROR] WebSocket connection to 'ws://localhost:5173/' failed: Error in connection establishment: net::ERR_CONNECTION_REFUSED @ http://localhost:5173/@vite/client:1034
[15547978ms] [ERROR] WebSocket connection to 'ws://localhost:5173/' failed: Error in connection establishment: net::ERR_CONNECTION_REFUSED @ http://localhost:5173/@vite/client:1034
[15552542ms] [ERROR] WebSocket connection to 'ws://localhost:5173/' failed: Error in connection establishment: net::ERR_CONNECTION_REFUSED @ http://localhost:5173/@vite/client:1034
[15559790ms] [ERROR] WebSocket connection to 'ws://localhost:5173/' failed: Error in connection establishment: net::ERR_CONNECTION_REFUSED @ http://localhost:5173/@vite/client:1034
[15566633ms] [ERROR] WebSocket connection to 'ws://localhost:5173/' failed: Error in connection establishment: net::ERR_CONNECTION_REFUSED @ http://localhost:5173/@vite/client:1034
[15573699ms] [ERROR] WebSocket connection to 'ws://localhost:5173/' failed: Error in connection establishment: net::ERR_CONNECTION_REFUSED @ http://localhost:5173/@vite/client:1034
[15579575ms] [ERROR] WebSocket connection to 'ws://localhost:5173/' failed: Error in connection establishment: net::ERR_CONNECTION_REFUSED @ http://localhost:5173/@vite/client:1034
[15584804ms] [ERROR] WebSocket connection to 'ws://localhost:5173/' failed: Error in connection establishment: net::ERR_CONNECTION_REFUSED @ http://localhost:5173/@vite/client:1034
[15592513ms] [ERROR] WebSocket connection to 'ws://localhost:5173/' failed: Error in connection establishment: net::ERR_CONNECTION_REFUSED @ http://localhost:5173/@vite/client:1034
[15597836ms] [ERROR] WebSocket connection to 'ws://localhost:5173/' failed: Error in connection establishment: net::ERR_CONNECTION_REFUSED @ http://localhost:5173/@vite/client:1034
[15602343ms] [ERROR] WebSocket connection to 'ws://localhost:5173/' failed: Error in connection establishment: net::ERR_CONNECTION_REFUSED @ http://localhost:5173/@vite/client:1034
[15608997ms] [ERROR] WebSocket connection to 'ws://localhost:5173/' failed: Error in connection establishment: net::ERR_CONNECTION_REFUSED @ http://localhost:5173/@vite/client:1034
[15614751ms] [ERROR] WebSocket connection to 'ws://localhost:5173/' failed: Error in connection establishment: net::ERR_CONNECTION_REFUSED @ http://localhost:5173/@vite/client:1034
[15619782ms] [ERROR] WebSocket connection to 'ws://localhost:5173/' failed: Error in connection establishment: net::ERR_CONNECTION_REFUSED @ http://localhost:5173/@vite/client:1034
[15628000ms] [ERROR] WebSocket connection to 'ws://localhost:5173/' failed: Error in connection establishment: net::ERR_CONNECTION_REFUSED @ http://localhost:5173/@vite/client:1034
[15635680ms] [ERROR] WebSocket connection to 'ws://localhost:5173/' failed: Error in connection establishment: net::ERR_CONNECTION_REFUSED @ http://localhost:5173/@vite/client:1034
[15641399ms] [ERROR] WebSocket connection to 'ws://localhost:5173/' failed: Error in connection establishment: net::ERR_CONNECTION_REFUSED @ http://localhost:5173/@vite/client:1034
[15646405ms] [ERROR] WebSocket connection to 'ws://localhost:5173/' failed: Error in connection establishment: net::ERR_CONNECTION_REFUSED @ http://localhost:5173/@vite/client:1034
[15653157ms] [ERROR] WebSocket connection to 'ws://localhost:5173/' failed: Error in connection establishment: net::ERR_CONNECTION_REFUSED @ http://localhost:5173/@vite/client:1034
[15658464ms] [ERROR] WebSocket connection to 'ws://localhost:5173/' failed: Error in connection establishment: net::ERR_CONNECTION_REFUSED @ http://localhost:5173/@vite/client:1034
[15664799ms] [ERROR] WebSocket connection to 'ws://localhost:5173/' failed: Error in connection establishment: net::ERR_CONNECTION_REFUSED @ http://localhost:5173/@vite/client:1034
[15671892ms] [ERROR] WebSocket connection to 'ws://localhost:5173/' failed: Error in connection establishment: net::ERR_CONNECTION_REFUSED @ http://localhost:5173/@vite/client:1034
[15679494ms] [ERROR] WebSocket connection to 'ws://localhost:5173/' failed: Error in connection establishment: net::ERR_CONNECTION_REFUSED @ http://localhost:5173/@vite/client:1034
[15685673ms] [ERROR] WebSocket connection to 'ws://localhost:5173/' failed: Error in connection establishment: net::ERR_CONNECTION_REFUSED @ http://localhost:5173/@vite/client:1034
[15693557ms] [ERROR] WebSocket connection to 'ws://localhost:5173/' failed: Error in connection establishment: net::ERR_CONNECTION_REFUSED @ http://localhost:5173/@vite/client:1034
[15697963ms] [ERROR] WebSocket connection to 'ws://localhost:5173/' failed: Error in connection establishment: net::ERR_CONNECTION_REFUSED @ http://localhost:5173/@vite/client:1034
[15703545ms] [ERROR] WebSocket connection to 'ws://localhost:5173/' failed: Error in connection establishment: net::ERR_CONNECTION_REFUSED @ http://localhost:5173/@vite/client:1034
[15710080ms] [ERROR] WebSocket connection to 'ws://localhost:5173/' failed: Error in connection establishment: net::ERR_CONNECTION_REFUSED @ http://localhost:5173/@vite/client:1034
[15717613ms] [ERROR] WebSocket connection to 'ws://localhost:5173/' failed: Error in connection establishment: net::ERR_CONNECTION_REFUSED @ http://localhost:5173/@vite/client:1034
[15724680ms] [ERROR] WebSocket connection to 'ws://localhost:5173/' failed: Error in connection establishment: net::ERR_CONNECTION_REFUSED @ http://localhost:5173/@vite/client:1034
[15732027ms] [ERROR] WebSocket connection to 'ws://localhost:5173/' failed: Error in connection establishment: net::ERR_CONNECTION_REFUSED @ http://localhost:5173/@vite/client:1034
[15738767ms] [ERROR] WebSocket connection to 'ws://localhost:5173/' failed: Error in connection establishment: net::ERR_CONNECTION_REFUSED @ http://localhost:5173/@vite/client:1034
[15745758ms] [ERROR] WebSocket connection to 'ws://localhost:5173/' failed: Error in connection establishment: net::ERR_CONNECTION_REFUSED @ http://localhost:5173/@vite/client:1034
[15754068ms] [ERROR] WebSocket connection to 'ws://localhost:5173/' failed: Error in connection establishment: net::ERR_CONNECTION_REFUSED @ http://localhost:5173/@vite/client:1034
[15762280ms] [ERROR] WebSocket connection to 'ws://localhost:5173/' failed: Error in connection establishment: net::ERR_CONNECTION_REFUSED @ http://localhost:5173/@vite/client:1034
[15767493ms] [ERROR] WebSocket connection to 'ws://localhost:5173/' failed: Error in connection establishment: net::ERR_CONNECTION_REFUSED @ http://localhost:5173/@vite/client:1034
[15774429ms] [ERROR] WebSocket connection to 'ws://localhost:5173/' failed: Error in connection establishment: net::ERR_CONNECTION_REFUSED @ http://localhost:5173/@vite/client:1034
[15781792ms] [ERROR] WebSocket connection to 'ws://localhost:5173/' failed: Error in connection establishment: net::ERR_CONNECTION_REFUSED @ http://localhost:5173/@vite/client:1034
[15786830ms] [ERROR] WebSocket connection to 'ws://localhost:5173/' failed: Error in connection establishment: net::ERR_CONNECTION_REFUSED @ http://localhost:5173/@vite/client:1034
[15793671ms] [ERROR] WebSocket connection to 'ws://localhost:5173/' failed: Error in connection establishment: net::ERR_CONNECTION_REFUSED @ http://localhost:5173/@vite/client:1034
[15798542ms] [ERROR] WebSocket connection to 'ws://localhost:5173/' failed: Error in connection establishment: net::ERR_CONNECTION_REFUSED @ http://localhost:5173/@vite/client:1034
[15805727ms] [ERROR] WebSocket connection to 'ws://localhost:5173/' failed: Error in connection establishment: net::ERR_CONNECTION_REFUSED @ http://localhost:5173/@vite/client:1034
[15810774ms] [ERROR] WebSocket connection to 'ws://localhost:5173/' failed: Error in connection establishment: net::ERR_CONNECTION_REFUSED @ http://localhost:5173/@vite/client:1034
[15815627ms] [ERROR] WebSocket connection to 'ws://localhost:5173/' failed: Error in connection establishment: net::ERR_CONNECTION_REFUSED @ http://localhost:5173/@vite/client:1034
[15820040ms] [ERROR] WebSocket connection to 'ws://localhost:5173/' failed: Error in connection establishment: net::ERR_CONNECTION_REFUSED @ http://localhost:5173/@vite/client:1034
[15826166ms] [ERROR] WebSocket connection to 'ws://localhost:5173/' failed: Error in connection establishment: net::ERR_CONNECTION_REFUSED @ http://localhost:5173/@vite/client:1034
[15833521ms] [ERROR] WebSocket connection to 'ws://localhost:5173/' failed: Error in connection establishment: net::ERR_CONNECTION_REFUSED @ http://localhost:5173/@vite/client:1034
[15840479ms] [ERROR] WebSocket connection to 'ws://localhost:5173/' failed: Error in connection establishment: net::ERR_CONNECTION_REFUSED @ http://localhost:5173/@vite/client:1034
[15846305ms] [ERROR] WebSocket connection to 'ws://localhost:5173/' failed: Error in connection establishment: net::ERR_CONNECTION_REFUSED @ http://localhost:5173/@vite/client:1034
[15851978ms] [ERROR] WebSocket connection to 'ws://localhost:5173/' failed: Error in connection establishment: net::ERR_CONNECTION_REFUSED @ http://localhost:5173/@vite/client:1034
[15859568ms] [ERROR] WebSocket connection to 'ws://localhost:5173/' failed: Error in connection establishment: net::ERR_CONNECTION_REFUSED @ http://localhost:5173/@vite/client:1034
[15867129ms] [ERROR] WebSocket connection to 'ws://localhost:5173/' failed: Error in connection establishment: net::ERR_CONNECTION_REFUSED @ http://localhost:5173/@vite/client:1034
[15874124ms] [ERROR] WebSocket connection to 'ws://localhost:5173/' failed: Error in connection establishment: net::ERR_CONNECTION_REFUSED @ http://localhost:5173/@vite/client:1034
[15878493ms] [ERROR] WebSocket connection to 'ws://localhost:5173/' failed: Error in connection establishment: net::ERR_CONNECTION_REFUSED @ http://localhost:5173/@vite/client:1034
[15885965ms] [ERROR] WebSocket connection to 'ws://localhost:5173/' failed: Error in connection establishment: net::ERR_CONNECTION_REFUSED @ http://localhost:5173/@vite/client:1034
[15890811ms] [ERROR] WebSocket connection to 'ws://localhost:5173/' failed: Error in connection establishment: net::ERR_CONNECTION_REFUSED @ http://localhost:5173/@vite/client:1034
[15899087ms] [ERROR] WebSocket connection to 'ws://localhost:5173/' failed: Error in connection establishment: net::ERR_CONNECTION_REFUSED @ http://localhost:5173/@vite/client:1034
[15902436ms] [ERROR] WebSocket connection to 'ws://localhost:5173/' failed: Error in connection establishment: net::ERR_CONNECTION_REFUSED @ http://localhost:5173/@vite/client:1034
[15905798ms] [ERROR] WebSocket connection to 'ws://localhost:5173/' failed: Error in connection establishment: net::ERR_CONNECTION_REFUSED @ http://localhost:5173/@vite/client:1034
[15909153ms] [ERROR] WebSocket connection to 'ws://localhost:5173/' failed: Error in connection establishment: net::ERR_CONNECTION_REFUSED @ http://localhost:5173/@vite/client:1034
[15912508ms] [ERROR] WebSocket connection to 'ws://localhost:5173/' failed: Error in connection establishment: net::ERR_CONNECTION_REFUSED @ http://localhost:5173/@vite/client:1034
[15915854ms] [ERROR] WebSocket connection to 'ws://localhost:5173/' failed: Error in connection establishment: net::ERR_CONNECTION_REFUSED @ http://localhost:5173/@vite/client:1034
[15919221ms] [ERROR] WebSocket connection to 'ws://localhost:5173/' failed: Error in connection establishment: net::ERR_CONNECTION_REFUSED @ http://localhost:5173/@vite/client:1034
[15922563ms] [ERROR] WebSocket connection to 'ws://localhost:5173/' failed: Error in connection establishment: net::ERR_CONNECTION_REFUSED @ http://localhost:5173/@vite/client:1034
[15925924ms] [ERROR] WebSocket connection to 'ws://localhost:5173/' failed: Error in connection establishment: net::ERR_CONNECTION_REFUSED @ http://localhost:5173/@vite/client:1034
[15929312ms] [ERROR] WebSocket connection to 'ws://localhost:5173/' failed: Error in connection establishment: net::ERR_CONNECTION_REFUSED @ http://localhost:5173/@vite/client:1034
[15932708ms] [ERROR] WebSocket connection to 'ws://localhost:5173/' failed: Error in connection establishment: net::ERR_CONNECTION_REFUSED @ http://localhost:5173/@vite/client:1034
[15936119ms] [ERROR] WebSocket connection to 'ws://localhost:5173/' failed: Error in connection establishment: net::ERR_CONNECTION_REFUSED @ http://localhost:5173/@vite/client:1034
[15939633ms] [ERROR] WebSocket connection to 'ws://localhost:5173/' failed: Error in connection establishment: net::ERR_CONNECTION_REFUSED @ http://localhost:5173/@vite/client:1034
[15943115ms] [ERROR] WebSocket connection to 'ws://localhost:5173/' failed: Error in connection establishment: net::ERR_CONNECTION_REFUSED @ http://localhost:5173/@vite/client:1034
[15946650ms] [ERROR] WebSocket connection to 'ws://localhost:5173/' failed: Error in connection establishment: net::ERR_CONNECTION_REFUSED @ http://localhost:5173/@vite/client:1034
[15950591ms] [ERROR] WebSocket connection to 'ws://localhost:5173/' failed: Error in connection establishment: net::ERR_CONNECTION_REFUSED @ http://localhost:5173/@vite/client:1034
[15956415ms] [ERROR] WebSocket connection to 'ws://localhost:5173/' failed: Error in connection establishment: net::ERR_CONNECTION_REFUSED @ http://localhost:5173/@vite/client:1034
[15961854ms] [ERROR] WebSocket connection to 'ws://localhost:5173/' failed: Error in connection establishment: net::ERR_CONNECTION_REFUSED @ http://localhost:5173/@vite/client:1034
[15967075ms] [ERROR] WebSocket connection to 'ws://localhost:5173/' failed: Error in connection establishment: net::ERR_CONNECTION_REFUSED @ http://localhost:5173/@vite/client:1034
[15974224ms] [ERROR] WebSocket connection to 'ws://localhost:5173/' failed: Error in connection establishment: net::ERR_CONNECTION_REFUSED @ http://localhost:5173/@vite/client:1034
[15981905ms] [ERROR] WebSocket connection to 'ws://localhost:5173/' failed: Error in connection establishment: net::ERR_CONNECTION_REFUSED @ http://localhost:5173/@vite/client:1034
[15989221ms] [ERROR] WebSocket connection to 'ws://localhost:5173/' failed: Error in connection establishment: net::ERR_CONNECTION_REFUSED @ http://localhost:5173/@vite/client:1034
[15994351ms] [ERROR] WebSocket connection to 'ws://localhost:5173/' failed: Error in connection establishment: net::ERR_CONNECTION_REFUSED @ http://localhost:5173/@vite/client:1034
[16001745ms] [ERROR] WebSocket connection to 'ws://localhost:5173/' failed: Error in connection establishment: net::ERR_CONNECTION_REFUSED @ http://localhost:5173/@vite/client:1034
[16009469ms] [ERROR] WebSocket connection to 'ws://localhost:5173/' failed: Error in connection establishment: net::ERR_CONNECTION_REFUSED @ http://localhost:5173/@vite/client:1034
[16017428ms] [ERROR] WebSocket connection to 'ws://localhost:5173/' failed: Error in connection establishment: net::ERR_CONNECTION_REFUSED @ http://localhost:5173/@vite/client:1034
[16023311ms] [ERROR] WebSocket connection to 'ws://localhost:5173/' failed: Error in connection establishment: net::ERR_CONNECTION_REFUSED @ http://localhost:5173/@vite/client:1034
[16027912ms] [ERROR] WebSocket connection to 'ws://localhost:5173/' failed: Error in connection establishment: net::ERR_CONNECTION_REFUSED @ http://localhost:5173/@vite/client:1034
[16032962ms] [ERROR] WebSocket connection to 'ws://localhost:5173/' failed: Error in connection establishment: net::ERR_CONNECTION_REFUSED @ http://localhost:5173/@vite/client:1034
[16038363ms] [ERROR] WebSocket connection to 'ws://localhost:5173/' failed: Error in connection establishment: net::ERR_CONNECTION_REFUSED @ http://localhost:5173/@vite/client:1034
[16044375ms] [ERROR] WebSocket connection to 'ws://localhost:5173/' failed: Error in connection establishment: net::ERR_CONNECTION_REFUSED @ http://localhost:5173/@vite/client:1034
[16048804ms] [ERROR] WebSocket connection to 'ws://localhost:5173/' failed: Error in connection establishment: net::ERR_CONNECTION_REFUSED @ http://localhost:5173/@vite/client:1034
[16053372ms] [ERROR] WebSocket connection to 'ws://localhost:5173/' failed: Error in connection establishment: net::ERR_CONNECTION_REFUSED @ http://localhost:5173/@vite/client:1034
[16060775ms] [ERROR] WebSocket connection to 'ws://localhost:5173/' failed: Error in connection establishment: net::ERR_CONNECTION_REFUSED @ http://localhost:5173/@vite/client:1034
[16065905ms] [ERROR] WebSocket connection to 'ws://localhost:5173/' failed: Error in connection establishment: net::ERR_CONNECTION_REFUSED @ http://localhost:5173/@vite/client:1034
[16073638ms] [ERROR] WebSocket connection to 'ws://localhost:5173/' failed: Error in connection establishment: net::ERR_CONNECTION_REFUSED @ http://localhost:5173/@vite/client:1034
[16080899ms] [ERROR] WebSocket connection to 'ws://localhost:5173/' failed: Error in connection establishment: net::ERR_CONNECTION_REFUSED @ http://localhost:5173/@vite/client:1034
[16088838ms] [ERROR] WebSocket connection to 'ws://localhost:5173/' failed: Error in connection establishment: net::ERR_CONNECTION_REFUSED @ http://localhost:5173/@vite/client:1034
[16095635ms] [ERROR] WebSocket connection to 'ws://localhost:5173/' failed: Error in connection establishment: net::ERR_CONNECTION_REFUSED @ http://localhost:5173/@vite/client:1034
[16100400ms] [ERROR] WebSocket connection to 'ws://localhost:5173/' failed: Error in connection establishment: net::ERR_CONNECTION_REFUSED @ http://localhost:5173/@vite/client:1034
[16107258ms] [ERROR] WebSocket connection to 'ws://localhost:5173/' failed: Error in connection establishment: net::ERR_CONNECTION_REFUSED @ http://localhost:5173/@vite/client:1034
[16113018ms] [ERROR] WebSocket connection to 'ws://localhost:5173/' failed: Error in connection establishment: net::ERR_CONNECTION_REFUSED @ http://localhost:5173/@vite/client:1034
[16118152ms] [ERROR] WebSocket connection to 'ws://localhost:5173/' failed: Error in connection establishment: net::ERR_CONNECTION_REFUSED @ http://localhost:5173/@vite/client:1034
[16125019ms] [ERROR] WebSocket connection to 'ws://localhost:5173/' failed: Error in connection establishment: net::ERR_CONNECTION_REFUSED @ http://localhost:5173/@vite/client:1034
[16133363ms] [ERROR] WebSocket connection to 'ws://localhost:5173/' failed: Error in connection establishment: net::ERR_CONNECTION_REFUSED @ http://localhost:5173/@vite/client:1034
[16138610ms] [ERROR] WebSocket connection to 'ws://localhost:5173/' failed: Error in connection establishment: net::ERR_CONNECTION_REFUSED @ http://localhost:5173/@vite/client:1034
[16146291ms] [ERROR] WebSocket connection to 'ws://localhost:5173/' failed: Error in connection establishment: net::ERR_CONNECTION_REFUSED @ http://localhost:5173/@vite/client:1034
[16152970ms] [ERROR] WebSocket connection to 'ws://localhost:5173/' failed: Error in connection establishment: net::ERR_CONNECTION_REFUSED @ http://localhost:5173/@vite/client:1034
[16157486ms] [ERROR] WebSocket connection to 'ws://localhost:5173/' failed: Error in connection establishment: net::ERR_CONNECTION_REFUSED @ http://localhost:5173/@vite/client:1034
[16164619ms] [ERROR] WebSocket connection to 'ws://localhost:5173/' failed: Error in connection establishment: net::ERR_CONNECTION_REFUSED @ http://localhost:5173/@vite/client:1034
[16171418ms] [ERROR] WebSocket connection to 'ws://localhost:5173/' failed: Error in connection establishment: net::ERR_CONNECTION_REFUSED @ http://localhost:5173/@vite/client:1034
[16177650ms] [ERROR] WebSocket connection to 'ws://localhost:5173/' failed: Error in connection establishment: net::ERR_CONNECTION_REFUSED @ http://localhost:5173/@vite/client:1034
[16183696ms] [ERROR] WebSocket connection to 'ws://localhost:5173/' failed: Error in connection establishment: net::ERR_CONNECTION_REFUSED @ http://localhost:5173/@vite/client:1034
[16188971ms] [ERROR] WebSocket connection to 'ws://localhost:5173/' failed: Error in connection establishment: net::ERR_CONNECTION_REFUSED @ http://localhost:5173/@vite/client:1034
[16196680ms] [ERROR] WebSocket connection to 'ws://localhost:5173/' failed: Error in connection establishment: net::ERR_CONNECTION_REFUSED @ http://localhost:5173/@vite/client:1034
[16204703ms] [ERROR] WebSocket connection to 'ws://localhost:5173/' failed: Error in connection establishment: net::ERR_CONNECTION_REFUSED @ http://localhost:5173/@vite/client:1034
[16210167ms] [ERROR] WebSocket connection to 'ws://localhost:5173/' failed: Error in connection establishment: net::ERR_CONNECTION_REFUSED @ http://localhost:5173/@vite/client:1034
[16216091ms] [ERROR] WebSocket connection to 'ws://localhost:5173/' failed: Error in connection establishment: net::ERR_CONNECTION_REFUSED @ http://localhost:5173/@vite/client:1034
[16223381ms] [ERROR] WebSocket connection to 'ws://localhost:5173/' failed: Error in connection establishment: net::ERR_CONNECTION_REFUSED @ http://localhost:5173/@vite/client:1034
[16231060ms] [ERROR] WebSocket connection to 'ws://localhost:5173/' failed: Error in connection establishment: net::ERR_CONNECTION_REFUSED @ http://localhost:5173/@vite/client:1034
[16236415ms] [ERROR] WebSocket connection to 'ws://localhost:5173/' failed: Error in connection establishment: net::ERR_CONNECTION_REFUSED @ http://localhost:5173/@vite/client:1034
[16244736ms] [ERROR] WebSocket connection to 'ws://localhost:5173/' failed: Error in connection establishment: net::ERR_CONNECTION_REFUSED @ http://localhost:5173/@vite/client:1034
[16250845ms] [ERROR] WebSocket connection to 'ws://localhost:5173/' failed: Error in connection establishment: net::ERR_CONNECTION_REFUSED @ http://localhost:5173/@vite/client:1034
[16258637ms] [ERROR] WebSocket connection to 'ws://localhost:5173/' failed: Error in connection establishment: net::ERR_CONNECTION_REFUSED @ http://localhost:5173/@vite/client:1034
[16263431ms] [ERROR] WebSocket connection to 'ws://localhost:5173/' failed: Error in connection establishment: net::ERR_CONNECTION_REFUSED @ http://localhost:5173/@vite/client:1034
[16269594ms] [ERROR] WebSocket connection to 'ws://localhost:5173/' failed: Error in connection establishment: net::ERR_CONNECTION_REFUSED @ http://localhost:5173/@vite/client:1034
[16274839ms] [ERROR] WebSocket connection to 'ws://localhost:5173/' failed: Error in connection establishment: net::ERR_CONNECTION_REFUSED @ http://localhost:5173/@vite/client:1034
[16279214ms] [ERROR] WebSocket connection to 'ws://localhost:5173/' failed: Error in connection establishment: net::ERR_CONNECTION_REFUSED @ http://localhost:5173/@vite/client:1034
[16286716ms] [ERROR] WebSocket connection to 'ws://localhost:5173/' failed: Error in connection establishment: net::ERR_CONNECTION_REFUSED @ http://localhost:5173/@vite/client:1034
[16292105ms] [ERROR] WebSocket connection to 'ws://localhost:5173/' failed: Error in connection establishment: net::ERR_CONNECTION_REFUSED @ http://localhost:5173/@vite/client:1034
[16298031ms] [ERROR] WebSocket connection to 'ws://localhost:5173/' failed: Error in connection establishment: net::ERR_CONNECTION_REFUSED @ http://localhost:5173/@vite/client:1034
[16302866ms] [ERROR] WebSocket connection to 'ws://localhost:5173/' failed: Error in connection establishment: net::ERR_CONNECTION_REFUSED @ http://localhost:5173/@vite/client:1034
[16308982ms] [ERROR] WebSocket connection to 'ws://localhost:5173/' failed: Error in connection establishment: net::ERR_CONNECTION_REFUSED @ http://localhost:5173/@vite/client:1034
[16315979ms] [ERROR] WebSocket connection to 'ws://localhost:5173/' failed: Error in connection establishment: net::ERR_CONNECTION_REFUSED @ http://localhost:5173/@vite/client:1034
[16322417ms] [ERROR] WebSocket connection to 'ws://localhost:5173/' failed: Error in connection establishment: net::ERR_CONNECTION_REFUSED @ http://localhost:5173/@vite/client:1034
[16327158ms] [ERROR] WebSocket connection to 'ws://localhost:5173/' failed: Error in connection establishment: net::ERR_CONNECTION_REFUSED @ http://localhost:5173/@vite/client:1034
[16334732ms] [ERROR] WebSocket connection to 'ws://localhost:5173/' failed: Error in connection establishment: net::ERR_CONNECTION_REFUSED @ http://localhost:5173/@vite/client:1034
[16342946ms] [ERROR] WebSocket connection to 'ws://localhost:5173/' failed: Error in connection establishment: net::ERR_CONNECTION_REFUSED @ http://localhost:5173/@vite/client:1034
[16349502ms] [ERROR] WebSocket connection to 'ws://localhost:5173/' failed: Error in connection establishment: net::ERR_CONNECTION_REFUSED @ http://localhost:5173/@vite/client:1034
[16357532ms] [ERROR] WebSocket connection to 'ws://localhost:5173/' failed: Error in connection establishment: net::ERR_CONNECTION_REFUSED @ http://localhost:5173/@vite/client:1034
[16364426ms] [ERROR] WebSocket connection to 'ws://localhost:5173/' failed: Error in connection establishment: net::ERR_CONNECTION_REFUSED @ http://localhost:5173/@vite/client:1034
[16371247ms] [ERROR] WebSocket connection to 'ws://localhost:5173/' failed: Error in connection establishment: net::ERR_CONNECTION_REFUSED @ http://localhost:5173/@vite/client:1034
[16376321ms] [ERROR] WebSocket connection to 'ws://localhost:5173/' failed: Error in connection establishment: net::ERR_CONNECTION_REFUSED @ http://localhost:5173/@vite/client:1034
[16382587ms] [ERROR] WebSocket connection to 'ws://localhost:5173/' failed: Error in connection establishment: net::ERR_CONNECTION_REFUSED @ http://localhost:5173/@vite/client:1034
[16387827ms] [ERROR] WebSocket connection to 'ws://localhost:5173/' failed: Error in connection establishment: net::ERR_CONNECTION_REFUSED @ http://localhost:5173/@vite/client:1034
[16395418ms] [ERROR] WebSocket connection to 'ws://localhost:5173/' failed: Error in connection establishment: net::ERR_CONNECTION_REFUSED @ http://localhost:5173/@vite/client:1034
[16400267ms] [ERROR] WebSocket connection to 'ws://localhost:5173/' failed: Error in connection establishment: net::ERR_CONNECTION_REFUSED @ http://localhost:5173/@vite/client:1034
[16404997ms] [ERROR] WebSocket connection to 'ws://localhost:5173/' failed: Error in connection establishment: net::ERR_CONNECTION_REFUSED @ http://localhost:5173/@vite/client:1034
[16412840ms] [ERROR] WebSocket connection to 'ws://localhost:5173/' failed: Error in connection establishment: net::ERR_CONNECTION_REFUSED @ http://localhost:5173/@vite/client:1034
[16418371ms] [ERROR] WebSocket connection to 'ws://localhost:5173/' failed: Error in connection establishment: net::ERR_CONNECTION_REFUSED @ http://localhost:5173/@vite/client:1034
[51197451ms] [ERROR] WebSocket connection to 'ws://localhost:5173/' failed: Error in connection establishment: net::ERR_CONNECTION_REFUSED @ http://localhost:5173/@vite/client:1034
[51201304ms] [ERROR] WebSocket connection to 'ws://localhost:5173/' failed: Error in connection establishment: net::ERR_CONNECTION_REFUSED @ http://localhost:5173/@vite/client:1034
[51205051ms] [ERROR] WebSocket connection to 'ws://localhost:5173/' failed: Error in connection establishment: net::ERR_CONNECTION_REFUSED @ http://localhost:5173/@vite/client:1034
[51208808ms] [ERROR] WebSocket connection to 'ws://localhost:5173/' failed: Error in connection establishment: net::ERR_CONNECTION_REFUSED @ http://localhost:5173/@vite/client:1034
[51212710ms] [ERROR] WebSocket connection to 'ws://localhost:5173/' failed: Error in connection establishment: net::ERR_CONNECTION_REFUSED @ http://localhost:5173/@vite/client:1034
[51216401ms] [ERROR] WebSocket connection to 'ws://localhost:5173/' failed: Error in connection establishment: net::ERR_CONNECTION_REFUSED @ http://localhost:5173/@vite/client:1034
[51220410ms] [ERROR] WebSocket connection to 'ws://localhost:5173/' failed: Error in connection establishment: net::ERR_CONNECTION_REFUSED @ http://localhost:5173/@vite/client:1034
[51224327ms] [ERROR] WebSocket connection to 'ws://localhost:5173/' failed: Error in connection establishment: net::ERR_CONNECTION_REFUSED @ http://localhost:5173/@vite/client:1034
[51229911ms] [ERROR] WebSocket connection to 'ws://localhost:5173/' failed: Error in connection establishment: net::ERR_CONNECTION_REFUSED @ http://localhost:5173/@vite/client:1034
[51236214ms] [ERROR] WebSocket connection to 'ws://localhost:5173/' failed: Error in connection establishment: net::ERR_CONNECTION_REFUSED @ http://localhost:5173/@vite/client:1034
[51242912ms] [ERROR] WebSocket connection to 'ws://localhost:5173/' failed: Error in connection establishment: net::ERR_CONNECTION_REFUSED @ http://localhost:5173/@vite/client:1034
[51248472ms] [ERROR] WebSocket connection to 'ws://localhost:5173/' failed: Error in connection establishment: net::ERR_CONNECTION_REFUSED @ http://localhost:5173/@vite/client:1034
[51256105ms] [ERROR] WebSocket connection to 'ws://localhost:5173/' failed: Error in connection establishment: net::ERR_CONNECTION_REFUSED @ http://localhost:5173/@vite/client:1034
[51262212ms] [ERROR] WebSocket connection to 'ws://localhost:5173/' failed: Error in connection establishment: net::ERR_CONNECTION_REFUSED @ http://localhost:5173/@vite/client:1034
[51266615ms] [ERROR] WebSocket connection to 'ws://localhost:5173/' failed: Error in connection establishment: net::ERR_CONNECTION_REFUSED @ http://localhost:5173/@vite/client:1034
[51272910ms] [ERROR] WebSocket connection to 'ws://localhost:5173/' failed: Error in connection establishment: net::ERR_CONNECTION_REFUSED @ http://localhost:5173/@vite/client:1034
[51280164ms] [ERROR] WebSocket connection to 'ws://localhost:5173/' failed: Error in connection establishment: net::ERR_CONNECTION_REFUSED @ http://localhost:5173/@vite/client:1034
[51286461ms] [ERROR] WebSocket connection to 'ws://localhost:5173/' failed: Error in connection establishment: net::ERR_CONNECTION_REFUSED @ http://localhost:5173/@vite/client:1034
[51293811ms] [ERROR] WebSocket connection to 'ws://localhost:5173/' failed: Error in connection establishment: net::ERR_CONNECTION_REFUSED @ http://localhost:5173/@vite/client:1034
[51301432ms] [ERROR] WebSocket connection to 'ws://localhost:5173/' failed: Error in connection establishment: net::ERR_CONNECTION_REFUSED @ http://localhost:5173/@vite/client:1034
[51308990ms] [ERROR] WebSocket connection to 'ws://localhost:5173/' failed: Error in connection establishment: net::ERR_CONNECTION_REFUSED @ http://localhost:5173/@vite/client:1034
[51315902ms] [ERROR] WebSocket connection to 'ws://localhost:5173/' failed: Error in connection establishment: net::ERR_CONNECTION_REFUSED @ http://localhost:5173/@vite/client:1034
[51320371ms] [ERROR] WebSocket connection to 'ws://localhost:5173/' failed: Error in connection establishment: net::ERR_CONNECTION_REFUSED @ http://localhost:5173/@vite/client:1034
[51325312ms] [ERROR] WebSocket connection to 'ws://localhost:5173/' failed: Error in connection establishment: net::ERR_CONNECTION_REFUSED @ http://localhost:5173/@vite/client:1034
[51331146ms] [ERROR] WebSocket connection to 'ws://localhost:5173/' failed: Error in connection establishment: net::ERR_CONNECTION_REFUSED @ http://localhost:5173/@vite/client:1034
[51338339ms] [ERROR] WebSocket connection to 'ws://localhost:5173/' failed: Error in connection establishment: net::ERR_CONNECTION_REFUSED @ http://localhost:5173/@vite/client:1034
[51344154ms] [ERROR] WebSocket connection to 'ws://localhost:5173/' failed: Error in connection establishment: net::ERR_CONNECTION_REFUSED @ http://localhost:5173/@vite/client:1034
[51348634ms] [ERROR] WebSocket connection to 'ws://localhost:5173/' failed: Error in connection establishment: net::ERR_CONNECTION_REFUSED @ http://localhost:5173/@vite/client:1034
[51354604ms] [ERROR] WebSocket connection to 'ws://localhost:5173/' failed: Error in connection establishment: net::ERR_CONNECTION_REFUSED @ http://localhost:5173/@vite/client:1034
[51359899ms] [ERROR] WebSocket connection to 'ws://localhost:5173/' failed: Error in connection establishment: net::ERR_CONNECTION_REFUSED @ http://localhost:5173/@vite/client:1034
[51366603ms] [ERROR] WebSocket connection to 'ws://localhost:5173/' failed: Error in connection establishment: net::ERR_CONNECTION_REFUSED @ http://localhost:5173/@vite/client:1034
[51374224ms] [ERROR] WebSocket connection to 'ws://localhost:5173/' failed: Error in connection establishment: net::ERR_CONNECTION_REFUSED @ http://localhost:5173/@vite/client:1034
[51380073ms] [ERROR] WebSocket connection to 'ws://localhost:5173/' failed: Error in connection establishment: net::ERR_CONNECTION_REFUSED @ http://localhost:5173/@vite/client:1034
[51387881ms] [ERROR] WebSocket connection to 'ws://localhost:5173/' failed: Error in connection establishment: net::ERR_CONNECTION_REFUSED @ http://localhost:5173/@vite/client:1034
[51394916ms] [ERROR] WebSocket connection to 'ws://localhost:5173/' failed: Error in connection establishment: net::ERR_CONNECTION_REFUSED @ http://localhost:5173/@vite/client:1034
[51401669ms] [ERROR] WebSocket connection to 'ws://localhost:5173/' failed: Error in connection establishment: net::ERR_CONNECTION_REFUSED @ http://localhost:5173/@vite/client:1034
[51409837ms] [ERROR] WebSocket connection to 'ws://localhost:5173/' failed: Error in connection establishment: net::ERR_CONNECTION_REFUSED @ http://localhost:5173/@vite/client:1034
[51414600ms] [ERROR] WebSocket connection to 'ws://localhost:5173/' failed: Error in connection establishment: net::ERR_CONNECTION_REFUSED @ http://localhost:5173/@vite/client:1034
[51421192ms] [ERROR] WebSocket connection to 'ws://localhost:5173/' failed: Error in connection establishment: net::ERR_CONNECTION_REFUSED @ http://localhost:5173/@vite/client:1034
[51426518ms] [ERROR] WebSocket connection to 'ws://localhost:5173/' failed: Error in connection establishment: net::ERR_CONNECTION_REFUSED @ http://localhost:5173/@vite/client:1034
[51434875ms] [ERROR] WebSocket connection to 'ws://localhost:5173/' failed: Error in connection establishment: net::ERR_CONNECTION_REFUSED @ http://localhost:5173/@vite/client:1034
[51440588ms] [ERROR] WebSocket connection to 'ws://localhost:5173/' failed: Error in connection establishment: net::ERR_CONNECTION_REFUSED @ http://localhost:5173/@vite/client:1034
[51445151ms] [ERROR] WebSocket connection to 'ws://localhost:5173/' failed: Error in connection establishment: net::ERR_CONNECTION_REFUSED @ http://localhost:5173/@vite/client:1034
[51449811ms] [ERROR] WebSocket connection to 'ws://localhost:5173/' failed: Error in connection establishment: net::ERR_CONNECTION_REFUSED @ http://localhost:5173/@vite/client:1034
[51455790ms] [ERROR] WebSocket connection to 'ws://localhost:5173/' failed: Error in connection establishment: net::ERR_CONNECTION_REFUSED @ http://localhost:5173/@vite/client:1034
[51463926ms] [ERROR] WebSocket connection to 'ws://localhost:5173/' failed: Error in connection establishment: net::ERR_CONNECTION_REFUSED @ http://localhost:5173/@vite/client:1034
[51472049ms] [ERROR] WebSocket connection to 'ws://localhost:5173/' failed: Error in connection establishment: net::ERR_CONNECTION_REFUSED @ http://localhost:5173/@vite/client:1034
[51477402ms] [ERROR] WebSocket connection to 'ws://localhost:5173/' failed: Error in connection establishment: net::ERR_CONNECTION_REFUSED @ http://localhost:5173/@vite/client:1034
[51483477ms] [ERROR] WebSocket connection to 'ws://localhost:5173/' failed: Error in connection establishment: net::ERR_CONNECTION_REFUSED @ http://localhost:5173/@vite/client:1034
[51491636ms] [ERROR] WebSocket connection to 'ws://localhost:5173/' failed: Error in connection establishment: net::ERR_CONNECTION_REFUSED @ http://localhost:5173/@vite/client:1034
[51498938ms] [ERROR] WebSocket connection to 'ws://localhost:5173/' failed: Error in connection establishment: net::ERR_CONNECTION_REFUSED @ http://localhost:5173/@vite/client:1034
[51505799ms] [ERROR] WebSocket connection to 'ws://localhost:5173/' failed: Error in connection establishment: net::ERR_CONNECTION_REFUSED @ http://localhost:5173/@vite/client:1034
[51512943ms] [ERROR] WebSocket connection to 'ws://localhost:5173/' failed: Error in connection establishment: net::ERR_CONNECTION_REFUSED @ http://localhost:5173/@vite/client:1034
[51520348ms] [ERROR] WebSocket connection to 'ws://localhost:5173/' failed: Error in connection establishment: net::ERR_CONNECTION_REFUSED @ http://localhost:5173/@vite/client:1034
[51528090ms] [ERROR] WebSocket connection to 'ws://localhost:5173/' failed: Error in connection establishment: net::ERR_CONNECTION_REFUSED @ http://localhost:5173/@vite/client:1034
[51534541ms] [ERROR] WebSocket connection to 'ws://localhost:5173/' failed: Error in connection establishment: net::ERR_CONNECTION_REFUSED @ http://localhost:5173/@vite/client:1034
[51542187ms] [ERROR] WebSocket connection to 'ws://localhost:5173/' failed: Error in connection establishment: net::ERR_CONNECTION_REFUSED @ http://localhost:5173/@vite/client:1034
[51548688ms] [ERROR] WebSocket connection to 'ws://localhost:5173/' failed: Error in connection establishment: net::ERR_CONNECTION_REFUSED @ http://localhost:5173/@vite/client:1034
[51554482ms] [ERROR] WebSocket connection to 'ws://localhost:5173/' failed: Error in connection establishment: net::ERR_CONNECTION_REFUSED @ http://localhost:5173/@vite/client:1034
[51557865ms] [ERROR] WebSocket connection to 'ws://localhost:5173/' failed: Error in connection establishment: net::ERR_CONNECTION_REFUSED @ http://localhost:5173/@vite/client:1034
[51561218ms] [ERROR] WebSocket connection to 'ws://localhost:5173/' failed: Error in connection establishment: net::ERR_CONNECTION_REFUSED @ http://localhost:5173/@vite/client:1034
[51564585ms] [ERROR] WebSocket connection to 'ws://localhost:5173/' failed: Error in connection establishment: net::ERR_CONNECTION_REFUSED @ http://localhost:5173/@vite/client:1034
[51567938ms] [ERROR] WebSocket connection to 'ws://localhost:5173/' failed: Error in connection establishment: net::ERR_CONNECTION_REFUSED @ http://localhost:5173/@vite/client:1034
[51571283ms] [ERROR] WebSocket connection to 'ws://localhost:5173/' failed: Error in connection establishment: net::ERR_CONNECTION_REFUSED @ http://localhost:5173/@vite/client:1034
[51574657ms] [ERROR] WebSocket connection to 'ws://localhost:5173/' failed: Error in connection establishment: net::ERR_CONNECTION_REFUSED @ http://localhost:5173/@vite/client:1034
[51578048ms] [ERROR] WebSocket connection to 'ws://localhost:5173/' failed: Error in connection establishment: net::ERR_CONNECTION_REFUSED @ http://localhost:5173/@vite/client:1034
[51581426ms] [ERROR] WebSocket connection to 'ws://localhost:5173/' failed: Error in connection establishment: net::ERR_CONNECTION_REFUSED @ http://localhost:5173/@vite/client:1034
[51584801ms] [ERROR] WebSocket connection to 'ws://localhost:5173/' failed: Error in connection establishment: net::ERR_CONNECTION_REFUSED @ http://localhost:5173/@vite/client:1034
[51588200ms] [ERROR] WebSocket connection to 'ws://localhost:5173/' failed: Error in connection establishment: net::ERR_CONNECTION_REFUSED @ http://localhost:5173/@vite/client:1034
[51591634ms] [ERROR] WebSocket connection to 'ws://localhost:5173/' failed: Error in connection establishment: net::ERR_CONNECTION_REFUSED @ http://localhost:5173/@vite/client:1034
[51595163ms] [ERROR] WebSocket connection to 'ws://localhost:5173/' failed: Error in connection establishment: net::ERR_CONNECTION_REFUSED @ http://localhost:5173/@vite/client:1034
[51598623ms] [ERROR] WebSocket connection to 'ws://localhost:5173/' failed: Error in connection establishment: net::ERR_CONNECTION_REFUSED @ http://localhost:5173/@vite/client:1034
[51602484ms] [ERROR] WebSocket connection to 'ws://localhost:5173/' failed: Error in connection establishment: net::ERR_CONNECTION_REFUSED @ http://localhost:5173/@vite/client:1034
[51606655ms] [ERROR] WebSocket connection to 'ws://localhost:5173/' failed: Error in connection establishment: net::ERR_CONNECTION_REFUSED @ http://localhost:5173/@vite/client:1034
[51611774ms] [ERROR] WebSocket connection to 'ws://localhost:5173/' failed: Error in connection establishment: net::ERR_CONNECTION_REFUSED @ http://localhost:5173/@vite/client:1034
[51617955ms] [ERROR] WebSocket connection to 'ws://localhost:5173/' failed: Error in connection establishment: net::ERR_CONNECTION_REFUSED @ http://localhost:5173/@vite/client:1034
[51623523ms] [ERROR] WebSocket connection to 'ws://localhost:5173/' failed: Error in connection establishment: net::ERR_CONNECTION_REFUSED @ http://localhost:5173/@vite/client:1034
[51629247ms] [ERROR] WebSocket connection to 'ws://localhost:5173/' failed: Error in connection establishment: net::ERR_CONNECTION_REFUSED @ http://localhost:5173/@vite/client:1034
[51635753ms] [ERROR] WebSocket connection to 'ws://localhost:5173/' failed: Error in connection establishment: net::ERR_CONNECTION_REFUSED @ http://localhost:5173/@vite/client:1034
[51642168ms] [ERROR] WebSocket connection to 'ws://localhost:5173/' failed: Error in connection establishment: net::ERR_CONNECTION_REFUSED @ http://localhost:5173/@vite/client:1034
[51650227ms] [ERROR] WebSocket connection to 'ws://localhost:5173/' failed: Error in connection establishment: net::ERR_CONNECTION_REFUSED @ http://localhost:5173/@vite/client:1034
[51657069ms] [ERROR] WebSocket connection to 'ws://localhost:5173/' failed: Error in connection establishment: net::ERR_CONNECTION_REFUSED @ http://localhost:5173/@vite/client:1034
[51664355ms] [ERROR] WebSocket connection to 'ws://localhost:5173/' failed: Error in connection establishment: net::ERR_CONNECTION_REFUSED @ http://localhost:5173/@vite/client:1034
[51672135ms] [ERROR] WebSocket connection to 'ws://localhost:5173/' failed: Error in connection establishment: net::ERR_CONNECTION_REFUSED @ http://localhost:5173/@vite/client:1034
[51677512ms] [ERROR] WebSocket connection to 'ws://localhost:5173/' failed: Error in connection establishment: net::ERR_CONNECTION_REFUSED @ http://localhost:5173/@vite/client:1034
[51684933ms] [ERROR] WebSocket connection to 'ws://localhost:5173/' failed: Error in connection establishment: net::ERR_CONNECTION_REFUSED @ http://localhost:5173/@vite/client:1034
[51692694ms] [ERROR] WebSocket connection to 'ws://localhost:5173/' failed: Error in connection establishment: net::ERR_CONNECTION_REFUSED @ http://localhost:5173/@vite/client:1034
[51703462ms] [INFO] %cDownload the React DevTools for a better development experience: https://reactjs.org/link/react-devtools font-weight:bold @ http://localhost:5173/node_modules/.vite/deps/chunk-NXESFFTV.js?v=98a32b23:21608
[51703501ms] [WARNING] ⚠️ React Router Future Flag Warning: React Router will begin wrapping state updates in `React.startTransition` in v7. You can use the `v7_startTransition` future flag to opt-in early. For more information, see https://reactrouter.com/v6/upgrading/future#v7_starttransition. @ http://localhost:5173/node_modules/.vite/deps/react-router-dom.js?v=98a32b23:4416
[51703501ms] [WARNING] ⚠️ React Router Future Flag Warning: Relative route resolution within Splat routes is changing in v7. You can use the `v7_relativeSplatPath` future flag to opt-in early. For more information, see https://reactrouter.com/v6/upgrading/future#v7_relativesplatpath. @ http://localhost:5173/node_modules/.vite/deps/react-router-dom.js?v=98a32b23:4416
[51703609ms] [VERBOSE] [DOM] Input elements should have autocomplete attributes (suggested: "current-password"): (More info: https://goo.gl/9p2vKq) %o @ http://localhost:5173/login:0
[53507572ms] [LOG] [vite] server connection lost. Polling for restart... @ http://localhost:5173/@vite/client:963
[53509931ms] [ERROR] WebSocket connection to 'ws://localhost:5173/' failed: Error in connection establishment: net::ERR_CONNECTION_REFUSED @ http://localhost:5173/@vite/client:1034
[53513300ms] [ERROR] WebSocket connection to 'ws://localhost:5173/' failed: Error in connection establishment: net::ERR_CONNECTION_REFUSED @ http://localhost:5173/@vite/client:1034
[53516652ms] [ERROR] WebSocket connection to 'ws://localhost:5173/' failed: Error in connection establishment: net::ERR_CONNECTION_REFUSED @ http://localhost:5173/@vite/client:1034
[53520009ms] [ERROR] WebSocket connection to 'ws://localhost:5173/' failed: Error in connection establishment: net::ERR_CONNECTION_REFUSED @ http://localhost:5173/@vite/client:1034
[53523366ms] [ERROR] WebSocket connection to 'ws://localhost:5173/' failed: Error in connection establishment: net::ERR_CONNECTION_REFUSED @ http://localhost:5173/@vite/client:1034
[53526740ms] [ERROR] WebSocket connection to 'ws://localhost:5173/' failed: Error in connection establishment: net::ERR_CONNECTION_REFUSED @ http://localhost:5173/@vite/client:1034
[53530086ms] [ERROR] WebSocket connection to 'ws://localhost:5173/' failed: Error in connection establishment: net::ERR_CONNECTION_REFUSED @ http://localhost:5173/@vite/client:1034
[53533449ms] [ERROR] WebSocket connection to 'ws://localhost:5173/' failed: Error in connection establishment: net::ERR_CONNECTION_REFUSED @ http://localhost:5173/@vite/client:1034
[53536832ms] [ERROR] WebSocket connection to 'ws://localhost:5173/' failed: Error in connection establishment: net::ERR_CONNECTION_REFUSED @ http://localhost:5173/@vite/client:1034
[53540210ms] [ERROR] WebSocket connection to 'ws://localhost:5173/' failed: Error in connection establishment: net::ERR_CONNECTION_REFUSED @ http://localhost:5173/@vite/client:1034
[53543650ms] [ERROR] WebSocket connection to 'ws://localhost:5173/' failed: Error in connection establishment: net::ERR_CONNECTION_REFUSED @ http://localhost:5173/@vite/client:1034
[53547219ms] [ERROR] WebSocket connection to 'ws://localhost:5173/' failed: Error in connection establishment: net::ERR_CONNECTION_REFUSED @ http://localhost:5173/@vite/client:1034
[53550871ms] [ERROR] WebSocket connection to 'ws://localhost:5173/' failed: Error in connection establishment: net::ERR_CONNECTION_REFUSED @ http://localhost:5173/@vite/client:1034
[53554860ms] [ERROR] WebSocket connection to 'ws://localhost:5173/' failed: Error in connection establishment: net::ERR_CONNECTION_REFUSED @ http://localhost:5173/@vite/client:1034
[53558951ms] [ERROR] WebSocket connection to 'ws://localhost:5173/' failed: Error in connection establishment: net::ERR_CONNECTION_REFUSED @ http://localhost:5173/@vite/client:1034
[53563371ms] [ERROR] WebSocket connection to 'ws://localhost:5173/' failed: Error in connection establishment: net::ERR_CONNECTION_REFUSED @ http://localhost:5173/@vite/client:1034
[53568594ms] [ERROR] WebSocket connection to 'ws://localhost:5173/' failed: Error in connection establishment: net::ERR_CONNECTION_REFUSED @ http://localhost:5173/@vite/client:1034
[53573225ms] [ERROR] WebSocket connection to 'ws://localhost:5173/' failed: Error in connection establishment: net::ERR_CONNECTION_REFUSED @ http://localhost:5173/@vite/client:1034
[53581321ms] [ERROR] WebSocket connection to 'ws://localhost:5173/' failed: Error in connection establishment: net::ERR_CONNECTION_REFUSED @ http://localhost:5173/@vite/client:1034
[53587267ms] [ERROR] WebSocket connection to 'ws://localhost:5173/' failed: Error in connection establishment: net::ERR_CONNECTION_REFUSED @ http://localhost:5173/@vite/client:1034
[53592827ms] [ERROR] WebSocket connection to 'ws://localhost:5173/' failed: Error in connection establishment: net::ERR_CONNECTION_REFUSED @ http://localhost:5173/@vite/client:1034
[53600640ms] [ERROR] WebSocket connection to 'ws://localhost:5173/' failed: Error in connection establishment: net::ERR_CONNECTION_REFUSED @ http://localhost:5173/@vite/client:1034
[53606930ms] [ERROR] WebSocket connection to 'ws://localhost:5173/' failed: Error in connection establishment: net::ERR_CONNECTION_REFUSED @ http://localhost:5173/@vite/client:1034
[53611808ms] [ERROR] WebSocket connection to 'ws://localhost:5173/' failed: Error in connection establishment: net::ERR_CONNECTION_REFUSED @ http://localhost:5173/@vite/client:1034
[53618957ms] [ERROR] WebSocket connection to 'ws://localhost:5173/' failed: Error in connection establishment: net::ERR_CONNECTION_REFUSED @ http://localhost:5173/@vite/client:1034
[53624026ms] [ERROR] WebSocket connection to 'ws://localhost:5173/' failed: Error in connection establishment: net::ERR_CONNECTION_REFUSED @ http://localhost:5173/@vite/client:1034
[53630779ms] [ERROR] WebSocket connection to 'ws://localhost:5173/' failed: Error in connection establishment: net::ERR_CONNECTION_REFUSED @ http://localhost:5173/@vite/client:1034
[53635805ms] [ERROR] WebSocket connection to 'ws://localhost:5173/' failed: Error in connection establishment: net::ERR_CONNECTION_REFUSED @ http://localhost:5173/@vite/client:1034
[53640854ms] [ERROR] WebSocket connection to 'ws://localhost:5173/' failed: Error in connection establishment: net::ERR_CONNECTION_REFUSED @ http://localhost:5173/@vite/client:1034
[53645780ms] [ERROR] WebSocket connection to 'ws://localhost:5173/' failed: Error in connection establishment: net::ERR_CONNECTION_REFUSED @ http://localhost:5173/@vite/client:1034
[53653719ms] [ERROR] WebSocket connection to 'ws://localhost:5173/' failed: Error in connection establishment: net::ERR_CONNECTION_REFUSED @ http://localhost:5173/@vite/client:1034
[53659194ms] [ERROR] WebSocket connection to 'ws://localhost:5173/' failed: Error in connection establishment: net::ERR_CONNECTION_REFUSED @ http://localhost:5173/@vite/client:1034
[53667535ms] [ERROR] WebSocket connection to 'ws://localhost:5173/' failed: Error in connection establishment: net::ERR_CONNECTION_REFUSED @ http://localhost:5173/@vite/client:1034
[53674618ms] [ERROR] WebSocket connection to 'ws://localhost:5173/' failed: Error in connection establishment: net::ERR_CONNECTION_REFUSED @ http://localhost:5173/@vite/client:1034
[53679915ms] [ERROR] WebSocket connection to 'ws://localhost:5173/' failed: Error in connection establishment: net::ERR_CONNECTION_REFUSED @ http://localhost:5173/@vite/client:1034
[53688147ms] [ERROR] WebSocket connection to 'ws://localhost:5173/' failed: Error in connection establishment: net::ERR_CONNECTION_REFUSED @ http://localhost:5173/@vite/client:1034
[53696152ms] [ERROR] WebSocket connection to 'ws://localhost:5173/' failed: Error in connection establishment: net::ERR_CONNECTION_REFUSED @ http://localhost:5173/@vite/client:1034
[53701524ms] [ERROR] WebSocket connection to 'ws://localhost:5173/' failed: Error in connection establishment: net::ERR_CONNECTION_REFUSED @ http://localhost:5173/@vite/client:1034
[53706370ms] [ERROR] WebSocket connection to 'ws://localhost:5173/' failed: Error in connection establishment: net::ERR_CONNECTION_REFUSED @ http://localhost:5173/@vite/client:1034
[53714260ms] [ERROR] WebSocket connection to 'ws://localhost:5173/' failed: Error in connection establishment: net::ERR_CONNECTION_REFUSED @ http://localhost:5173/@vite/client:1034
[53722148ms] [ERROR] WebSocket connection to 'ws://localhost:5173/' failed: Error in connection establishment: net::ERR_CONNECTION_REFUSED @ http://localhost:5173/@vite/client:1034
[53727009ms] [ERROR] WebSocket connection to 'ws://localhost:5173/' failed: Error in connection establishment: net::ERR_CONNECTION_REFUSED @ http://localhost:5173/@vite/client:1034
[53732825ms] [ERROR] WebSocket connection to 'ws://localhost:5173/' failed: Error in connection establishment: net::ERR_CONNECTION_REFUSED @ http://localhost:5173/@vite/client:1034
[53737395ms] [ERROR] WebSocket connection to 'ws://localhost:5173/' failed: Error in connection establishment: net::ERR_CONNECTION_REFUSED @ http://localhost:5173/@vite/client:1034
[53743745ms] [ERROR] WebSocket connection to 'ws://localhost:5173/' failed: Error in connection establishment: net::ERR_CONNECTION_REFUSED @ http://localhost:5173/@vite/client:1034
[53748123ms] [ERROR] WebSocket connection to 'ws://localhost:5173/' failed: Error in connection establishment: net::ERR_CONNECTION_REFUSED @ http://localhost:5173/@vite/client:1034
[53754165ms] [ERROR] WebSocket connection to 'ws://localhost:5173/' failed: Error in connection establishment: net::ERR_CONNECTION_REFUSED @ http://localhost:5173/@vite/client:1034
[53761280ms] [ERROR] WebSocket connection to 'ws://localhost:5173/' failed: Error in connection establishment: net::ERR_CONNECTION_REFUSED @ http://localhost:5173/@vite/client:1034
[53768084ms] [ERROR] WebSocket connection to 'ws://localhost:5173/' failed: Error in connection establishment: net::ERR_CONNECTION_REFUSED @ http://localhost:5173/@vite/client:1034
[53775751ms] [ERROR] WebSocket connection to 'ws://localhost:5173/' failed: Error in connection establishment: net::ERR_CONNECTION_REFUSED @ http://localhost:5173/@vite/client:1034
[53781711ms] [ERROR] WebSocket connection to 'ws://localhost:5173/' failed: Error in connection establishment: net::ERR_CONNECTION_REFUSED @ http://localhost:5173/@vite/client:1034
[53786137ms] [ERROR] WebSocket connection to 'ws://localhost:5173/' failed: Error in connection establishment: net::ERR_CONNECTION_REFUSED @ http://localhost:5173/@vite/client:1034
[53790595ms] [ERROR] WebSocket connection to 'ws://localhost:5173/' failed: Error in connection establishment: net::ERR_CONNECTION_REFUSED @ http://localhost:5173/@vite/client:1034
[53798532ms] [ERROR] WebSocket connection to 'ws://localhost:5173/' failed: Error in connection establishment: net::ERR_CONNECTION_REFUSED @ http://localhost:5173/@vite/client:1034
[53803160ms] [ERROR] WebSocket connection to 'ws://localhost:5173/' failed: Error in connection establishment: net::ERR_CONNECTION_REFUSED @ http://localhost:5173/@vite/client:1034
[53809148ms] [ERROR] WebSocket connection to 'ws://localhost:5173/' failed: Error in connection establishment: net::ERR_CONNECTION_REFUSED @ http://localhost:5173/@vite/client:1034
[53816011ms] [ERROR] WebSocket connection to 'ws://localhost:5173/' failed: Error in connection establishment: net::ERR_CONNECTION_REFUSED @ http://localhost:5173/@vite/client:1034
[53824130ms] [ERROR] WebSocket connection to 'ws://localhost:5173/' failed: Error in connection establishment: net::ERR_CONNECTION_REFUSED @ http://localhost:5173/@vite/client:1034
[53828839ms] [ERROR] WebSocket connection to 'ws://localhost:5173/' failed: Error in connection establishment: net::ERR_CONNECTION_REFUSED @ http://localhost:5173/@vite/client:1034
[53834344ms] [ERROR] WebSocket connection to 'ws://localhost:5173/' failed: Error in connection establishment: net::ERR_CONNECTION_REFUSED @ http://localhost:5173/@vite/client:1034
[53839112ms] [ERROR] WebSocket connection to 'ws://localhost:5173/' failed: Error in connection establishment: net::ERR_CONNECTION_REFUSED @ http://localhost:5173/@vite/client:1034
[53847024ms] [ERROR] WebSocket connection to 'ws://localhost:5173/' failed: Error in connection establishment: net::ERR_CONNECTION_REFUSED @ http://localhost:5173/@vite/client:1034
[53854511ms] [ERROR] WebSocket connection to 'ws://localhost:5173/' failed: Error in connection establishment: net::ERR_CONNECTION_REFUSED @ http://localhost:5173/@vite/client:1034
[53861501ms] [ERROR] WebSocket connection to 'ws://localhost:5173/' failed: Error in connection establishment: net::ERR_CONNECTION_REFUSED @ http://localhost:5173/@vite/client:1034
[53869764ms] [ERROR] WebSocket connection to 'ws://localhost:5173/' failed: Error in connection establishment: net::ERR_CONNECTION_REFUSED @ http://localhost:5173/@vite/client:1034
[53874934ms] [ERROR] WebSocket connection to 'ws://localhost:5173/' failed: Error in connection establishment: net::ERR_CONNECTION_REFUSED @ http://localhost:5173/@vite/client:1034
[53882383ms] [ERROR] WebSocket connection to 'ws://localhost:5173/' failed: Error in connection establishment: net::ERR_CONNECTION_REFUSED @ http://localhost:5173/@vite/client:1034
[53886863ms] [ERROR] WebSocket connection to 'ws://localhost:5173/' failed: Error in connection establishment: net::ERR_CONNECTION_REFUSED @ http://localhost:5173/@vite/client:1034
[53893678ms] [ERROR] WebSocket connection to 'ws://localhost:5173/' failed: Error in connection establishment: net::ERR_CONNECTION_REFUSED @ http://localhost:5173/@vite/client:1034
[53898480ms] [ERROR] WebSocket connection to 'ws://localhost:5173/' failed: Error in connection establishment: net::ERR_CONNECTION_REFUSED @ http://localhost:5173/@vite/client:1034
[53903788ms] [ERROR] WebSocket connection to 'ws://localhost:5173/' failed: Error in connection establishment: net::ERR_CONNECTION_REFUSED @ http://localhost:5173/@vite/client:1034
[53911807ms] [ERROR] WebSocket connection to 'ws://localhost:5173/' failed: Error in connection establishment: net::ERR_CONNECTION_REFUSED @ http://localhost:5173/@vite/client:1034
[53918999ms] [ERROR] WebSocket connection to 'ws://localhost:5173/' failed: Error in connection establishment: net::ERR_CONNECTION_REFUSED @ http://localhost:5173/@vite/client:1034
[53926360ms] [ERROR] WebSocket connection to 'ws://localhost:5173/' failed: Error in connection establishment: net::ERR_CONNECTION_REFUSED @ http://localhost:5173/@vite/client:1034
[53931925ms] [ERROR] WebSocket connection to 'ws://localhost:5173/' failed: Error in connection establishment: net::ERR_CONNECTION_REFUSED @ http://localhost:5173/@vite/client:1034
[53936556ms] [ERROR] WebSocket connection to 'ws://localhost:5173/' failed: Error in connection establishment: net::ERR_CONNECTION_REFUSED @ http://localhost:5173/@vite/client:1034
[53943480ms] [ERROR] WebSocket connection to 'ws://localhost:5173/' failed: Error in connection establishment: net::ERR_CONNECTION_REFUSED @ http://localhost:5173/@vite/client:1034
[53950791ms] [ERROR] WebSocket connection to 'ws://localhost:5173/' failed: Error in connection establishment: net::ERR_CONNECTION_REFUSED @ http://localhost:5173/@vite/client:1034
[53955933ms] [ERROR] WebSocket connection to 'ws://localhost:5173/' failed: Error in connection establishment: net::ERR_CONNECTION_REFUSED @ http://localhost:5173/@vite/client:1034
[53962502ms] [ERROR] WebSocket connection to 'ws://localhost:5173/' failed: Error in connection establishment: net::ERR_CONNECTION_REFUSED @ http://localhost:5173/@vite/client:1034
[53967160ms] [ERROR] WebSocket connection to 'ws://localhost:5173/' failed: Error in connection establishment: net::ERR_CONNECTION_REFUSED @ http://localhost:5173/@vite/client:1034
[53971771ms] [ERROR] WebSocket connection to 'ws://localhost:5173/' failed: Error in connection establishment: net::ERR_CONNECTION_REFUSED @ http://localhost:5173/@vite/client:1034
[53976799ms] [ERROR] WebSocket connection to 'ws://localhost:5173/' failed: Error in connection establishment: net::ERR_CONNECTION_REFUSED @ http://localhost:5173/@vite/client:1034
[53983356ms] [ERROR] WebSocket connection to 'ws://localhost:5173/' failed: Error in connection establishment: net::ERR_CONNECTION_REFUSED @ http://localhost:5173/@vite/client:1034
[53988773ms] [ERROR] WebSocket connection to 'ws://localhost:5173/' failed: Error in connection establishment: net::ERR_CONNECTION_REFUSED @ http://localhost:5173/@vite/client:1034
[53995524ms] [ERROR] WebSocket connection to 'ws://localhost:5173/' failed: Error in connection establishment: net::ERR_CONNECTION_REFUSED @ http://localhost:5173/@vite/client:1034
[54002097ms] [ERROR] WebSocket connection to 'ws://localhost:5173/' failed: Error in connection establishment: net::ERR_CONNECTION_REFUSED @ http://localhost:5173/@vite/client:1034
[54008116ms] [ERROR] WebSocket connection to 'ws://localhost:5173/' failed: Error in connection establishment: net::ERR_CONNECTION_REFUSED @ http://localhost:5173/@vite/client:1034
[54015068ms] [ERROR] WebSocket connection to 'ws://localhost:5173/' failed: Error in connection establishment: net::ERR_CONNECTION_REFUSED @ http://localhost:5173/@vite/client:1034
[54021417ms] [ERROR] WebSocket connection to 'ws://localhost:5173/' failed: Error in connection establishment: net::ERR_CONNECTION_REFUSED @ http://localhost:5173/@vite/client:1034
[54028892ms] [ERROR] WebSocket connection to 'ws://localhost:5173/' failed: Error in connection establishment: net::ERR_CONNECTION_REFUSED @ http://localhost:5173/@vite/client:1034
[54035201ms] [ERROR] WebSocket connection to 'ws://localhost:5173/' failed: Error in connection establishment: net::ERR_CONNECTION_REFUSED @ http://localhost:5173/@vite/client:1034
[54043202ms] [ERROR] WebSocket connection to 'ws://localhost:5173/' failed: Error in connection establishment: net::ERR_CONNECTION_REFUSED @ http://localhost:5173/@vite/client:1034
[54047947ms] [ERROR] WebSocket connection to 'ws://localhost:5173/' failed: Error in connection establishment: net::ERR_CONNECTION_REFUSED @ http://localhost:5173/@vite/client:1034
[54054190ms] [ERROR] WebSocket connection to 'ws://localhost:5173/' failed: Error in connection establishment: net::ERR_CONNECTION_REFUSED @ http://localhost:5173/@vite/client:1034
[54062389ms] [ERROR] WebSocket connection to 'ws://localhost:5173/' failed: Error in connection establishment: net::ERR_CONNECTION_REFUSED @ http://localhost:5173/@vite/client:1034
[54069578ms] [ERROR] WebSocket connection to 'ws://localhost:5173/' failed: Error in connection establishment: net::ERR_CONNECTION_REFUSED @ http://localhost:5173/@vite/client:1034
[54074885ms] [ERROR] WebSocket connection to 'ws://localhost:5173/' failed: Error in connection establishment: net::ERR_CONNECTION_REFUSED @ http://localhost:5173/@vite/client:1034
[54081056ms] [ERROR] WebSocket connection to 'ws://localhost:5173/' failed: Error in connection establishment: net::ERR_CONNECTION_REFUSED @ http://localhost:5173/@vite/client:1034
[54086105ms] [ERROR] WebSocket connection to 'ws://localhost:5173/' failed: Error in connection establishment: net::ERR_CONNECTION_REFUSED @ http://localhost:5173/@vite/client:1034
[54092145ms] [ERROR] WebSocket connection to 'ws://localhost:5173/' failed: Error in connection establishment: net::ERR_CONNECTION_REFUSED @ http://localhost:5173/@vite/client:1034
[54100074ms] [ERROR] WebSocket connection to 'ws://localhost:5173/' failed: Error in connection establishment: net::ERR_CONNECTION_REFUSED @ http://localhost:5173/@vite/client:1034
[54106474ms] [ERROR] WebSocket connection to 'ws://localhost:5173/' failed: Error in connection establishment: net::ERR_CONNECTION_REFUSED @ http://localhost:5173/@vite/client:1034
[54111649ms] [ERROR] WebSocket connection to 'ws://localhost:5173/' failed: Error in connection establishment: net::ERR_CONNECTION_REFUSED @ http://localhost:5173/@vite/client:1034
[54119344ms] [ERROR] WebSocket connection to 'ws://localhost:5173/' failed: Error in connection establishment: net::ERR_CONNECTION_REFUSED @ http://localhost:5173/@vite/client:1034
[54125394ms] [ERROR] WebSocket connection to 'ws://localhost:5173/' failed: Error in connection establishment: net::ERR_CONNECTION_REFUSED @ http://localhost:5173/@vite/client:1034
[54131334ms] [ERROR] WebSocket connection to 'ws://localhost:5173/' failed: Error in connection establishment: net::ERR_CONNECTION_REFUSED @ http://localhost:5173/@vite/client:1034
[54138490ms] [ERROR] WebSocket connection to 'ws://localhost:5173/' failed: Error in connection establishment: net::ERR_CONNECTION_REFUSED @ http://localhost:5173/@vite/client:1034
[54146583ms] [ERROR] WebSocket connection to 'ws://localhost:5173/' failed: Error in connection establishment: net::ERR_CONNECTION_REFUSED @ http://localhost:5173/@vite/client:1034
[54152045ms] [ERROR] WebSocket connection to 'ws://localhost:5173/' failed: Error in connection establishment: net::ERR_CONNECTION_REFUSED @ http://localhost:5173/@vite/client:1034
[54156729ms] [ERROR] WebSocket connection to 'ws://localhost:5173/' failed: Error in connection establishment: net::ERR_CONNECTION_REFUSED @ http://localhost:5173/@vite/client:1034
[54163312ms] [ERROR] WebSocket connection to 'ws://localhost:5173/' failed: Error in connection establishment: net::ERR_CONNECTION_REFUSED @ http://localhost:5173/@vite/client:1034
[54168912ms] [ERROR] WebSocket connection to 'ws://localhost:5173/' failed: Error in connection establishment: net::ERR_CONNECTION_REFUSED @ http://localhost:5173/@vite/client:1034
[54175534ms] [ERROR] WebSocket connection to 'ws://localhost:5173/' failed: Error in connection establishment: net::ERR_CONNECTION_REFUSED @ http://localhost:5173/@vite/client:1034
[54183612ms] [ERROR] WebSocket connection to 'ws://localhost:5173/' failed: Error in connection establishment: net::ERR_CONNECTION_REFUSED @ http://localhost:5173/@vite/client:1034
[54190812ms] [ERROR] WebSocket connection to 'ws://localhost:5173/' failed: Error in connection establishment: net::ERR_CONNECTION_REFUSED @ http://localhost:5173/@vite/client:1034
[54197181ms] [ERROR] WebSocket connection to 'ws://localhost:5173/' failed: Error in connection establishment: net::ERR_CONNECTION_REFUSED @ http://localhost:5173/@vite/client:1034
[54202849ms] [ERROR] WebSocket connection to 'ws://localhost:5173/' failed: Error in connection establishment: net::ERR_CONNECTION_REFUSED @ http://localhost:5173/@vite/client:1034
[54210632ms] [ERROR] WebSocket connection to 'ws://localhost:5173/' failed: Error in connection establishment: net::ERR_CONNECTION_REFUSED @ http://localhost:5173/@vite/client:1034
[54217195ms] [ERROR] WebSocket connection to 'ws://localhost:5173/' failed: Error in connection establishment: net::ERR_CONNECTION_REFUSED @ http://localhost:5173/@vite/client:1034
[54223558ms] [ERROR] WebSocket connection to 'ws://localhost:5173/' failed: Error in connection establishment: net::ERR_CONNECTION_REFUSED @ http://localhost:5173/@vite/client:1034
[54228977ms] [ERROR] WebSocket connection to 'ws://localhost:5173/' failed: Error in connection establishment: net::ERR_CONNECTION_REFUSED @ http://localhost:5173/@vite/client:1034
[54237132ms] [ERROR] WebSocket connection to 'ws://localhost:5173/' failed: Error in connection establishment: net::ERR_CONNECTION_REFUSED @ http://localhost:5173/@vite/client:1034
[54242511ms] [ERROR] WebSocket connection to 'ws://localhost:5173/' failed: Error in connection establishment: net::ERR_CONNECTION_REFUSED @ http://localhost:5173/@vite/client:1034
[54247582ms] [ERROR] WebSocket connection to 'ws://localhost:5173/' failed: Error in connection establishment: net::ERR_CONNECTION_REFUSED @ http://localhost:5173/@vite/client:1034
[54254270ms] [ERROR] WebSocket connection to 'ws://localhost:5173/' failed: Error in connection establishment: net::ERR_CONNECTION_REFUSED @ http://localhost:5173/@vite/client:1034
[54258712ms] [ERROR] WebSocket connection to 'ws://localhost:5173/' failed: Error in connection establishment: net::ERR_CONNECTION_REFUSED @ http://localhost:5173/@vite/client:1034
[54264192ms] [ERROR] WebSocket connection to 'ws://localhost:5173/' failed: Error in connection establishment: net::ERR_CONNECTION_REFUSED @ http://localhost:5173/@vite/client:1034
[54271935ms] [ERROR] WebSocket connection to 'ws://localhost:5173/' failed: Error in connection establishment: net::ERR_CONNECTION_REFUSED @ http://localhost:5173/@vite/client:1034
[54276767ms] [ERROR] WebSocket connection to 'ws://localhost:5173/' failed: Error in connection establishment: net::ERR_CONNECTION_REFUSED @ http://localhost:5173/@vite/client:1034
[54282762ms] [ERROR] WebSocket connection to 'ws://localhost:5173/' failed: Error in connection establishment: net::ERR_CONNECTION_REFUSED @ http://localhost:5173/@vite/client:1034
[54287138ms] [ERROR] WebSocket connection to 'ws://localhost:5173/' failed: Error in connection establishment: net::ERR_CONNECTION_REFUSED @ http://localhost:5173/@vite/client:1034
[54292354ms] [ERROR] WebSocket connection to 'ws://localhost:5173/' failed: Error in connection establishment: net::ERR_CONNECTION_REFUSED @ http://localhost:5173/@vite/client:1034
[54297613ms] [ERROR] WebSocket connection to 'ws://localhost:5173/' failed: Error in connection establishment: net::ERR_CONNECTION_REFUSED @ http://localhost:5173/@vite/client:1034
[54302582ms] [ERROR] WebSocket connection to 'ws://localhost:5173/' failed: Error in connection establishment: net::ERR_CONNECTION_REFUSED @ http://localhost:5173/@vite/client:1034
[54308197ms] [ERROR] WebSocket connection to 'ws://localhost:5173/' failed: Error in connection establishment: net::ERR_CONNECTION_REFUSED @ http://localhost:5173/@vite/client:1034
[54315556ms] [ERROR] WebSocket connection to 'ws://localhost:5173/' failed: Error in connection establishment: net::ERR_CONNECTION_REFUSED @ http://localhost:5173/@vite/client:1034
[54320367ms] [ERROR] WebSocket connection to 'ws://localhost:5173/' failed: Error in connection establishment: net::ERR_CONNECTION_REFUSED @ http://localhost:5173/@vite/client:1034
[54327643ms] [ERROR] WebSocket connection to 'ws://localhost:5173/' failed: Error in connection establishment: net::ERR_CONNECTION_REFUSED @ http://localhost:5173/@vite/client:1034
[54332526ms] [ERROR] WebSocket connection to 'ws://localhost:5173/' failed: Error in connection establishment: net::ERR_CONNECTION_REFUSED @ http://localhost:5173/@vite/client:1034
[54337782ms] [ERROR] WebSocket connection to 'ws://localhost:5173/' failed: Error in connection establishment: net::ERR_CONNECTION_REFUSED @ http://localhost:5173/@vite/client:1034
[54346093ms] [ERROR] WebSocket connection to 'ws://localhost:5173/' failed: Error in connection establishment: net::ERR_CONNECTION_REFUSED @ http://localhost:5173/@vite/client:1034
[54351504ms] [ERROR] WebSocket connection to 'ws://localhost:5173/' failed: Error in connection establishment: net::ERR_CONNECTION_REFUSED @ http://localhost:5173/@vite/client:1034
[54358303ms] [ERROR] WebSocket connection to 'ws://localhost:5173/' failed: Error in connection establishment: net::ERR_CONNECTION_REFUSED @ http://localhost:5173/@vite/client:1034
[54364237ms] [ERROR] WebSocket connection to 'ws://localhost:5173/' failed: Error in connection establishment: net::ERR_CONNECTION_REFUSED @ http://localhost:5173/@vite/client:1034
[54369191ms] [ERROR] WebSocket connection to 'ws://localhost:5173/' failed: Error in connection establishment: net::ERR_CONNECTION_REFUSED @ http://localhost:5173/@vite/client:1034
[54374993ms] [ERROR] WebSocket connection to 'ws://localhost:5173/' failed: Error in connection establishment: net::ERR_CONNECTION_REFUSED @ http://localhost:5173/@vite/client:1034
[54381696ms] [ERROR] WebSocket connection to 'ws://localhost:5173/' failed: Error in connection establishment: net::ERR_CONNECTION_REFUSED @ http://localhost:5173/@vite/client:1034
[54387621ms] [ERROR] WebSocket connection to 'ws://localhost:5173/' failed: Error in connection establishment: net::ERR_CONNECTION_REFUSED @ http://localhost:5173/@vite/client:1034
[54394644ms] [ERROR] WebSocket connection to 'ws://localhost:5173/' failed: Error in connection establishment: net::ERR_CONNECTION_REFUSED @ http://localhost:5173/@vite/client:1034
[54402178ms] [ERROR] WebSocket connection to 'ws://localhost:5173/' failed: Error in connection establishment: net::ERR_CONNECTION_REFUSED @ http://localhost:5173/@vite/client:1034
[54408755ms] [ERROR] WebSocket connection to 'ws://localhost:5173/' failed: Error in connection establishment: net::ERR_CONNECTION_REFUSED @ http://localhost:5173/@vite/client:1034
[54415238ms] [ERROR] WebSocket connection to 'ws://localhost:5173/' failed: Error in connection establishment: net::ERR_CONNECTION_REFUSED @ http://localhost:5173/@vite/client:1034
[54420499ms] [ERROR] WebSocket connection to 'ws://localhost:5173/' failed: Error in connection establishment: net::ERR_CONNECTION_REFUSED @ http://localhost:5173/@vite/client:1034
[54426857ms] [ERROR] WebSocket connection to 'ws://localhost:5173/' failed: Error in connection establishment: net::ERR_CONNECTION_REFUSED @ http://localhost:5173/@vite/client:1034
[54434752ms] [ERROR] WebSocket connection to 'ws://localhost:5173/' failed: Error in connection establishment: net::ERR_CONNECTION_REFUSED @ http://localhost:5173/@vite/client:1034
[54441683ms] [ERROR] WebSocket connection to 'ws://localhost:5173/' failed: Error in connection establishment: net::ERR_CONNECTION_REFUSED @ http://localhost:5173/@vite/client:1034
[54448298ms] [ERROR] WebSocket connection to 'ws://localhost:5173/' failed: Error in connection establishment: net::ERR_CONNECTION_REFUSED @ http://localhost:5173/@vite/client:1034
[54453519ms] [ERROR] WebSocket connection to 'ws://localhost:5173/' failed: Error in connection establishment: net::ERR_CONNECTION_REFUSED @ http://localhost:5173/@vite/client:1034
[54459747ms] [ERROR] WebSocket connection to 'ws://localhost:5173/' failed: Error in connection establishment: net::ERR_CONNECTION_REFUSED @ http://localhost:5173/@vite/client:1034
[54465267ms] [ERROR] WebSocket connection to 'ws://localhost:5173/' failed: Error in connection establishment: net::ERR_CONNECTION_REFUSED @ http://localhost:5173/@vite/client:1034
[54470192ms] [ERROR] WebSocket connection to 'ws://localhost:5173/' failed: Error in connection establishment: net::ERR_CONNECTION_REFUSED @ http://localhost:5173/@vite/client:1034
[54477816ms] [ERROR] WebSocket connection to 'ws://localhost:5173/' failed: Error in connection establishment: net::ERR_CONNECTION_REFUSED @ http://localhost:5173/@vite/client:1034
[54485907ms] [ERROR] WebSocket connection to 'ws://localhost:5173/' failed: Error in connection establishment: net::ERR_CONNECTION_REFUSED @ http://localhost:5173/@vite/client:1034
[54490247ms] [ERROR] WebSocket connection to 'ws://localhost:5173/' failed: Error in connection establishment: net::ERR_CONNECTION_REFUSED @ http://localhost:5173/@vite/client:1034
[54496644ms] [ERROR] WebSocket connection to 'ws://localhost:5173/' failed: Error in connection establishment: net::ERR_CONNECTION_REFUSED @ http://localhost:5173/@vite/client:1034
[54503482ms] [ERROR] WebSocket connection to 'ws://localhost:5173/' failed: Error in connection establishment: net::ERR_CONNECTION_REFUSED @ http://localhost:5173/@vite/client:1034
[54509778ms] [ERROR] WebSocket connection to 'ws://localhost:5173/' failed: Error in connection establishment: net::ERR_CONNECTION_REFUSED @ http://localhost:5173/@vite/client:1034
[54517202ms] [ERROR] WebSocket connection to 'ws://localhost:5173/' failed: Error in connection establishment: net::ERR_CONNECTION_REFUSED @ http://localhost:5173/@vite/client:1034
[54521831ms] [ERROR] WebSocket connection to 'ws://localhost:5173/' failed: Error in connection establishment: net::ERR_CONNECTION_REFUSED @ http://localhost:5173/@vite/client:1034
[54529491ms] [ERROR] WebSocket connection to 'ws://localhost:5173/' failed: Error in connection establishment: net::ERR_CONNECTION_REFUSED @ http://localhost:5173/@vite/client:1034
[54534298ms] [ERROR] WebSocket connection to 'ws://localhost:5173/' failed: Error in connection establishment: net::ERR_CONNECTION_REFUSED @ http://localhost:5173/@vite/client:1034
[54539758ms] [ERROR] WebSocket connection to 'ws://localhost:5173/' failed: Error in connection establishment: net::ERR_CONNECTION_REFUSED @ http://localhost:5173/@vite/client:1034
[54547836ms] [ERROR] WebSocket connection to 'ws://localhost:5173/' failed: Error in connection establishment: net::ERR_CONNECTION_REFUSED @ http://localhost:5173/@vite/client:1034
[54556156ms] [ERROR] WebSocket connection to 'ws://localhost:5173/' failed: Error in connection establishment: net::ERR_CONNECTION_REFUSED @ http://localhost:5173/@vite/client:1034
[54560710ms] [ERROR] WebSocket connection to 'ws://localhost:5173/' failed: Error in connection establishment: net::ERR_CONNECTION_REFUSED @ http://localhost:5173/@vite/client:1034
[54566116ms] [ERROR] WebSocket connection to 'ws://localhost:5173/' failed: Error in connection establishment: net::ERR_CONNECTION_REFUSED @ http://localhost:5173/@vite/client:1034
[54571109ms] [ERROR] WebSocket connection to 'ws://localhost:5173/' failed: Error in connection establishment: net::ERR_CONNECTION_REFUSED @ http://localhost:5173/@vite/client:1034
[54577762ms] [ERROR] WebSocket connection to 'ws://localhost:5173/' failed: Error in connection establishment: net::ERR_CONNECTION_REFUSED @ http://localhost:5173/@vite/client:1034
[54585641ms] [ERROR] WebSocket connection to 'ws://localhost:5173/' failed: Error in connection establishment: net::ERR_CONNECTION_REFUSED @ http://localhost:5173/@vite/client:1034
[54593029ms] [ERROR] WebSocket connection to 'ws://localhost:5173/' failed: Error in connection establishment: net::ERR_CONNECTION_REFUSED @ http://localhost:5173/@vite/client:1034
[54598349ms] [ERROR] WebSocket connection to 'ws://localhost:5173/' failed: Error in connection establishment: net::ERR_CONNECTION_REFUSED @ http://localhost:5173/@vite/client:1034
[54604621ms] [ERROR] WebSocket connection to 'ws://localhost:5173/' failed: Error in connection establishment: net::ERR_CONNECTION_REFUSED @ http://localhost:5173/@vite/client:1034
[54612241ms] [ERROR] WebSocket connection to 'ws://localhost:5173/' failed: Error in connection establishment: net::ERR_CONNECTION_REFUSED @ http://localhost:5173/@vite/client:1034
[54620273ms] [ERROR] WebSocket connection to 'ws://localhost:5173/' failed: Error in connection establishment: net::ERR_CONNECTION_REFUSED @ http://localhost:5173/@vite/client:1034
[54628318ms] [ERROR] WebSocket connection to 'ws://localhost:5173/' failed: Error in connection establishment: net::ERR_CONNECTION_REFUSED @ http://localhost:5173/@vite/client:1034
[54634460ms] [ERROR] WebSocket connection to 'ws://localhost:5173/' failed: Error in connection establishment: net::ERR_CONNECTION_REFUSED @ http://localhost:5173/@vite/client:1034
[54642661ms] [ERROR] WebSocket connection to 'ws://localhost:5173/' failed: Error in connection establishment: net::ERR_CONNECTION_REFUSED @ http://localhost:5173/@vite/client:1034
[54650912ms] [ERROR] WebSocket connection to 'ws://localhost:5173/' failed: Error in connection establishment: net::ERR_CONNECTION_REFUSED @ http://localhost:5173/@vite/client:1034
[54656845ms] [ERROR] WebSocket connection to 'ws://localhost:5173/' failed: Error in connection establishment: net::ERR_CONNECTION_REFUSED @ http://localhost:5173/@vite/client:1034
[54663913ms] [ERROR] WebSocket connection to 'ws://localhost:5173/' failed: Error in connection establishment: net::ERR_CONNECTION_REFUSED @ http://localhost:5173/@vite/client:1034
[54668929ms] [ERROR] WebSocket connection to 'ws://localhost:5173/' failed: Error in connection establishment: net::ERR_CONNECTION_REFUSED @ http://localhost:5173/@vite/client:1034
[54675830ms] [ERROR] WebSocket connection to 'ws://localhost:5173/' failed: Error in connection establishment: net::ERR_CONNECTION_REFUSED @ http://localhost:5173/@vite/client:1034
[54682680ms] [ERROR] WebSocket connection to 'ws://localhost:5173/' failed: Error in connection establishment: net::ERR_CONNECTION_REFUSED @ http://localhost:5173/@vite/client:1034
[54687615ms] [ERROR] WebSocket connection to 'ws://localhost:5173/' failed: Error in connection establishment: net::ERR_CONNECTION_REFUSED @ http://localhost:5173/@vite/client:1034
[54693609ms] [ERROR] WebSocket connection to 'ws://localhost:5173/' failed: Error in connection establishment: net::ERR_CONNECTION_REFUSED @ http://localhost:5173/@vite/client:1034
[54700519ms] [ERROR] WebSocket connection to 'ws://localhost:5173/' failed: Error in connection establishment: net::ERR_CONNECTION_REFUSED @ http://localhost:5173/@vite/client:1034
[54706709ms] [ERROR] WebSocket connection to 'ws://localhost:5173/' failed: Error in connection establishment: net::ERR_CONNECTION_REFUSED @ http://localhost:5173/@vite/client:1034
[54710047ms] [ERROR] WebSocket connection to 'ws://localhost:5173/' failed: Error in connection establishment: net::ERR_CONNECTION_REFUSED @ http://localhost:5173/@vite/client:1034
[54713437ms] [ERROR] WebSocket connection to 'ws://localhost:5173/' failed: Error in connection establishment: net::ERR_CONNECTION_REFUSED @ http://localhost:5173/@vite/client:1034
[54716783ms] [ERROR] WebSocket connection to 'ws://localhost:5173/' failed: Error in connection establishment: net::ERR_CONNECTION_REFUSED @ http://localhost:5173/@vite/client:1034
[54720134ms] [ERROR] WebSocket connection to 'ws://localhost:5173/' failed: Error in connection establishment: net::ERR_CONNECTION_REFUSED @ http://localhost:5173/@vite/client:1034
[54723533ms] [ERROR] WebSocket connection to 'ws://localhost:5173/' failed: Error in connection establishment: net::ERR_CONNECTION_REFUSED @ http://localhost:5173/@vite/client:1034
[54726927ms] [ERROR] WebSocket connection to 'ws://localhost:5173/' failed: Error in connection establishment: net::ERR_CONNECTION_REFUSED @ http://localhost:5173/@vite/client:1034
[54730320ms] [ERROR] WebSocket connection to 'ws://localhost:5173/' failed: Error in connection establishment: net::ERR_CONNECTION_REFUSED @ http://localhost:5173/@vite/client:1034
[54733736ms] [ERROR] WebSocket connection to 'ws://localhost:5173/' failed: Error in connection establishment: net::ERR_CONNECTION_REFUSED @ http://localhost:5173/@vite/client:1034
[54737118ms] [ERROR] WebSocket connection to 'ws://localhost:5173/' failed: Error in connection establishment: net::ERR_CONNECTION_REFUSED @ http://localhost:5173/@vite/client:1034
[54740568ms] [ERROR] WebSocket connection to 'ws://localhost:5173/' failed: Error in connection establishment: net::ERR_CONNECTION_REFUSED @ http://localhost:5173/@vite/client:1034
[54743998ms] [ERROR] WebSocket connection to 'ws://localhost:5173/' failed: Error in connection establishment: net::ERR_CONNECTION_REFUSED @ http://localhost:5173/@vite/client:1034
[54747447ms] [ERROR] WebSocket connection to 'ws://localhost:5173/' failed: Error in connection establishment: net::ERR_CONNECTION_REFUSED @ http://localhost:5173/@vite/client:1034
[54751020ms] [ERROR] WebSocket connection to 'ws://localhost:5173/' failed: Error in connection establishment: net::ERR_CONNECTION_REFUSED @ http://localhost:5173/@vite/client:1034
[54754677ms] [ERROR] WebSocket connection to 'ws://localhost:5173/' failed: Error in connection establishment: net::ERR_CONNECTION_REFUSED @ http://localhost:5173/@vite/client:1034
[54758801ms] [ERROR] WebSocket connection to 'ws://localhost:5173/' failed: Error in connection establishment: net::ERR_CONNECTION_REFUSED @ http://localhost:5173/@vite/client:1034
[54764227ms] [ERROR] WebSocket connection to 'ws://localhost:5173/' failed: Error in connection establishment: net::ERR_CONNECTION_REFUSED @ http://localhost:5173/@vite/client:1034
[54770353ms] [ERROR] WebSocket connection to 'ws://localhost:5173/' failed: Error in connection establishment: net::ERR_CONNECTION_REFUSED @ http://localhost:5173/@vite/client:1034
[54778298ms] [ERROR] WebSocket connection to 'ws://localhost:5173/' failed: Error in connection establishment: net::ERR_CONNECTION_REFUSED @ http://localhost:5173/@vite/client:1034
[54786218ms] [ERROR] WebSocket connection to 'ws://localhost:5173/' failed: Error in connection establishment: net::ERR_CONNECTION_REFUSED @ http://localhost:5173/@vite/client:1034
[54792593ms] [ERROR] WebSocket connection to 'ws://localhost:5173/' failed: Error in connection establishment: net::ERR_CONNECTION_REFUSED @ http://localhost:5173/@vite/client:1034
[54800656ms] [ERROR] WebSocket connection to 'ws://localhost:5173/' failed: Error in connection establishment: net::ERR_CONNECTION_REFUSED @ http://localhost:5173/@vite/client:1034
[54806606ms] [ERROR] WebSocket connection to 'ws://localhost:5173/' failed: Error in connection establishment: net::ERR_CONNECTION_REFUSED @ http://localhost:5173/@vite/client:1034
[54811913ms] [ERROR] WebSocket connection to 'ws://localhost:5173/' failed: Error in connection establishment: net::ERR_CONNECTION_REFUSED @ http://localhost:5173/@vite/client:1034
[54820108ms] [ERROR] WebSocket connection to 'ws://localhost:5173/' failed: Error in connection establishment: net::ERR_CONNECTION_REFUSED @ http://localhost:5173/@vite/client:1034
[54825175ms] [ERROR] WebSocket connection to 'ws://localhost:5173/' failed: Error in connection establishment: net::ERR_CONNECTION_REFUSED @ http://localhost:5173/@vite/client:1034
[54830040ms] [ERROR] WebSocket connection to 'ws://localhost:5173/' failed: Error in connection establishment: net::ERR_CONNECTION_REFUSED @ http://localhost:5173/@vite/client:1034
[54837975ms] [ERROR] WebSocket connection to 'ws://localhost:5173/' failed: Error in connection establishment: net::ERR_CONNECTION_REFUSED @ http://localhost:5173/@vite/client:1034
[54845819ms] [ERROR] WebSocket connection to 'ws://localhost:5173/' failed: Error in connection establishment: net::ERR_CONNECTION_REFUSED @ http://localhost:5173/@vite/client:1034
[54854089ms] [ERROR] WebSocket connection to 'ws://localhost:5173/' failed: Error in connection establishment: net::ERR_CONNECTION_REFUSED @ http://localhost:5173/@vite/client:1034
[54858874ms] [ERROR] WebSocket connection to 'ws://localhost:5173/' failed: Error in connection establishment: net::ERR_CONNECTION_REFUSED @ http://localhost:5173/@vite/client:1034
[54865773ms] [ERROR] WebSocket connection to 'ws://localhost:5173/' failed: Error in connection establishment: net::ERR_CONNECTION_REFUSED @ http://localhost:5173/@vite/client:1034
[54870273ms] [ERROR] WebSocket connection to 'ws://localhost:5173/' failed: Error in connection establishment: net::ERR_CONNECTION_REFUSED @ http://localhost:5173/@vite/client:1034
[54876946ms] [ERROR] WebSocket connection to 'ws://localhost:5173/' failed: Error in connection establishment: net::ERR_CONNECTION_REFUSED @ http://localhost:5173/@vite/client:1034
[54882132ms] [ERROR] WebSocket connection to 'ws://localhost:5173/' failed: Error in connection establishment: net::ERR_CONNECTION_REFUSED @ http://localhost:5173/@vite/client:1034
[54887892ms] [ERROR] WebSocket connection to 'ws://localhost:5173/' failed: Error in connection establishment: net::ERR_CONNECTION_REFUSED @ http://localhost:5173/@vite/client:1034
[54895460ms] [ERROR] WebSocket connection to 'ws://localhost:5173/' failed: Error in connection establishment: net::ERR_CONNECTION_REFUSED @ http://localhost:5173/@vite/client:1034
[54902142ms] [ERROR] WebSocket connection to 'ws://localhost:5173/' failed: Error in connection establishment: net::ERR_CONNECTION_REFUSED @ http://localhost:5173/@vite/client:1034
[54908162ms] [ERROR] WebSocket connection to 'ws://localhost:5173/' failed: Error in connection establishment: net::ERR_CONNECTION_REFUSED @ http://localhost:5173/@vite/client:1034
[54915329ms] [ERROR] WebSocket connection to 'ws://localhost:5173/' failed: Error in connection establishment: net::ERR_CONNECTION_REFUSED @ http://localhost:5173/@vite/client:1034
[54923065ms] [INFO] %cDownload the React DevTools for a better development experience: https://reactjs.org/link/react-devtools font-weight:bold @ http://localhost:5173/node_modules/.vite/deps/chunk-NXESFFTV.js?v=98a32b23:21608
[54923093ms] [WARNING] ⚠️ React Router Future Flag Warning: React Router will begin wrapping state updates in `React.startTransition` in v7. You can use the `v7_startTransition` future flag to opt-in early. For more information, see https://reactrouter.com/v6/upgrading/future#v7_starttransition. @ http://localhost:5173/node_modules/.vite/deps/react-router-dom.js?v=98a32b23:4416
[54923094ms] [WARNING] ⚠️ React Router Future Flag Warning: Relative route resolution within Splat routes is changing in v7. You can use the `v7_relativeSplatPath` future flag to opt-in early. For more information, see https://reactrouter.com/v6/upgrading/future#v7_relativesplatpath. @ http://localhost:5173/node_modules/.vite/deps/react-router-dom.js?v=98a32b23:4416
[54923201ms] [VERBOSE] [DOM] Input elements should have autocomplete attributes (suggested: "current-password"): (More info: https://goo.gl/9p2vKq) %o @ http://localhost:5173/login:0
[55163502ms] [LOG] [vite] server connection lost. Polling for restart... @ http://localhost:5173/@vite/client:963
[55165847ms] [ERROR] WebSocket connection to 'ws://localhost:5173/' failed: Error in connection establishment: net::ERR_CONNECTION_REFUSED @ http://localhost:5173/@vite/client:1034
[55169188ms] [ERROR] WebSocket connection to 'ws://localhost:5173/' failed: Error in connection establishment: net::ERR_CONNECTION_REFUSED @ http://localhost:5173/@vite/client:1034
[55172561ms] [ERROR] WebSocket connection to 'ws://localhost:5173/' failed: Error in connection establishment: net::ERR_CONNECTION_REFUSED @ http://localhost:5173/@vite/client:1034
[55175942ms] [ERROR] WebSocket connection to 'ws://localhost:5173/' failed: Error in connection establishment: net::ERR_CONNECTION_REFUSED @ http://localhost:5173/@vite/client:1034
[55179292ms] [ERROR] WebSocket connection to 'ws://localhost:5173/' failed: Error in connection establishment: net::ERR_CONNECTION_REFUSED @ http://localhost:5173/@vite/client:1034
[55182655ms] [ERROR] WebSocket connection to 'ws://localhost:5173/' failed: Error in connection establishment: net::ERR_CONNECTION_REFUSED @ http://localhost:5173/@vite/client:1034
[55186012ms] [ERROR] WebSocket connection to 'ws://localhost:5173/' failed: Error in connection establishment: net::ERR_CONNECTION_REFUSED @ http://localhost:5173/@vite/client:1034
[55189375ms] [ERROR] WebSocket connection to 'ws://localhost:5173/' failed: Error in connection establishment: net::ERR_CONNECTION_REFUSED @ http://localhost:5173/@vite/client:1034
[55192748ms] [ERROR] WebSocket connection to 'ws://localhost:5173/' failed: Error in connection establishment: net::ERR_CONNECTION_REFUSED @ http://localhost:5173/@vite/client:1034
[55196159ms] [ERROR] WebSocket connection to 'ws://localhost:5173/' failed: Error in connection establishment: net::ERR_CONNECTION_REFUSED @ http://localhost:5173/@vite/client:1034
[55199601ms] [ERROR] WebSocket connection to 'ws://localhost:5173/' failed: Error in connection establishment: net::ERR_CONNECTION_REFUSED @ http://localhost:5173/@vite/client:1034
[55203090ms] [ERROR] WebSocket connection to 'ws://localhost:5173/' failed: Error in connection establishment: net::ERR_CONNECTION_REFUSED @ http://localhost:5173/@vite/client:1034
[55206673ms] [ERROR] WebSocket connection to 'ws://localhost:5173/' failed: Error in connection establishment: net::ERR_CONNECTION_REFUSED @ http://localhost:5173/@vite/client:1034
[55210350ms] [ERROR] WebSocket connection to 'ws://localhost:5173/' failed: Error in connection establishment: net::ERR_CONNECTION_REFUSED @ http://localhost:5173/@vite/client:1034
[55214890ms] [ERROR] WebSocket connection to 'ws://localhost:5173/' failed: Error in connection establishment: net::ERR_CONNECTION_REFUSED @ http://localhost:5173/@vite/client:1034
[55220680ms] [ERROR] WebSocket connection to 'ws://localhost:5173/' failed: Error in connection establishment: net::ERR_CONNECTION_REFUSED @ http://localhost:5173/@vite/client:1034
[55228451ms] [ERROR] WebSocket connection to 'ws://localhost:5173/' failed: Error in connection establishment: net::ERR_CONNECTION_REFUSED @ http://localhost:5173/@vite/client:1034
[55232918ms] [ERROR] WebSocket connection to 'ws://localhost:5173/' failed: Error in connection establishment: net::ERR_CONNECTION_REFUSED @ http://localhost:5173/@vite/client:1034
[55240585ms] [ERROR] WebSocket connection to 'ws://localhost:5173/' failed: Error in connection establishment: net::ERR_CONNECTION_REFUSED @ http://localhost:5173/@vite/client:1034
[55246285ms] [ERROR] WebSocket connection to 'ws://localhost:5173/' failed: Error in connection establishment: net::ERR_CONNECTION_REFUSED @ http://localhost:5173/@vite/client:1034
[55251054ms] [ERROR] WebSocket connection to 'ws://localhost:5173/' failed: Error in connection establishment: net::ERR_CONNECTION_REFUSED @ http://localhost:5173/@vite/client:1034
[55256836ms] [ERROR] WebSocket connection to 'ws://localhost:5173/' failed: Error in connection establishment: net::ERR_CONNECTION_REFUSED @ http://localhost:5173/@vite/client:1034
[55261870ms] [ERROR] WebSocket connection to 'ws://localhost:5173/' failed: Error in connection establishment: net::ERR_CONNECTION_REFUSED @ http://localhost:5173/@vite/client:1034
[55267720ms] [ERROR] WebSocket connection to 'ws://localhost:5173/' failed: Error in connection establishment: net::ERR_CONNECTION_REFUSED @ http://localhost:5173/@vite/client:1034
[55272554ms] [ERROR] WebSocket connection to 'ws://localhost:5173/' failed: Error in connection establishment: net::ERR_CONNECTION_REFUSED @ http://localhost:5173/@vite/client:1034
[55278888ms] [ERROR] WebSocket connection to 'ws://localhost:5173/' failed: Error in connection establishment: net::ERR_CONNECTION_REFUSED @ http://localhost:5173/@vite/client:1034
[55284738ms] [ERROR] WebSocket connection to 'ws://localhost:5173/' failed: Error in connection establishment: net::ERR_CONNECTION_REFUSED @ http://localhost:5173/@vite/client:1034
[55292455ms] [ERROR] WebSocket connection to 'ws://localhost:5173/' failed: Error in connection establishment: net::ERR_CONNECTION_REFUSED @ http://localhost:5173/@vite/client:1034
[55299256ms] [ERROR] WebSocket connection to 'ws://localhost:5173/' failed: Error in connection establishment: net::ERR_CONNECTION_REFUSED @ http://localhost:5173/@vite/client:1034
[55305790ms] [ERROR] WebSocket connection to 'ws://localhost:5173/' failed: Error in connection establishment: net::ERR_CONNECTION_REFUSED @ http://localhost:5173/@vite/client:1034
[55313073ms] [ERROR] WebSocket connection to 'ws://localhost:5173/' failed: Error in connection establishment: net::ERR_CONNECTION_REFUSED @ http://localhost:5173/@vite/client:1034
[55319440ms] [ERROR] WebSocket connection to 'ws://localhost:5173/' failed: Error in connection establishment: net::ERR_CONNECTION_REFUSED @ http://localhost:5173/@vite/client:1034
[55323874ms] [ERROR] WebSocket connection to 'ws://localhost:5173/' failed: Error in connection establishment: net::ERR_CONNECTION_REFUSED @ http://localhost:5173/@vite/client:1034
[55331891ms] [ERROR] WebSocket connection to 'ws://localhost:5173/' failed: Error in connection establishment: net::ERR_CONNECTION_REFUSED @ http://localhost:5173/@vite/client:1034
[55336309ms] [ERROR] WebSocket connection to 'ws://localhost:5173/' failed: Error in connection establishment: net::ERR_CONNECTION_REFUSED @ http://localhost:5173/@vite/client:1034
[55343275ms] [ERROR] WebSocket connection to 'ws://localhost:5173/' failed: Error in connection establishment: net::ERR_CONNECTION_REFUSED @ http://localhost:5173/@vite/client:1034
[55348543ms] [ERROR] WebSocket connection to 'ws://localhost:5173/' failed: Error in connection establishment: net::ERR_CONNECTION_REFUSED @ http://localhost:5173/@vite/client:1034
[55356093ms] [ERROR] WebSocket connection to 'ws://localhost:5173/' failed: Error in connection establishment: net::ERR_CONNECTION_REFUSED @ http://localhost:5173/@vite/client:1034
[55363144ms] [ERROR] WebSocket connection to 'ws://localhost:5173/' failed: Error in connection establishment: net::ERR_CONNECTION_REFUSED @ http://localhost:5173/@vite/client:1034
[55368194ms] [ERROR] WebSocket connection to 'ws://localhost:5173/' failed: Error in connection establishment: net::ERR_CONNECTION_REFUSED @ http://localhost:5173/@vite/client:1034
[55373978ms] [ERROR] WebSocket connection to 'ws://localhost:5173/' failed: Error in connection establishment: net::ERR_CONNECTION_REFUSED @ http://localhost:5173/@vite/client:1034
[55378411ms] [ERROR] WebSocket connection to 'ws://localhost:5173/' failed: Error in connection establishment: net::ERR_CONNECTION_REFUSED @ http://localhost:5173/@vite/client:1034
[55383795ms] [ERROR] WebSocket connection to 'ws://localhost:5173/' failed: Error in connection establishment: net::ERR_CONNECTION_REFUSED @ http://localhost:5173/@vite/client:1034
[55389045ms] [ERROR] WebSocket connection to 'ws://localhost:5173/' failed: Error in connection establishment: net::ERR_CONNECTION_REFUSED @ http://localhost:5173/@vite/client:1034
[55395346ms] [ERROR] WebSocket connection to 'ws://localhost:5173/' failed: Error in connection establishment: net::ERR_CONNECTION_REFUSED @ http://localhost:5173/@vite/client:1034
[55400829ms] [ERROR] WebSocket connection to 'ws://localhost:5173/' failed: Error in connection establishment: net::ERR_CONNECTION_REFUSED @ http://localhost:5173/@vite/client:1034
[55408980ms] [ERROR] WebSocket connection to 'ws://localhost:5173/' failed: Error in connection establishment: net::ERR_CONNECTION_REFUSED @ http://localhost:5173/@vite/client:1034
[55413914ms] [ERROR] WebSocket connection to 'ws://localhost:5173/' failed: Error in connection establishment: net::ERR_CONNECTION_REFUSED @ http://localhost:5173/@vite/client:1034
[55419280ms] [ERROR] WebSocket connection to 'ws://localhost:5173/' failed: Error in connection establishment: net::ERR_CONNECTION_REFUSED @ http://localhost:5173/@vite/client:1034
[55425214ms] [ERROR] WebSocket connection to 'ws://localhost:5173/' failed: Error in connection establishment: net::ERR_CONNECTION_REFUSED @ http://localhost:5173/@vite/client:1034
[55433415ms] [ERROR] WebSocket connection to 'ws://localhost:5173/' failed: Error in connection establishment: net::ERR_CONNECTION_REFUSED @ http://localhost:5173/@vite/client:1034
[55441499ms] [ERROR] WebSocket connection to 'ws://localhost:5173/' failed: Error in connection establishment: net::ERR_CONNECTION_REFUSED @ http://localhost:5173/@vite/client:1034
[55446932ms] [ERROR] WebSocket connection to 'ws://localhost:5173/' failed: Error in connection establishment: net::ERR_CONNECTION_REFUSED @ http://localhost:5173/@vite/client:1034
[55452083ms] [ERROR] WebSocket connection to 'ws://localhost:5173/' failed: Error in connection establishment: net::ERR_CONNECTION_REFUSED @ http://localhost:5173/@vite/client:1034
[55456650ms] [ERROR] WebSocket connection to 'ws://localhost:5173/' failed: Error in connection establishment: net::ERR_CONNECTION_REFUSED @ http://localhost:5173/@vite/client:1034
[55464884ms] [ERROR] WebSocket connection to 'ws://localhost:5173/' failed: Error in connection establishment: net::ERR_CONNECTION_REFUSED @ http://localhost:5173/@vite/client:1034
[55469800ms] [ERROR] WebSocket connection to 'ws://localhost:5173/' failed: Error in connection establishment: net::ERR_CONNECTION_REFUSED @ http://localhost:5173/@vite/client:1034
[55475918ms] [ERROR] WebSocket connection to 'ws://localhost:5173/' failed: Error in connection establishment: net::ERR_CONNECTION_REFUSED @ http://localhost:5173/@vite/client:1034
[55481304ms] [ERROR] WebSocket connection to 'ws://localhost:5173/' failed: Error in connection establishment: net::ERR_CONNECTION_REFUSED @ http://localhost:5173/@vite/client:1034
[55489052ms] [ERROR] WebSocket connection to 'ws://localhost:5173/' failed: Error in connection establishment: net::ERR_CONNECTION_REFUSED @ http://localhost:5173/@vite/client:1034
[55496736ms] [ERROR] WebSocket connection to 'ws://localhost:5173/' failed: Error in connection establishment: net::ERR_CONNECTION_REFUSED @ http://localhost:5173/@vite/client:1034
[55505070ms] [ERROR] WebSocket connection to 'ws://localhost:5173/' failed: Error in connection establishment: net::ERR_CONNECTION_REFUSED @ http://localhost:5173/@vite/client:1034
[55509704ms] [ERROR] WebSocket connection to 'ws://localhost:5173/' failed: Error in connection establishment: net::ERR_CONNECTION_REFUSED @ http://localhost:5173/@vite/client:1034
[55514437ms] [ERROR] WebSocket connection to 'ws://localhost:5173/' failed: Error in connection establishment: net::ERR_CONNECTION_REFUSED @ http://localhost:5173/@vite/client:1034
[55518938ms] [ERROR] WebSocket connection to 'ws://localhost:5173/' failed: Error in connection establishment: net::ERR_CONNECTION_REFUSED @ http://localhost:5173/@vite/client:1034
[55527238ms] [ERROR] WebSocket connection to 'ws://localhost:5173/' failed: Error in connection establishment: net::ERR_CONNECTION_REFUSED @ http://localhost:5173/@vite/client:1034
[55533772ms] [ERROR] WebSocket connection to 'ws://localhost:5173/' failed: Error in connection establishment: net::ERR_CONNECTION_REFUSED @ http://localhost:5173/@vite/client:1034
[55541289ms] [ERROR] WebSocket connection to 'ws://localhost:5173/' failed: Error in connection establishment: net::ERR_CONNECTION_REFUSED @ http://localhost:5173/@vite/client:1034
[55547190ms] [ERROR] WebSocket connection to 'ws://localhost:5173/' failed: Error in connection establishment: net::ERR_CONNECTION_REFUSED @ http://localhost:5173/@vite/client:1034
[55553739ms] [ERROR] WebSocket connection to 'ws://localhost:5173/' failed: Error in connection establishment: net::ERR_CONNECTION_REFUSED @ http://localhost:5173/@vite/client:1034
[55561207ms] [ERROR] WebSocket connection to 'ws://localhost:5173/' failed: Error in connection establishment: net::ERR_CONNECTION_REFUSED @ http://localhost:5173/@vite/client:1034
[55566941ms] [ERROR] WebSocket connection to 'ws://localhost:5173/' failed: Error in connection establishment: net::ERR_CONNECTION_REFUSED @ http://localhost:5173/@vite/client:1034
[55572175ms] [ERROR] WebSocket connection to 'ws://localhost:5173/' failed: Error in connection establishment: net::ERR_CONNECTION_REFUSED @ http://localhost:5173/@vite/client:1034
[55580024ms] [ERROR] WebSocket connection to 'ws://localhost:5173/' failed: Error in connection establishment: net::ERR_CONNECTION_REFUSED @ http://localhost:5173/@vite/client:1034
[55584742ms] [ERROR] WebSocket connection to 'ws://localhost:5173/' failed: Error in connection establishment: net::ERR_CONNECTION_REFUSED @ http://localhost:5173/@vite/client:1034
[55591359ms] [ERROR] WebSocket connection to 'ws://localhost:5173/' failed: Error in connection establishment: net::ERR_CONNECTION_REFUSED @ http://localhost:5173/@vite/client:1034
[55598793ms] [ERROR] WebSocket connection to 'ws://localhost:5173/' failed: Error in connection establishment: net::ERR_CONNECTION_REFUSED @ http://localhost:5173/@vite/client:1034
[55606444ms] [ERROR] WebSocket connection to 'ws://localhost:5173/' failed: Error in connection establishment: net::ERR_CONNECTION_REFUSED @ http://localhost:5173/@vite/client:1034
[55611477ms] [ERROR] WebSocket connection to 'ws://localhost:5173/' failed: Error in connection establishment: net::ERR_CONNECTION_REFUSED @ http://localhost:5173/@vite/client:1034
[55617011ms] [ERROR] WebSocket connection to 'ws://localhost:5173/' failed: Error in connection establishment: net::ERR_CONNECTION_REFUSED @ http://localhost:5173/@vite/client:1034
[55624545ms] [ERROR] WebSocket connection to 'ws://localhost:5173/' failed: Error in connection establishment: net::ERR_CONNECTION_REFUSED @ http://localhost:5173/@vite/client:1034
[55629261ms] [ERROR] WebSocket connection to 'ws://localhost:5173/' failed: Error in connection establishment: net::ERR_CONNECTION_REFUSED @ http://localhost:5173/@vite/client:1034
[55634845ms] [ERROR] WebSocket connection to 'ws://localhost:5173/' failed: Error in connection establishment: net::ERR_CONNECTION_REFUSED @ http://localhost:5173/@vite/client:1034
[55639579ms] [ERROR] WebSocket connection to 'ws://localhost:5173/' failed: Error in connection establishment: net::ERR_CONNECTION_REFUSED @ http://localhost:5173/@vite/client:1034
[55644396ms] [ERROR] WebSocket connection to 'ws://localhost:5173/' failed: Error in connection establishment: net::ERR_CONNECTION_REFUSED @ http://localhost:5173/@vite/client:1034
[55649330ms] [ERROR] WebSocket connection to 'ws://localhost:5173/' failed: Error in connection establishment: net::ERR_CONNECTION_REFUSED @ http://localhost:5173/@vite/client:1034
[55657063ms] [ERROR] WebSocket connection to 'ws://localhost:5173/' failed: Error in connection establishment: net::ERR_CONNECTION_REFUSED @ http://localhost:5173/@vite/client:1034
[55662441ms] [ERROR] WebSocket connection to 'ws://localhost:5173/' failed: Error in connection establishment: net::ERR_CONNECTION_REFUSED @ http://localhost:5173/@vite/client:1034
[55668191ms] [ERROR] WebSocket connection to 'ws://localhost:5173/' failed: Error in connection establishment: net::ERR_CONNECTION_REFUSED @ http://localhost:5173/@vite/client:1034
[55673415ms] [ERROR] WebSocket connection to 'ws://localhost:5173/' failed: Error in connection establishment: net::ERR_CONNECTION_REFUSED @ http://localhost:5173/@vite/client:1034
[55681409ms] [ERROR] WebSocket connection to 'ws://localhost:5173/' failed: Error in connection establishment: net::ERR_CONNECTION_REFUSED @ http://localhost:5173/@vite/client:1034
[55686767ms] [ERROR] WebSocket connection to 'ws://localhost:5173/' failed: Error in connection establishment: net::ERR_CONNECTION_REFUSED @ http://localhost:5173/@vite/client:1034
[55693281ms] [ERROR] WebSocket connection to 'ws://localhost:5173/' failed: Error in connection establishment: net::ERR_CONNECTION_REFUSED @ http://localhost:5173/@vite/client:1034
[55699895ms] [ERROR] WebSocket connection to 'ws://localhost:5173/' failed: Error in connection establishment: net::ERR_CONNECTION_REFUSED @ http://localhost:5173/@vite/client:1034
[55708227ms] [ERROR] WebSocket connection to 'ws://localhost:5173/' failed: Error in connection establishment: net::ERR_CONNECTION_REFUSED @ http://localhost:5173/@vite/client:1034
[55713346ms] [ERROR] WebSocket connection to 'ws://localhost:5173/' failed: Error in connection establishment: net::ERR_CONNECTION_REFUSED @ http://localhost:5173/@vite/client:1034
[55720929ms] [ERROR] WebSocket connection to 'ws://localhost:5173/' failed: Error in connection establishment: net::ERR_CONNECTION_REFUSED @ http://localhost:5173/@vite/client:1034
[55725499ms] [ERROR] WebSocket connection to 'ws://localhost:5173/' failed: Error in connection establishment: net::ERR_CONNECTION_REFUSED @ http://localhost:5173/@vite/client:1034
[55731609ms] [ERROR] WebSocket connection to 'ws://localhost:5173/' failed: Error in connection establishment: net::ERR_CONNECTION_REFUSED @ http://localhost:5173/@vite/client:1034
[55739008ms] [ERROR] WebSocket connection to 'ws://localhost:5173/' failed: Error in connection establishment: net::ERR_CONNECTION_REFUSED @ http://localhost:5173/@vite/client:1034
[55747274ms] [INFO] %cDownload the React DevTools for a better development experience: https://reactjs.org/link/react-devtools font-weight:bold @ http://localhost:5173/node_modules/.vite/deps/chunk-NXESFFTV.js?v=98a32b23:21608
[55747305ms] [WARNING] ⚠️ React Router Future Flag Warning: React Router will begin wrapping state updates in `React.startTransition` in v7. You can use the `v7_startTransition` future flag to opt-in early. For more information, see https://reactrouter.com/v6/upgrading/future#v7_starttransition. @ http://localhost:5173/node_modules/.vite/deps/react-router-dom.js?v=98a32b23:4416
[55747306ms] [WARNING] ⚠️ React Router Future Flag Warning: Relative route resolution within Splat routes is changing in v7. You can use the `v7_relativeSplatPath` future flag to opt-in early. For more information, see https://reactrouter.com/v6/upgrading/future#v7_relativesplatpath. @ http://localhost:5173/node_modules/.vite/deps/react-router-dom.js?v=98a32b23:4416
[55747407ms] [VERBOSE] [DOM] Input elements should have autocomplete attributes (suggested: "current-password"): (More info: https://goo.gl/9p2vKq) %o @ http://localhost:5173/login:0
[57948096ms] [LOG] [vite] server connection lost. Polling for restart... @ http://localhost:5173/@vite/client:963
[57950454ms] [ERROR] WebSocket connection to 'ws://localhost:5173/' failed: Error in connection establishment: net::ERR_CONNECTION_REFUSED @ http://localhost:5173/@vite/client:1034
[57953817ms] [ERROR] WebSocket connection to 'ws://localhost:5173/' failed: Error in connection establishment: net::ERR_CONNECTION_REFUSED @ http://localhost:5173/@vite/client:1034
[57957184ms] [ERROR] WebSocket connection to 'ws://localhost:5173/' failed: Error in connection establishment: net::ERR_CONNECTION_REFUSED @ http://localhost:5173/@vite/client:1034
[57960539ms] [ERROR] WebSocket connection to 'ws://localhost:5173/' failed: Error in connection establishment: net::ERR_CONNECTION_REFUSED @ http://localhost:5173/@vite/client:1034
[57963919ms] [ERROR] WebSocket connection to 'ws://localhost:5173/' failed: Error in connection establishment: net::ERR_CONNECTION_REFUSED @ http://localhost:5173/@vite/client:1034
[57967306ms] [ERROR] WebSocket connection to 'ws://localhost:5173/' failed: Error in connection establishment: net::ERR_CONNECTION_REFUSED @ http://localhost:5173/@vite/client:1034
[57970723ms] [ERROR] WebSocket connection to 'ws://localhost:5173/' failed: Error in connection establishment: net::ERR_CONNECTION_REFUSED @ http://localhost:5173/@vite/client:1034
[57974090ms] [ERROR] WebSocket connection to 'ws://localhost:5173/' failed: Error in connection establishment: net::ERR_CONNECTION_REFUSED @ http://localhost:5173/@vite/client:1034
[57977473ms] [ERROR] WebSocket connection to 'ws://localhost:5173/' failed: Error in connection establishment: net::ERR_CONNECTION_REFUSED @ http://localhost:5173/@vite/client:1034
[57980908ms] [ERROR] WebSocket connection to 'ws://localhost:5173/' failed: Error in connection establishment: net::ERR_CONNECTION_REFUSED @ http://localhost:5173/@vite/client:1034
[57984300ms] [ERROR] WebSocket connection to 'ws://localhost:5173/' failed: Error in connection establishment: net::ERR_CONNECTION_REFUSED @ http://localhost:5173/@vite/client:1034
[57987770ms] [ERROR] WebSocket connection to 'ws://localhost:5173/' failed: Error in connection establishment: net::ERR_CONNECTION_REFUSED @ http://localhost:5173/@vite/client:1034
[57991254ms] [ERROR] WebSocket connection to 'ws://localhost:5173/' failed: Error in connection establishment: net::ERR_CONNECTION_REFUSED @ http://localhost:5173/@vite/client:1034
[57995101ms] [ERROR] WebSocket connection to 'ws://localhost:5173/' failed: Error in connection establishment: net::ERR_CONNECTION_REFUSED @ http://localhost:5173/@vite/client:1034
[57999678ms] [ERROR] WebSocket connection to 'ws://localhost:5173/' failed: Error in connection establishment: net::ERR_CONNECTION_REFUSED @ http://localhost:5173/@vite/client:1034
[58005222ms] [ERROR] WebSocket connection to 'ws://localhost:5173/' failed: Error in connection establishment: net::ERR_CONNECTION_REFUSED @ http://localhost:5173/@vite/client:1034
[58010989ms] [ERROR] WebSocket connection to 'ws://localhost:5173/' failed: Error in connection establishment: net::ERR_CONNECTION_REFUSED @ http://localhost:5173/@vite/client:1034
[58015382ms] [ERROR] WebSocket connection to 'ws://localhost:5173/' failed: Error in connection establishment: net::ERR_CONNECTION_REFUSED @ http://localhost:5173/@vite/client:1034
[58019754ms] [ERROR] WebSocket connection to 'ws://localhost:5173/' failed: Error in connection establishment: net::ERR_CONNECTION_REFUSED @ http://localhost:5173/@vite/client:1034
[58027372ms] [ERROR] WebSocket connection to 'ws://localhost:5173/' failed: Error in connection establishment: net::ERR_CONNECTION_REFUSED @ http://localhost:5173/@vite/client:1034
[58034341ms] [ERROR] WebSocket connection to 'ws://localhost:5173/' failed: Error in connection establishment: net::ERR_CONNECTION_REFUSED @ http://localhost:5173/@vite/client:1034
[58040771ms] [ERROR] WebSocket connection to 'ws://localhost:5173/' failed: Error in connection establishment: net::ERR_CONNECTION_REFUSED @ http://localhost:5173/@vite/client:1034
[58046002ms] [ERROR] WebSocket connection to 'ws://localhost:5173/' failed: Error in connection establishment: net::ERR_CONNECTION_REFUSED @ http://localhost:5173/@vite/client:1034
[58053836ms] [ERROR] WebSocket connection to 'ws://localhost:5173/' failed: Error in connection establishment: net::ERR_CONNECTION_REFUSED @ http://localhost:5173/@vite/client:1034
[58060911ms] [ERROR] WebSocket connection to 'ws://localhost:5173/' failed: Error in connection establishment: net::ERR_CONNECTION_REFUSED @ http://localhost:5173/@vite/client:1034
[58065305ms] [ERROR] WebSocket connection to 'ws://localhost:5173/' failed: Error in connection establishment: net::ERR_CONNECTION_REFUSED @ http://localhost:5173/@vite/client:1034
[58071378ms] [ERROR] WebSocket connection to 'ws://localhost:5173/' failed: Error in connection establishment: net::ERR_CONNECTION_REFUSED @ http://localhost:5173/@vite/client:1034
[58076629ms] [ERROR] WebSocket connection to 'ws://localhost:5173/' failed: Error in connection establishment: net::ERR_CONNECTION_REFUSED @ http://localhost:5173/@vite/client:1034
[58082689ms] [ERROR] WebSocket connection to 'ws://localhost:5173/' failed: Error in connection establishment: net::ERR_CONNECTION_REFUSED @ http://localhost:5173/@vite/client:1034
[58089339ms] [ERROR] WebSocket connection to 'ws://localhost:5173/' failed: Error in connection establishment: net::ERR_CONNECTION_REFUSED @ http://localhost:5173/@vite/client:1034
[58094600ms] [ERROR] WebSocket connection to 'ws://localhost:5173/' failed: Error in connection establishment: net::ERR_CONNECTION_REFUSED @ http://localhost:5173/@vite/client:1034
[58102298ms] [ERROR] WebSocket connection to 'ws://localhost:5173/' failed: Error in connection establishment: net::ERR_CONNECTION_REFUSED @ http://localhost:5173/@vite/client:1034
[58108453ms] [ERROR] WebSocket connection to 'ws://localhost:5173/' failed: Error in connection establishment: net::ERR_CONNECTION_REFUSED @ http://localhost:5173/@vite/client:1034
[58114922ms] [ERROR] WebSocket connection to 'ws://localhost:5173/' failed: Error in connection establishment: net::ERR_CONNECTION_REFUSED @ http://localhost:5173/@vite/client:1034
[58123149ms] [ERROR] WebSocket connection to 'ws://localhost:5173/' failed: Error in connection establishment: net::ERR_CONNECTION_REFUSED @ http://localhost:5173/@vite/client:1034
[58130185ms] [ERROR] WebSocket connection to 'ws://localhost:5173/' failed: Error in connection establishment: net::ERR_CONNECTION_REFUSED @ http://localhost:5173/@vite/client:1034
[58136069ms] [ERROR] WebSocket connection to 'ws://localhost:5173/' failed: Error in connection establishment: net::ERR_CONNECTION_REFUSED @ http://localhost:5173/@vite/client:1034
[58141826ms] [ERROR] WebSocket connection to 'ws://localhost:5173/' failed: Error in connection establishment: net::ERR_CONNECTION_REFUSED @ http://localhost:5173/@vite/client:1034
[58147528ms] [ERROR] WebSocket connection to 'ws://localhost:5173/' failed: Error in connection establishment: net::ERR_CONNECTION_REFUSED @ http://localhost:5173/@vite/client:1034
[58155180ms] [ERROR] WebSocket connection to 'ws://localhost:5173/' failed: Error in connection establishment: net::ERR_CONNECTION_REFUSED @ http://localhost:5173/@vite/client:1034
[58161754ms] [ERROR] WebSocket connection to 'ws://localhost:5173/' failed: Error in connection establishment: net::ERR_CONNECTION_REFUSED @ http://localhost:5173/@vite/client:1034
[58169550ms] [ERROR] WebSocket connection to 'ws://localhost:5173/' failed: Error in connection establishment: net::ERR_CONNECTION_REFUSED @ http://localhost:5173/@vite/client:1034
[58175996ms] [ERROR] WebSocket connection to 'ws://localhost:5173/' failed: Error in connection establishment: net::ERR_CONNECTION_REFUSED @ http://localhost:5173/@vite/client:1034
[58183100ms] [ERROR] WebSocket connection to 'ws://localhost:5173/' failed: Error in connection establishment: net::ERR_CONNECTION_REFUSED @ http://localhost:5173/@vite/client:1034
[58188408ms] [ERROR] WebSocket connection to 'ws://localhost:5173/' failed: Error in connection establishment: net::ERR_CONNECTION_REFUSED @ http://localhost:5173/@vite/client:1034
[58194406ms] [ERROR] WebSocket connection to 'ws://localhost:5173/' failed: Error in connection establishment: net::ERR_CONNECTION_REFUSED @ http://localhost:5173/@vite/client:1034
[58199044ms] [ERROR] WebSocket connection to 'ws://localhost:5173/' failed: Error in connection establishment: net::ERR_CONNECTION_REFUSED @ http://localhost:5173/@vite/client:1034
[58204114ms] [ERROR] WebSocket connection to 'ws://localhost:5173/' failed: Error in connection establishment: net::ERR_CONNECTION_REFUSED @ http://localhost:5173/@vite/client:1034
[58209943ms] [ERROR] WebSocket connection to 'ws://localhost:5173/' failed: Error in connection establishment: net::ERR_CONNECTION_REFUSED @ http://localhost:5173/@vite/client:1034
[58214776ms] [ERROR] WebSocket connection to 'ws://localhost:5173/' failed: Error in connection establishment: net::ERR_CONNECTION_REFUSED @ http://localhost:5173/@vite/client:1034
[58221606ms] [ERROR] WebSocket connection to 'ws://localhost:5173/' failed: Error in connection establishment: net::ERR_CONNECTION_REFUSED @ http://localhost:5173/@vite/client:1034
[58226369ms] [ERROR] WebSocket connection to 'ws://localhost:5173/' failed: Error in connection establishment: net::ERR_CONNECTION_REFUSED @ http://localhost:5173/@vite/client:1034
[58233018ms] [ERROR] WebSocket connection to 'ws://localhost:5173/' failed: Error in connection establishment: net::ERR_CONNECTION_REFUSED @ http://localhost:5173/@vite/client:1034
[58238167ms] [ERROR] WebSocket connection to 'ws://localhost:5173/' failed: Error in connection establishment: net::ERR_CONNECTION_REFUSED @ http://localhost:5173/@vite/client:1034
[58245109ms] [ERROR] WebSocket connection to 'ws://localhost:5173/' failed: Error in connection establishment: net::ERR_CONNECTION_REFUSED @ http://localhost:5173/@vite/client:1034
[58251265ms] [ERROR] WebSocket connection to 'ws://localhost:5173/' failed: Error in connection establishment: net::ERR_CONNECTION_REFUSED @ http://localhost:5173/@vite/client:1034
[58256796ms] [ERROR] WebSocket connection to 'ws://localhost:5173/' failed: Error in connection establishment: net::ERR_CONNECTION_REFUSED @ http://localhost:5173/@vite/client:1034
[58264185ms] [ERROR] WebSocket connection to 'ws://localhost:5173/' failed: Error in connection establishment: net::ERR_CONNECTION_REFUSED @ http://localhost:5173/@vite/client:1034
[58270865ms] [ERROR] WebSocket connection to 'ws://localhost:5173/' failed: Error in connection establishment: net::ERR_CONNECTION_REFUSED @ http://localhost:5173/@vite/client:1034
[58279104ms] [ERROR] WebSocket connection to 'ws://localhost:5173/' failed: Error in connection establishment: net::ERR_CONNECTION_REFUSED @ http://localhost:5173/@vite/client:1034
[58286475ms] [ERROR] WebSocket connection to 'ws://localhost:5173/' failed: Error in connection establishment: net::ERR_CONNECTION_REFUSED @ http://localhost:5173/@vite/client:1034
[58293996ms] [ERROR] WebSocket connection to 'ws://localhost:5173/' failed: Error in connection establishment: net::ERR_CONNECTION_REFUSED @ http://localhost:5173/@vite/client:1034
[58302485ms] [ERROR] WebSocket connection to 'ws://localhost:5173/' failed: Error in connection establishment: net::ERR_CONNECTION_REFUSED @ http://localhost:5173/@vite/client:1034
[58307505ms] [ERROR] WebSocket connection to 'ws://localhost:5173/' failed: Error in connection establishment: net::ERR_CONNECTION_REFUSED @ http://localhost:5173/@vite/client:1034
[58311094ms] [ERROR] WebSocket connection to 'ws://localhost:5173/' failed: Error in connection establishment: net::ERR_CONNECTION_REFUSED @ http://localhost:5173/@vite/client:1034
[58314580ms] [ERROR] WebSocket connection to 'ws://localhost:5173/' failed: Error in connection establishment: net::ERR_CONNECTION_REFUSED @ http://localhost:5173/@vite/client:1034
[58317935ms] [ERROR] WebSocket connection to 'ws://localhost:5173/' failed: Error in connection establishment: net::ERR_CONNECTION_REFUSED @ http://localhost:5173/@vite/client:1034
[58321605ms] [ERROR] WebSocket connection to 'ws://localhost:5173/' failed: Error in connection establishment: net::ERR_CONNECTION_REFUSED @ http://localhost:5173/@vite/client:1034
[58324995ms] [ERROR] WebSocket connection to 'ws://localhost:5173/' failed: Error in connection establishment: net::ERR_CONNECTION_REFUSED @ http://localhost:5173/@vite/client:1034
[58328688ms] [ERROR] WebSocket connection to 'ws://localhost:5173/' failed: Error in connection establishment: net::ERR_CONNECTION_REFUSED @ http://localhost:5173/@vite/client:1034
[58332238ms] [ERROR] WebSocket connection to 'ws://localhost:5173/' failed: Error in connection establishment: net::ERR_CONNECTION_REFUSED @ http://localhost:5173/@vite/client:1034
[58335788ms] [ERROR] WebSocket connection to 'ws://localhost:5173/' failed: Error in connection establishment: net::ERR_CONNECTION_REFUSED @ http://localhost:5173/@vite/client:1034
[58339443ms] [ERROR] WebSocket connection to 'ws://localhost:5173/' failed: Error in connection establishment: net::ERR_CONNECTION_REFUSED @ http://localhost:5173/@vite/client:1034
[58343086ms] [ERROR] WebSocket connection to 'ws://localhost:5173/' failed: Error in connection establishment: net::ERR_CONNECTION_REFUSED @ http://localhost:5173/@vite/client:1034
[58346696ms] [ERROR] WebSocket connection to 'ws://localhost:5173/' failed: Error in connection establishment: net::ERR_CONNECTION_REFUSED @ http://localhost:5173/@vite/client:1034
[58350393ms] [ERROR] WebSocket connection to 'ws://localhost:5173/' failed: Error in connection establishment: net::ERR_CONNECTION_REFUSED @ http://localhost:5173/@vite/client:1034
[58354195ms] [ERROR] WebSocket connection to 'ws://localhost:5173/' failed: Error in connection establishment: net::ERR_CONNECTION_REFUSED @ http://localhost:5173/@vite/client:1034
[58358199ms] [ERROR] WebSocket connection to 'ws://localhost:5173/' failed: Error in connection establishment: net::ERR_CONNECTION_REFUSED @ http://localhost:5173/@vite/client:1034
[58362098ms] [ERROR] WebSocket connection to 'ws://localhost:5173/' failed: Error in connection establishment: net::ERR_CONNECTION_REFUSED @ http://localhost:5173/@vite/client:1034
[58367101ms] [ERROR] WebSocket connection to 'ws://localhost:5173/' failed: Error in connection establishment: net::ERR_CONNECTION_REFUSED @ http://localhost:5173/@vite/client:1034
[58373403ms] [ERROR] WebSocket connection to 'ws://localhost:5173/' failed: Error in connection establishment: net::ERR_CONNECTION_REFUSED @ http://localhost:5173/@vite/client:1034
[58380484ms] [ERROR] WebSocket connection to 'ws://localhost:5173/' failed: Error in connection establishment: net::ERR_CONNECTION_REFUSED @ http://localhost:5173/@vite/client:1034
[58386298ms] [ERROR] WebSocket connection to 'ws://localhost:5173/' failed: Error in connection establishment: net::ERR_CONNECTION_REFUSED @ http://localhost:5173/@vite/client:1034
[58394001ms] [ERROR] WebSocket connection to 'ws://localhost:5173/' failed: Error in connection establishment: net::ERR_CONNECTION_REFUSED @ http://localhost:5173/@vite/client:1034
[58401290ms] [ERROR] WebSocket connection to 'ws://localhost:5173/' failed: Error in connection establishment: net::ERR_CONNECTION_REFUSED @ http://localhost:5173/@vite/client:1034
[58408508ms] [ERROR] WebSocket connection to 'ws://localhost:5173/' failed: Error in connection establishment: net::ERR_CONNECTION_REFUSED @ http://localhost:5173/@vite/client:1034
[58416297ms] [ERROR] WebSocket connection to 'ws://localhost:5173/' failed: Error in connection establishment: net::ERR_CONNECTION_REFUSED @ http://localhost:5173/@vite/client:1034
[58421192ms] [ERROR] WebSocket connection to 'ws://localhost:5173/' failed: Error in connection establishment: net::ERR_CONNECTION_REFUSED @ http://localhost:5173/@vite/client:1034
[58427097ms] [ERROR] WebSocket connection to 'ws://localhost:5173/' failed: Error in connection establishment: net::ERR_CONNECTION_REFUSED @ http://localhost:5173/@vite/client:1034
[58433499ms] [ERROR] WebSocket connection to 'ws://localhost:5173/' failed: Error in connection establishment: net::ERR_CONNECTION_REFUSED @ http://localhost:5173/@vite/client:1034
[58442892ms] [ERROR] WebSocket connection to 'ws://localhost:5173/' failed: Error in connection establishment: net::ERR_CONNECTION_REFUSED @ http://localhost:5173/@vite/client:1034
[58451599ms] [ERROR] WebSocket connection to 'ws://localhost:5173/' failed: Error in connection establishment: net::ERR_CONNECTION_REFUSED @ http://localhost:5173/@vite/client:1034
[58459898ms] [ERROR] WebSocket connection to 'ws://localhost:5173/' failed: Error in connection establishment: net::ERR_CONNECTION_REFUSED @ http://localhost:5173/@vite/client:1034
[58464500ms] [ERROR] WebSocket connection to 'ws://localhost:5173/' failed: Error in connection establishment: net::ERR_CONNECTION_REFUSED @ http://localhost:5173/@vite/client:1034
[58472603ms] [ERROR] WebSocket connection to 'ws://localhost:5173/' failed: Error in connection establishment: net::ERR_CONNECTION_REFUSED @ http://localhost:5173/@vite/client:1034
[58477803ms] [ERROR] WebSocket connection to 'ws://localhost:5173/' failed: Error in connection establishment: net::ERR_CONNECTION_REFUSED @ http://localhost:5173/@vite/client:1034
[58482705ms] [ERROR] WebSocket connection to 'ws://localhost:5173/' failed: Error in connection establishment: net::ERR_CONNECTION_REFUSED @ http://localhost:5173/@vite/client:1034
[58490701ms] [ERROR] WebSocket connection to 'ws://localhost:5173/' failed: Error in connection establishment: net::ERR_CONNECTION_REFUSED @ http://localhost:5173/@vite/client:1034
[58497395ms] [ERROR] WebSocket connection to 'ws://localhost:5173/' failed: Error in connection establishment: net::ERR_CONNECTION_REFUSED @ http://localhost:5173/@vite/client:1034
[58505699ms] [ERROR] WebSocket connection to 'ws://localhost:5173/' failed: Error in connection establishment: net::ERR_CONNECTION_REFUSED @ http://localhost:5173/@vite/client:1034
[58511996ms] [ERROR] WebSocket connection to 'ws://localhost:5173/' failed: Error in connection establishment: net::ERR_CONNECTION_REFUSED @ http://localhost:5173/@vite/client:1034
[58519897ms] [ERROR] WebSocket connection to 'ws://localhost:5173/' failed: Error in connection establishment: net::ERR_CONNECTION_REFUSED @ http://localhost:5173/@vite/client:1034
[58525606ms] [ERROR] WebSocket connection to 'ws://localhost:5173/' failed: Error in connection establishment: net::ERR_CONNECTION_REFUSED @ http://localhost:5173/@vite/client:1034
[58533625ms] [ERROR] WebSocket connection to 'ws://localhost:5173/' failed: Error in connection establishment: net::ERR_CONNECTION_REFUSED @ http://localhost:5173/@vite/client:1034
[58541899ms] [ERROR] WebSocket connection to 'ws://localhost:5173/' failed: Error in connection establishment: net::ERR_CONNECTION_REFUSED @ http://localhost:5173/@vite/client:1034
[58551872ms] [ERROR] WebSocket connection to 'ws://localhost:5173/' failed: Error in connection establishment: net::ERR_CONNECTION_REFUSED @ http://localhost:5173/@vite/client:1034
[58556905ms] [ERROR] WebSocket connection to 'ws://localhost:5173/' failed: Error in connection establishment: net::ERR_CONNECTION_REFUSED @ http://localhost:5173/@vite/client:1034
[58564890ms] [ERROR] WebSocket connection to 'ws://localhost:5173/' failed: Error in connection establishment: net::ERR_CONNECTION_REFUSED @ http://localhost:5173/@vite/client:1034
[58569798ms] [ERROR] WebSocket connection to 'ws://localhost:5173/' failed: Error in connection establishment: net::ERR_CONNECTION_REFUSED @ http://localhost:5173/@vite/client:1034
[58575511ms] [ERROR] WebSocket connection to 'ws://localhost:5173/' failed: Error in connection establishment: net::ERR_CONNECTION_REFUSED @ http://localhost:5173/@vite/client:1034
[58584499ms] [ERROR] WebSocket connection to 'ws://localhost:5173/' failed: Error in connection establishment: net::ERR_CONNECTION_REFUSED @ http://localhost:5173/@vite/client:1034
[58591705ms] [ERROR] WebSocket connection to 'ws://localhost:5173/' failed: Error in connection establishment: net::ERR_CONNECTION_REFUSED @ http://localhost:5173/@vite/client:1034
[58600595ms] [ERROR] WebSocket connection to 'ws://localhost:5173/' failed: Error in connection establishment: net::ERR_CONNECTION_REFUSED @ http://localhost:5173/@vite/client:1034
[58609196ms] [ERROR] WebSocket connection to 'ws://localhost:5173/' failed: Error in connection establishment: net::ERR_CONNECTION_REFUSED @ http://localhost:5173/@vite/client:1034
[58616888ms] [ERROR] WebSocket connection to 'ws://localhost:5173/' failed: Error in connection establishment: net::ERR_CONNECTION_REFUSED @ http://localhost:5173/@vite/client:1034
[58625213ms] [ERROR] WebSocket connection to 'ws://localhost:5173/' failed: Error in connection establishment: net::ERR_CONNECTION_REFUSED @ http://localhost:5173/@vite/client:1034
[58634641ms] [ERROR] WebSocket connection to 'ws://localhost:5173/' failed: Error in connection establishment: net::ERR_CONNECTION_REFUSED @ http://localhost:5173/@vite/client:1034
[58641995ms] [ERROR] WebSocket connection to 'ws://localhost:5173/' failed: Error in connection establishment: net::ERR_CONNECTION_REFUSED @ http://localhost:5173/@vite/client:1034
[58648195ms] [ERROR] WebSocket connection to 'ws://localhost:5173/' failed: Error in connection establishment: net::ERR_CONNECTION_REFUSED @ http://localhost:5173/@vite/client:1034
[58654705ms] [ERROR] WebSocket connection to 'ws://localhost:5173/' failed: Error in connection establishment: net::ERR_CONNECTION_REFUSED @ http://localhost:5173/@vite/client:1034
[58661092ms] [ERROR] WebSocket connection to 'ws://localhost:5173/' failed: Error in connection establishment: net::ERR_CONNECTION_REFUSED @ http://localhost:5173/@vite/client:1034
[58669208ms] [ERROR] WebSocket connection to 'ws://localhost:5173/' failed: Error in connection establishment: net::ERR_CONNECTION_REFUSED @ http://localhost:5173/@vite/client:1034
[58672806ms] [ERROR] WebSocket connection to 'ws://localhost:5173/' failed: Error in connection establishment: net::ERR_CONNECTION_REFUSED @ http://localhost:5173/@vite/client:1034
[58676307ms] [ERROR] WebSocket connection to 'ws://localhost:5173/' failed: Error in connection establishment: net::ERR_CONNECTION_REFUSED @ http://localhost:5173/@vite/client:1034
[58679985ms] [ERROR] WebSocket connection to 'ws://localhost:5173/' failed: Error in connection establishment: net::ERR_CONNECTION_REFUSED @ http://localhost:5173/@vite/client:1034
[58683711ms] [ERROR] WebSocket connection to 'ws://localhost:5173/' failed: Error in connection establishment: net::ERR_CONNECTION_REFUSED @ http://localhost:5173/@vite/client:1034
[58687202ms] [ERROR] WebSocket connection to 'ws://localhost:5173/' failed: Error in connection establishment: net::ERR_CONNECTION_REFUSED @ http://localhost:5173/@vite/client:1034
[58690902ms] [ERROR] WebSocket connection to 'ws://localhost:5173/' failed: Error in connection establishment: net::ERR_CONNECTION_REFUSED @ http://localhost:5173/@vite/client:1034
[58694505ms] [ERROR] WebSocket connection to 'ws://localhost:5173/' failed: Error in connection establishment: net::ERR_CONNECTION_REFUSED @ http://localhost:5173/@vite/client:1034
[58698084ms] [ERROR] WebSocket connection to 'ws://localhost:5173/' failed: Error in connection establishment: net::ERR_CONNECTION_REFUSED @ http://localhost:5173/@vite/client:1034
[58701701ms] [ERROR] WebSocket connection to 'ws://localhost:5173/' failed: Error in connection establishment: net::ERR_CONNECTION_REFUSED @ http://localhost:5173/@vite/client:1034
[58705207ms] [ERROR] WebSocket connection to 'ws://localhost:5173/' failed: Error in connection establishment: net::ERR_CONNECTION_REFUSED @ http://localhost:5173/@vite/client:1034
[58708808ms] [ERROR] WebSocket connection to 'ws://localhost:5173/' failed: Error in connection establishment: net::ERR_CONNECTION_REFUSED @ http://localhost:5173/@vite/client:1034
[58712497ms] [ERROR] WebSocket connection to 'ws://localhost:5173/' failed: Error in connection establishment: net::ERR_CONNECTION_REFUSED @ http://localhost:5173/@vite/client:1034
[58716189ms] [ERROR] WebSocket connection to 'ws://localhost:5173/' failed: Error in connection establishment: net::ERR_CONNECTION_REFUSED @ http://localhost:5173/@vite/client:1034
[58720106ms] [ERROR] WebSocket connection to 'ws://localhost:5173/' failed: Error in connection establishment: net::ERR_CONNECTION_REFUSED @ http://localhost:5173/@vite/client:1034
[58724590ms] [ERROR] WebSocket connection to 'ws://localhost:5173/' failed: Error in connection establishment: net::ERR_CONNECTION_REFUSED @ http://localhost:5173/@vite/client:1034
[58728806ms] [ERROR] WebSocket connection to 'ws://localhost:5173/' failed: Error in connection establishment: net::ERR_CONNECTION_REFUSED @ http://localhost:5173/@vite/client:1034
[58733697ms] [ERROR] WebSocket connection to 'ws://localhost:5173/' failed: Error in connection establishment: net::ERR_CONNECTION_REFUSED @ http://localhost:5173/@vite/client:1034
[58738703ms] [ERROR] WebSocket connection to 'ws://localhost:5173/' failed: Error in connection establishment: net::ERR_CONNECTION_REFUSED @ http://localhost:5173/@vite/client:1034
[58746991ms] [ERROR] WebSocket connection to 'ws://localhost:5173/' failed: Error in connection establishment: net::ERR_CONNECTION_REFUSED @ http://localhost:5173/@vite/client:1034
[58754192ms] [ERROR] WebSocket connection to 'ws://localhost:5173/' failed: Error in connection establishment: net::ERR_CONNECTION_REFUSED @ http://localhost:5173/@vite/client:1034
[58759996ms] [ERROR] WebSocket connection to 'ws://localhost:5173/' failed: Error in connection establishment: net::ERR_CONNECTION_REFUSED @ http://localhost:5173/@vite/client:1034
[58768510ms] [ERROR] WebSocket connection to 'ws://localhost:5173/' failed: Error in connection establishment: net::ERR_CONNECTION_REFUSED @ http://localhost:5173/@vite/client:1034
[58773994ms] [ERROR] WebSocket connection to 'ws://localhost:5173/' failed: Error in connection establishment: net::ERR_CONNECTION_REFUSED @ http://localhost:5173/@vite/client:1034
[58781294ms] [ERROR] WebSocket connection to 'ws://localhost:5173/' failed: Error in connection establishment: net::ERR_CONNECTION_REFUSED @ http://localhost:5173/@vite/client:1034
[58787694ms] [ERROR] WebSocket connection to 'ws://localhost:5173/' failed: Error in connection establishment: net::ERR_CONNECTION_REFUSED @ http://localhost:5173/@vite/client:1034
[58792595ms] [ERROR] WebSocket connection to 'ws://localhost:5173/' failed: Error in connection establishment: net::ERR_CONNECTION_REFUSED @ http://localhost:5173/@vite/client:1034
[58799195ms] [ERROR] WebSocket connection to 'ws://localhost:5173/' failed: Error in connection establishment: net::ERR_CONNECTION_REFUSED @ http://localhost:5173/@vite/client:1034
[58806699ms] [ERROR] WebSocket connection to 'ws://localhost:5173/' failed: Error in connection establishment: net::ERR_CONNECTION_REFUSED @ http://localhost:5173/@vite/client:1034
[58812872ms] [ERROR] WebSocket connection to 'ws://localhost:5173/' failed: Error in connection establishment: net::ERR_CONNECTION_REFUSED @ http://localhost:5173/@vite/client:1034
[58819596ms] [ERROR] WebSocket connection to 'ws://localhost:5173/' failed: Error in connection establishment: net::ERR_CONNECTION_REFUSED @ http://localhost:5173/@vite/client:1034
[58825799ms] [ERROR] WebSocket connection to 'ws://localhost:5173/' failed: Error in connection establishment: net::ERR_CONNECTION_REFUSED @ http://localhost:5173/@vite/client:1034
[58830496ms] [ERROR] WebSocket connection to 'ws://localhost:5173/' failed: Error in connection establishment: net::ERR_CONNECTION_REFUSED @ http://localhost:5173/@vite/client:1034
[58838900ms] [ERROR] WebSocket connection to 'ws://localhost:5173/' failed: Error in connection establishment: net::ERR_CONNECTION_REFUSED @ http://localhost:5173/@vite/client:1034
[58843897ms] [ERROR] WebSocket connection to 'ws://localhost:5173/' failed: Error in connection establishment: net::ERR_CONNECTION_REFUSED @ http://localhost:5173/@vite/client:1034
[58849999ms] [ERROR] WebSocket connection to 'ws://localhost:5173/' failed: Error in connection establishment: net::ERR_CONNECTION_REFUSED @ http://localhost:5173/@vite/client:1034
[58857396ms] [ERROR] WebSocket connection to 'ws://localhost:5173/' failed: Error in connection establishment: net::ERR_CONNECTION_REFUSED @ http://localhost:5173/@vite/client:1034
[58862996ms] [ERROR] WebSocket connection to 'ws://localhost:5173/' failed: Error in connection establishment: net::ERR_CONNECTION_REFUSED @ http://localhost:5173/@vite/client:1034
[58870683ms] [ERROR] WebSocket connection to 'ws://localhost:5173/' failed: Error in connection establishment: net::ERR_CONNECTION_REFUSED @ http://localhost:5173/@vite/client:1034
[58878800ms] [ERROR] WebSocket connection to 'ws://localhost:5173/' failed: Error in connection establishment: net::ERR_CONNECTION_REFUSED @ http://localhost:5173/@vite/client:1034
[58883784ms] [ERROR] WebSocket connection to 'ws://localhost:5173/' failed: Error in connection establishment: net::ERR_CONNECTION_REFUSED @ http://localhost:5173/@vite/client:1034
[58891401ms] [ERROR] WebSocket connection to 'ws://localhost:5173/' failed: Error in connection establishment: net::ERR_CONNECTION_REFUSED @ http://localhost:5173/@vite/client:1034
[58899694ms] [ERROR] WebSocket connection to 'ws://localhost:5173/' failed: Error in connection establishment: net::ERR_CONNECTION_REFUSED @ http://localhost:5173/@vite/client:1034
[58906099ms] [ERROR] WebSocket connection to 'ws://localhost:5173/' failed: Error in connection establishment: net::ERR_CONNECTION_REFUSED @ http://localhost:5173/@vite/client:1034
[58911703ms] [ERROR] WebSocket connection to 'ws://localhost:5173/' failed: Error in connection establishment: net::ERR_CONNECTION_REFUSED @ http://localhost:5173/@vite/client:1034
[58918211ms] [ERROR] WebSocket connection to 'ws://localhost:5173/' failed: Error in connection establishment: net::ERR_CONNECTION_REFUSED @ http://localhost:5173/@vite/client:1034
[58926503ms] [ERROR] WebSocket connection to 'ws://localhost:5173/' failed: Error in connection establishment: net::ERR_CONNECTION_REFUSED @ http://localhost:5173/@vite/client:1034
[58933088ms] [ERROR] WebSocket connection to 'ws://localhost:5173/' failed: Error in connection establishment: net::ERR_CONNECTION_REFUSED @ http://localhost:5173/@vite/client:1034
[58940296ms] [ERROR] WebSocket connection to 'ws://localhost:5173/' failed: Error in connection establishment: net::ERR_CONNECTION_REFUSED @ http://localhost:5173/@vite/client:1034
[58948301ms] [ERROR] WebSocket connection to 'ws://localhost:5173/' failed: Error in connection establishment: net::ERR_CONNECTION_REFUSED @ http://localhost:5173/@vite/client:1034
[58953706ms] [ERROR] WebSocket connection to 'ws://localhost:5173/' failed: Error in connection establishment: net::ERR_CONNECTION_REFUSED @ http://localhost:5173/@vite/client:1034
[58960016ms] [ERROR] WebSocket connection to 'ws://localhost:5173/' failed: Error in connection establishment: net::ERR_CONNECTION_REFUSED @ http://localhost:5173/@vite/client:1034
[58967681ms] [ERROR] WebSocket connection to 'ws://localhost:5173/' failed: Error in connection establishment: net::ERR_CONNECTION_REFUSED @ http://localhost:5173/@vite/client:1034
[58972556ms] [ERROR] WebSocket connection to 'ws://localhost:5173/' failed: Error in connection establishment: net::ERR_CONNECTION_REFUSED @ http://localhost:5173/@vite/client:1034
[58978846ms] [ERROR] WebSocket connection to 'ws://localhost:5173/' failed: Error in connection establishment: net::ERR_CONNECTION_REFUSED @ http://localhost:5173/@vite/client:1034
[58984356ms] [ERROR] WebSocket connection to 'ws://localhost:5173/' failed: Error in connection establishment: net::ERR_CONNECTION_REFUSED @ http://localhost:5173/@vite/client:1034
[58989489ms] [ERROR] WebSocket connection to 'ws://localhost:5173/' failed: Error in connection establishment: net::ERR_CONNECTION_REFUSED @ http://localhost:5173/@vite/client:1034
[58997361ms] [ERROR] WebSocket connection to 'ws://localhost:5173/' failed: Error in connection establishment: net::ERR_CONNECTION_REFUSED @ http://localhost:5173/@vite/client:1034
[59004983ms] [ERROR] WebSocket connection to 'ws://localhost:5173/' failed: Error in connection establishment: net::ERR_CONNECTION_REFUSED @ http://localhost:5173/@vite/client:1034
[59012865ms] [ERROR] WebSocket connection to 'ws://localhost:5173/' failed: Error in connection establishment: net::ERR_CONNECTION_REFUSED @ http://localhost:5173/@vite/client:1034
[59018928ms] [ERROR] WebSocket connection to 'ws://localhost:5173/' failed: Error in connection establishment: net::ERR_CONNECTION_REFUSED @ http://localhost:5173/@vite/client:1034
[59027212ms] [ERROR] WebSocket connection to 'ws://localhost:5173/' failed: Error in connection establishment: net::ERR_CONNECTION_REFUSED @ http://localhost:5173/@vite/client:1034
[59033437ms] [ERROR] WebSocket connection to 'ws://localhost:5173/' failed: Error in connection establishment: net::ERR_CONNECTION_REFUSED @ http://localhost:5173/@vite/client:1034
[59040988ms] [ERROR] WebSocket connection to 'ws://localhost:5173/' failed: Error in connection establishment: net::ERR_CONNECTION_REFUSED @ http://localhost:5173/@vite/client:1034
[59045820ms] [ERROR] WebSocket connection to 'ws://localhost:5173/' failed: Error in connection establishment: net::ERR_CONNECTION_REFUSED @ http://localhost:5173/@vite/client:1034
[59051707ms] [ERROR] WebSocket connection to 'ws://localhost:5173/' failed: Error in connection establishment: net::ERR_CONNECTION_REFUSED @ http://localhost:5173/@vite/client:1034
[59060846ms] [ERROR] WebSocket connection to 'ws://localhost:5173/' failed: Error in connection establishment: net::ERR_CONNECTION_REFUSED @ http://localhost:5173/@vite/client:1034
[59065789ms] [ERROR] WebSocket connection to 'ws://localhost:5173/' failed: Error in connection establishment: net::ERR_CONNECTION_REFUSED @ http://localhost:5173/@vite/client:1034
[59070882ms] [ERROR] WebSocket connection to 'ws://localhost:5173/' failed: Error in connection establishment: net::ERR_CONNECTION_REFUSED @ http://localhost:5173/@vite/client:1034
[59079236ms] [ERROR] WebSocket connection to 'ws://localhost:5173/' failed: Error in connection establishment: net::ERR_CONNECTION_REFUSED @ http://localhost:5173/@vite/client:1034
[59085009ms] [ERROR] WebSocket connection to 'ws://localhost:5173/' failed: Error in connection establishment: net::ERR_CONNECTION_REFUSED @ http://localhost:5173/@vite/client:1034
[59091315ms] [ERROR] WebSocket connection to 'ws://localhost:5173/' failed: Error in connection establishment: net::ERR_CONNECTION_REFUSED @ http://localhost:5173/@vite/client:1034
[59099204ms] [ERROR] WebSocket connection to 'ws://localhost:5173/' failed: Error in connection establishment: net::ERR_CONNECTION_REFUSED @ http://localhost:5173/@vite/client:1034
[59103727ms] [ERROR] WebSocket connection to 'ws://localhost:5173/' failed: Error in connection establishment: net::ERR_CONNECTION_REFUSED @ http://localhost:5173/@vite/client:1034
[59108198ms] [ERROR] WebSocket connection to 'ws://localhost:5173/' failed: Error in connection establishment: net::ERR_CONNECTION_REFUSED @ http://localhost:5173/@vite/client:1034
[59113428ms] [ERROR] WebSocket connection to 'ws://localhost:5173/' failed: Error in connection establishment: net::ERR_CONNECTION_REFUSED @ http://localhost:5173/@vite/client:1034
[59121375ms] [ERROR] WebSocket connection to 'ws://localhost:5173/' failed: Error in connection establishment: net::ERR_CONNECTION_REFUSED @ http://localhost:5173/@vite/client:1034
[59125791ms] [ERROR] WebSocket connection to 'ws://localhost:5173/' failed: Error in connection establishment: net::ERR_CONNECTION_REFUSED @ http://localhost:5173/@vite/client:1034
[59132835ms] [ERROR] WebSocket connection to 'ws://localhost:5173/' failed: Error in connection establishment: net::ERR_CONNECTION_REFUSED @ http://localhost:5173/@vite/client:1034
[59141000ms] [ERROR] WebSocket connection to 'ws://localhost:5173/' failed: Error in connection establishment: net::ERR_CONNECTION_REFUSED @ http://localhost:5173/@vite/client:1034
[59148676ms] [ERROR] WebSocket connection to 'ws://localhost:5173/' failed: Error in connection establishment: net::ERR_CONNECTION_REFUSED @ http://localhost:5173/@vite/client:1034
[59156770ms] [ERROR] WebSocket connection to 'ws://localhost:5173/' failed: Error in connection establishment: net::ERR_CONNECTION_REFUSED @ http://localhost:5173/@vite/client:1034
[59163711ms] [ERROR] WebSocket connection to 'ws://localhost:5173/' failed: Error in connection establishment: net::ERR_CONNECTION_REFUSED @ http://localhost:5173/@vite/client:1034
[59170219ms] [ERROR] WebSocket connection to 'ws://localhost:5173/' failed: Error in connection establishment: net::ERR_CONNECTION_REFUSED @ http://localhost:5173/@vite/client:1034
[59176085ms] [ERROR] WebSocket connection to 'ws://localhost:5173/' failed: Error in connection establishment: net::ERR_CONNECTION_REFUSED @ http://localhost:5173/@vite/client:1034
[59181074ms] [ERROR] WebSocket connection to 'ws://localhost:5173/' failed: Error in connection establishment: net::ERR_CONNECTION_REFUSED @ http://localhost:5173/@vite/client:1034
[59188515ms] [ERROR] WebSocket connection to 'ws://localhost:5173/' failed: Error in connection establishment: net::ERR_CONNECTION_REFUSED @ http://localhost:5173/@vite/client:1034
[59194104ms] [ERROR] WebSocket connection to 'ws://localhost:5173/' failed: Error in connection establishment: net::ERR_CONNECTION_REFUSED @ http://localhost:5173/@vite/client:1034
[59201195ms] [ERROR] WebSocket connection to 'ws://localhost:5173/' failed: Error in connection establishment: net::ERR_CONNECTION_REFUSED @ http://localhost:5173/@vite/client:1034
[59205765ms] [ERROR] WebSocket connection to 'ws://localhost:5173/' failed: Error in connection establishment: net::ERR_CONNECTION_REFUSED @ http://localhost:5173/@vite/client:1034
[59212159ms] [ERROR] WebSocket connection to 'ws://localhost:5173/' failed: Error in connection establishment: net::ERR_CONNECTION_REFUSED @ http://localhost:5173/@vite/client:1034
[59216694ms] [ERROR] WebSocket connection to 'ws://localhost:5173/' failed: Error in connection establishment: net::ERR_CONNECTION_REFUSED @ http://localhost:5173/@vite/client:1034
[59224598ms] [ERROR] WebSocket connection to 'ws://localhost:5173/' failed: Error in connection establishment: net::ERR_CONNECTION_REFUSED @ http://localhost:5173/@vite/client:1034
[59229704ms] [ERROR] WebSocket connection to 'ws://localhost:5173/' failed: Error in connection establishment: net::ERR_CONNECTION_REFUSED @ http://localhost:5173/@vite/client:1034
[59236238ms] [ERROR] WebSocket connection to 'ws://localhost:5173/' failed: Error in connection establishment: net::ERR_CONNECTION_REFUSED @ http://localhost:5173/@vite/client:1034
[59242981ms] [ERROR] WebSocket connection to 'ws://localhost:5173/' failed: Error in connection establishment: net::ERR_CONNECTION_REFUSED @ http://localhost:5173/@vite/client:1034
[59250346ms] [ERROR] WebSocket connection to 'ws://localhost:5173/' failed: Error in connection establishment: net::ERR_CONNECTION_REFUSED @ http://localhost:5173/@vite/client:1034
[59256182ms] [ERROR] WebSocket connection to 'ws://localhost:5173/' failed: Error in connection establishment: net::ERR_CONNECTION_REFUSED @ http://localhost:5173/@vite/client:1034
[59263588ms] [ERROR] WebSocket connection to 'ws://localhost:5173/' failed: Error in connection establishment: net::ERR_CONNECTION_REFUSED @ http://localhost:5173/@vite/client:1034
[59269973ms] [ERROR] WebSocket connection to 'ws://localhost:5173/' failed: Error in connection establishment: net::ERR_CONNECTION_REFUSED @ http://localhost:5173/@vite/client:1034
[59273342ms] [ERROR] WebSocket connection to 'ws://localhost:5173/' failed: Error in connection establishment: net::ERR_CONNECTION_REFUSED @ http://localhost:5173/@vite/client:1034
[59276720ms] [ERROR] WebSocket connection to 'ws://localhost:5173/' failed: Error in connection establishment: net::ERR_CONNECTION_REFUSED @ http://localhost:5173/@vite/client:1034
[59280077ms] [ERROR] WebSocket connection to 'ws://localhost:5173/' failed: Error in connection establishment: net::ERR_CONNECTION_REFUSED @ http://localhost:5173/@vite/client:1034
[59283424ms] [ERROR] WebSocket connection to 'ws://localhost:5173/' failed: Error in connection establishment: net::ERR_CONNECTION_REFUSED @ http://localhost:5173/@vite/client:1034
[59286803ms] [ERROR] WebSocket connection to 'ws://localhost:5173/' failed: Error in connection establishment: net::ERR_CONNECTION_REFUSED @ http://localhost:5173/@vite/client:1034
[59290154ms] [ERROR] WebSocket connection to 'ws://localhost:5173/' failed: Error in connection establishment: net::ERR_CONNECTION_REFUSED @ http://localhost:5173/@vite/client:1034
[59293523ms] [ERROR] WebSocket connection to 'ws://localhost:5173/' failed: Error in connection establishment: net::ERR_CONNECTION_REFUSED @ http://localhost:5173/@vite/client:1034
[59296903ms] [ERROR] WebSocket connection to 'ws://localhost:5173/' failed: Error in connection establishment: net::ERR_CONNECTION_REFUSED @ http://localhost:5173/@vite/client:1034
[59300281ms] [ERROR] WebSocket connection to 'ws://localhost:5173/' failed: Error in connection establishment: net::ERR_CONNECTION_REFUSED @ http://localhost:5173/@vite/client:1034
[59303706ms] [ERROR] WebSocket connection to 'ws://localhost:5173/' failed: Error in connection establishment: net::ERR_CONNECTION_REFUSED @ http://localhost:5173/@vite/client:1034
[59307119ms] [ERROR] WebSocket connection to 'ws://localhost:5173/' failed: Error in connection establishment: net::ERR_CONNECTION_REFUSED @ http://localhost:5173/@vite/client:1034
[59310638ms] [ERROR] WebSocket connection to 'ws://localhost:5173/' failed: Error in connection establishment: net::ERR_CONNECTION_REFUSED @ http://localhost:5173/@vite/client:1034
[59314247ms] [ERROR] WebSocket connection to 'ws://localhost:5173/' failed: Error in connection establishment: net::ERR_CONNECTION_REFUSED @ http://localhost:5173/@vite/client:1034
[59318011ms] [ERROR] WebSocket connection to 'ws://localhost:5173/' failed: Error in connection establishment: net::ERR_CONNECTION_REFUSED @ http://localhost:5173/@vite/client:1034
[59322742ms] [ERROR] WebSocket connection to 'ws://localhost:5173/' failed: Error in connection establishment: net::ERR_CONNECTION_REFUSED @ http://localhost:5173/@vite/client:1034
[59327002ms] [ERROR] WebSocket connection to 'ws://localhost:5173/' failed: Error in connection establishment: net::ERR_CONNECTION_REFUSED @ http://localhost:5173/@vite/client:1034
[59333717ms] [ERROR] WebSocket connection to 'ws://localhost:5173/' failed: Error in connection establishment: net::ERR_CONNECTION_REFUSED @ http://localhost:5173/@vite/client:1034
[59341102ms] [ERROR] WebSocket connection to 'ws://localhost:5173/' failed: Error in connection establishment: net::ERR_CONNECTION_REFUSED @ http://localhost:5173/@vite/client:1034
[59346329ms] [ERROR] WebSocket connection to 'ws://localhost:5173/' failed: Error in connection establishment: net::ERR_CONNECTION_REFUSED @ http://localhost:5173/@vite/client:1034
[59353214ms] [ERROR] WebSocket connection to 'ws://localhost:5173/' failed: Error in connection establishment: net::ERR_CONNECTION_REFUSED @ http://localhost:5173/@vite/client:1034
[59359984ms] [ERROR] WebSocket connection to 'ws://localhost:5173/' failed: Error in connection establishment: net::ERR_CONNECTION_REFUSED @ http://localhost:5173/@vite/client:1034
[59366781ms] [ERROR] WebSocket connection to 'ws://localhost:5173/' failed: Error in connection establishment: net::ERR_CONNECTION_REFUSED @ http://localhost:5173/@vite/client:1034
[59373302ms] [ERROR] WebSocket connection to 'ws://localhost:5173/' failed: Error in connection establishment: net::ERR_CONNECTION_REFUSED @ http://localhost:5173/@vite/client:1034
[59379853ms] [ERROR] WebSocket connection to 'ws://localhost:5173/' failed: Error in connection establishment: net::ERR_CONNECTION_REFUSED @ http://localhost:5173/@vite/client:1034
[59384805ms] [ERROR] WebSocket connection to 'ws://localhost:5173/' failed: Error in connection establishment: net::ERR_CONNECTION_REFUSED @ http://localhost:5173/@vite/client:1034
[59391704ms] [ERROR] WebSocket connection to 'ws://localhost:5173/' failed: Error in connection establishment: net::ERR_CONNECTION_REFUSED @ http://localhost:5173/@vite/client:1034
[59397580ms] [ERROR] WebSocket connection to 'ws://localhost:5173/' failed: Error in connection establishment: net::ERR_CONNECTION_REFUSED @ http://localhost:5173/@vite/client:1034
[59402612ms] [ERROR] WebSocket connection to 'ws://localhost:5173/' failed: Error in connection establishment: net::ERR_CONNECTION_REFUSED @ http://localhost:5173/@vite/client:1034
[59411079ms] [ERROR] WebSocket connection to 'ws://localhost:5173/' failed: Error in connection establishment: net::ERR_CONNECTION_REFUSED @ http://localhost:5173/@vite/client:1034
[59418191ms] [ERROR] WebSocket connection to 'ws://localhost:5173/' failed: Error in connection establishment: net::ERR_CONNECTION_REFUSED @ http://localhost:5173/@vite/client:1034
[59424506ms] [ERROR] WebSocket connection to 'ws://localhost:5173/' failed: Error in connection establishment: net::ERR_CONNECTION_REFUSED @ http://localhost:5173/@vite/client:1034
[59431956ms] [ERROR] WebSocket connection to 'ws://localhost:5173/' failed: Error in connection establishment: net::ERR_CONNECTION_REFUSED @ http://localhost:5173/@vite/client:1034
[59440289ms] [ERROR] WebSocket connection to 'ws://localhost:5173/' failed: Error in connection establishment: net::ERR_CONNECTION_REFUSED @ http://localhost:5173/@vite/client:1034
[59448858ms] [ERROR] WebSocket connection to 'ws://localhost:5173/' failed: Error in connection establishment: net::ERR_CONNECTION_REFUSED @ http://localhost:5173/@vite/client:1034
[59455493ms] [ERROR] WebSocket connection to 'ws://localhost:5173/' failed: Error in connection establishment: net::ERR_CONNECTION_REFUSED @ http://localhost:5173/@vite/client:1034
[59463485ms] [ERROR] WebSocket connection to 'ws://localhost:5173/' failed: Error in connection establishment: net::ERR_CONNECTION_REFUSED @ http://localhost:5173/@vite/client:1034
[59469886ms] [ERROR] WebSocket connection to 'ws://localhost:5173/' failed: Error in connection establishment: net::ERR_CONNECTION_REFUSED @ http://localhost:5173/@vite/client:1034
[59478055ms] [ERROR] WebSocket connection to 'ws://localhost:5173/' failed: Error in connection establishment: net::ERR_CONNECTION_REFUSED @ http://localhost:5173/@vite/client:1034
[59485059ms] [ERROR] WebSocket connection to 'ws://localhost:5173/' failed: Error in connection establishment: net::ERR_CONNECTION_REFUSED @ http://localhost:5173/@vite/client:1034
[59489897ms] [ERROR] WebSocket connection to 'ws://localhost:5173/' failed: Error in connection establishment: net::ERR_CONNECTION_REFUSED @ http://localhost:5173/@vite/client:1034
[59496191ms] [ERROR] WebSocket connection to 'ws://localhost:5173/' failed: Error in connection establishment: net::ERR_CONNECTION_REFUSED @ http://localhost:5173/@vite/client:1034
[59501265ms] [ERROR] WebSocket connection to 'ws://localhost:5173/' failed: Error in connection establishment: net::ERR_CONNECTION_REFUSED @ http://localhost:5173/@vite/client:1034
[59507493ms] [ERROR] WebSocket connection to 'ws://localhost:5173/' failed: Error in connection establishment: net::ERR_CONNECTION_REFUSED @ http://localhost:5173/@vite/client:1034
[59513687ms] [ERROR] WebSocket connection to 'ws://localhost:5173/' failed: Error in connection establishment: net::ERR_CONNECTION_REFUSED @ http://localhost:5173/@vite/client:1034
[59519989ms] [ERROR] WebSocket connection to 'ws://localhost:5173/' failed: Error in connection establishment: net::ERR_CONNECTION_REFUSED @ http://localhost:5173/@vite/client:1034
[59525704ms] [ERROR] WebSocket connection to 'ws://localhost:5173/' failed: Error in connection establishment: net::ERR_CONNECTION_REFUSED @ http://localhost:5173/@vite/client:1034
[59533281ms] [ERROR] WebSocket connection to 'ws://localhost:5173/' failed: Error in connection establishment: net::ERR_CONNECTION_REFUSED @ http://localhost:5173/@vite/client:1034
[59538302ms] [ERROR] WebSocket connection to 'ws://localhost:5173/' failed: Error in connection establishment: net::ERR_CONNECTION_REFUSED @ http://localhost:5173/@vite/client:1034
[59546011ms] [ERROR] WebSocket connection to 'ws://localhost:5173/' failed: Error in connection establishment: net::ERR_CONNECTION_REFUSED @ http://localhost:5173/@vite/client:1034
[59553800ms] [ERROR] WebSocket connection to 'ws://localhost:5173/' failed: Error in connection establishment: net::ERR_CONNECTION_REFUSED @ http://localhost:5173/@vite/client:1034
[59560888ms] [ERROR] WebSocket connection to 'ws://localhost:5173/' failed: Error in connection establishment: net::ERR_CONNECTION_REFUSED @ http://localhost:5173/@vite/client:1034
[59567615ms] [ERROR] WebSocket connection to 'ws://localhost:5173/' failed: Error in connection establishment: net::ERR_CONNECTION_REFUSED @ http://localhost:5173/@vite/client:1034
[59575394ms] [ERROR] WebSocket connection to 'ws://localhost:5173/' failed: Error in connection establishment: net::ERR_CONNECTION_REFUSED @ http://localhost:5173/@vite/client:1034
[59581107ms] [ERROR] WebSocket connection to 'ws://localhost:5173/' failed: Error in connection establishment: net::ERR_CONNECTION_REFUSED @ http://localhost:5173/@vite/client:1034
[59586012ms] [ERROR] WebSocket connection to 'ws://localhost:5173/' failed: Error in connection establishment: net::ERR_CONNECTION_REFUSED @ http://localhost:5173/@vite/client:1034
[59593751ms] [ERROR] WebSocket connection to 'ws://localhost:5173/' failed: Error in connection establishment: net::ERR_CONNECTION_REFUSED @ http://localhost:5173/@vite/client:1034
[59598556ms] [ERROR] WebSocket connection to 'ws://localhost:5173/' failed: Error in connection establishment: net::ERR_CONNECTION_REFUSED @ http://localhost:5173/@vite/client:1034
[59606363ms] [ERROR] WebSocket connection to 'ws://localhost:5173/' failed: Error in connection establishment: net::ERR_CONNECTION_REFUSED @ http://localhost:5173/@vite/client:1034
[59611912ms] [ERROR] WebSocket connection to 'ws://localhost:5173/' failed: Error in connection establishment: net::ERR_CONNECTION_REFUSED @ http://localhost:5173/@vite/client:1034
[59620210ms] [ERROR] WebSocket connection to 'ws://localhost:5173/' failed: Error in connection establishment: net::ERR_CONNECTION_REFUSED @ http://localhost:5173/@vite/client:1034
[59625059ms] [ERROR] WebSocket connection to 'ws://localhost:5173/' failed: Error in connection establishment: net::ERR_CONNECTION_REFUSED @ http://localhost:5173/@vite/client:1034
[59631615ms] [ERROR] WebSocket connection to 'ws://localhost:5173/' failed: Error in connection establishment: net::ERR_CONNECTION_REFUSED @ http://localhost:5173/@vite/client:1034
[59638823ms] [ERROR] WebSocket connection to 'ws://localhost:5173/' failed: Error in connection establishment: net::ERR_CONNECTION_REFUSED @ http://localhost:5173/@vite/client:1034
[59645633ms] [ERROR] WebSocket connection to 'ws://localhost:5173/' failed: Error in connection establishment: net::ERR_CONNECTION_REFUSED @ http://localhost:5173/@vite/client:1034
[59651999ms] [ERROR] WebSocket connection to 'ws://localhost:5173/' failed: Error in connection establishment: net::ERR_CONNECTION_REFUSED @ http://localhost:5173/@vite/client:1034
[59658123ms] [ERROR] WebSocket connection to 'ws://localhost:5173/' failed: Error in connection establishment: net::ERR_CONNECTION_REFUSED @ http://localhost:5173/@vite/client:1034
[59664531ms] [ERROR] WebSocket connection to 'ws://localhost:5173/' failed: Error in connection establishment: net::ERR_CONNECTION_REFUSED @ http://localhost:5173/@vite/client:1034
[59671744ms] [ERROR] WebSocket connection to 'ws://localhost:5173/' failed: Error in connection establishment: net::ERR_CONNECTION_REFUSED @ http://localhost:5173/@vite/client:1034
[59679833ms] [ERROR] WebSocket connection to 'ws://localhost:5173/' failed: Error in connection establishment: net::ERR_CONNECTION_REFUSED @ http://localhost:5173/@vite/client:1034
[59684688ms] [ERROR] WebSocket connection to 'ws://localhost:5173/' failed: Error in connection establishment: net::ERR_CONNECTION_REFUSED @ http://localhost:5173/@vite/client:1034
[59689445ms] [ERROR] WebSocket connection to 'ws://localhost:5173/' failed: Error in connection establishment: net::ERR_CONNECTION_REFUSED @ http://localhost:5173/@vite/client:1034
[59694401ms] [ERROR] WebSocket connection to 'ws://localhost:5173/' failed: Error in connection establishment: net::ERR_CONNECTION_REFUSED @ http://localhost:5173/@vite/client:1034
[59699443ms] [ERROR] WebSocket connection to 'ws://localhost:5173/' failed: Error in connection establishment: net::ERR_CONNECTION_REFUSED @ http://localhost:5173/@vite/client:1034
[59705741ms] [ERROR] WebSocket connection to 'ws://localhost:5173/' failed: Error in connection establishment: net::ERR_CONNECTION_REFUSED @ http://localhost:5173/@vite/client:1034
[59711532ms] [ERROR] WebSocket connection to 'ws://localhost:5173/' failed: Error in connection establishment: net::ERR_CONNECTION_REFUSED @ http://localhost:5173/@vite/client:1034
[59717644ms] [ERROR] WebSocket connection to 'ws://localhost:5173/' failed: Error in connection establishment: net::ERR_CONNECTION_REFUSED @ http://localhost:5173/@vite/client:1034
[59725237ms] [ERROR] WebSocket connection to 'ws://localhost:5173/' failed: Error in connection establishment: net::ERR_CONNECTION_REFUSED @ http://localhost:5173/@vite/client:1034
[59731300ms] [ERROR] WebSocket connection to 'ws://localhost:5173/' failed: Error in connection establishment: net::ERR_CONNECTION_REFUSED @ http://localhost:5173/@vite/client:1034
[59736631ms] [ERROR] WebSocket connection to 'ws://localhost:5173/' failed: Error in connection establishment: net::ERR_CONNECTION_REFUSED @ http://localhost:5173/@vite/client:1034
[59743541ms] [ERROR] WebSocket connection to 'ws://localhost:5173/' failed: Error in connection establishment: net::ERR_CONNECTION_REFUSED @ http://localhost:5173/@vite/client:1034
[59750244ms] [ERROR] WebSocket connection to 'ws://localhost:5173/' failed: Error in connection establishment: net::ERR_CONNECTION_REFUSED @ http://localhost:5173/@vite/client:1034
[59753644ms] [ERROR] WebSocket connection to 'ws://localhost:5173/' failed: Error in connection establishment: net::ERR_CONNECTION_REFUSED @ http://localhost:5173/@vite/client:1034
[59757431ms] [ERROR] WebSocket connection to 'ws://localhost:5173/' failed: Error in connection establishment: net::ERR_CONNECTION_REFUSED @ http://localhost:5173/@vite/client:1034
[59761218ms] [ERROR] WebSocket connection to 'ws://localhost:5173/' failed: Error in connection establishment: net::ERR_CONNECTION_REFUSED @ http://localhost:5173/@vite/client:1034
[59764940ms] [ERROR] WebSocket connection to 'ws://localhost:5173/' failed: Error in connection establishment: net::ERR_CONNECTION_REFUSED @ http://localhost:5173/@vite/client:1034
[59768697ms] [ERROR] WebSocket connection to 'ws://localhost:5173/' failed: Error in connection establishment: net::ERR_CONNECTION_REFUSED @ http://localhost:5173/@vite/client:1034
[59772235ms] [ERROR] WebSocket connection to 'ws://localhost:5173/' failed: Error in connection establishment: net::ERR_CONNECTION_REFUSED @ http://localhost:5173/@vite/client:1034
[59775836ms] [ERROR] WebSocket connection to 'ws://localhost:5173/' failed: Error in connection establishment: net::ERR_CONNECTION_REFUSED @ http://localhost:5173/@vite/client:1034
[59779591ms] [ERROR] WebSocket connection to 'ws://localhost:5173/' failed: Error in connection establishment: net::ERR_CONNECTION_REFUSED @ http://localhost:5173/@vite/client:1034
[59782946ms] [ERROR] WebSocket connection to 'ws://localhost:5173/' failed: Error in connection establishment: net::ERR_CONNECTION_REFUSED @ http://localhost:5173/@vite/client:1034
[59786743ms] [ERROR] WebSocket connection to 'ws://localhost:5173/' failed: Error in connection establishment: net::ERR_CONNECTION_REFUSED @ http://localhost:5173/@vite/client:1034
[59790225ms] [ERROR] WebSocket connection to 'ws://localhost:5173/' failed: Error in connection establishment: net::ERR_CONNECTION_REFUSED @ http://localhost:5173/@vite/client:1034
[59794081ms] [ERROR] WebSocket connection to 'ws://localhost:5173/' failed: Error in connection establishment: net::ERR_CONNECTION_REFUSED @ http://localhost:5173/@vite/client:1034
[59797860ms] [ERROR] WebSocket connection to 'ws://localhost:5173/' failed: Error in connection establishment: net::ERR_CONNECTION_REFUSED @ http://localhost:5173/@vite/client:1034
[59801690ms] [ERROR] WebSocket connection to 'ws://localhost:5173/' failed: Error in connection establishment: net::ERR_CONNECTION_REFUSED @ http://localhost:5173/@vite/client:1034
[59806117ms] [ERROR] WebSocket connection to 'ws://localhost:5173/' failed: Error in connection establishment: net::ERR_CONNECTION_REFUSED @ http://localhost:5173/@vite/client:1034
[59810910ms] [ERROR] WebSocket connection to 'ws://localhost:5173/' failed: Error in connection establishment: net::ERR_CONNECTION_REFUSED @ http://localhost:5173/@vite/client:1034
[59816512ms] [ERROR] WebSocket connection to 'ws://localhost:5173/' failed: Error in connection establishment: net::ERR_CONNECTION_REFUSED @ http://localhost:5173/@vite/client:1034
[59821899ms] [ERROR] WebSocket connection to 'ws://localhost:5173/' failed: Error in connection establishment: net::ERR_CONNECTION_REFUSED @ http://localhost:5173/@vite/client:1034
[59829568ms] [ERROR] WebSocket connection to 'ws://localhost:5173/' failed: Error in connection establishment: net::ERR_CONNECTION_REFUSED @ http://localhost:5173/@vite/client:1034
[59835601ms] [ERROR] WebSocket connection to 'ws://localhost:5173/' failed: Error in connection establishment: net::ERR_CONNECTION_REFUSED @ http://localhost:5173/@vite/client:1034
[59843254ms] [ERROR] WebSocket connection to 'ws://localhost:5173/' failed: Error in connection establishment: net::ERR_CONNECTION_REFUSED @ http://localhost:5173/@vite/client:1034
[59851997ms] [ERROR] WebSocket connection to 'ws://localhost:5173/' failed: Error in connection establishment: net::ERR_CONNECTION_REFUSED @ http://localhost:5173/@vite/client:1034
[59857453ms] [ERROR] WebSocket connection to 'ws://localhost:5173/' failed: Error in connection establishment: net::ERR_CONNECTION_REFUSED @ http://localhost:5173/@vite/client:1034
[59863791ms] [ERROR] WebSocket connection to 'ws://localhost:5173/' failed: Error in connection establishment: net::ERR_CONNECTION_REFUSED @ http://localhost:5173/@vite/client:1034
[59868751ms] [ERROR] WebSocket connection to 'ws://localhost:5173/' failed: Error in connection establishment: net::ERR_CONNECTION_REFUSED @ http://localhost:5173/@vite/client:1034
[59877500ms] [ERROR] WebSocket connection to 'ws://localhost:5173/' failed: Error in connection establishment: net::ERR_CONNECTION_REFUSED @ http://localhost:5173/@vite/client:1034
[59884393ms] [ERROR] WebSocket connection to 'ws://localhost:5173/' failed: Error in connection establishment: net::ERR_CONNECTION_REFUSED @ http://localhost:5173/@vite/client:1034
[59891872ms] [ERROR] WebSocket connection to 'ws://localhost:5173/' failed: Error in connection establishment: net::ERR_CONNECTION_REFUSED @ http://localhost:5173/@vite/client:1034
[59897392ms] [ERROR] WebSocket connection to 'ws://localhost:5173/' failed: Error in connection establishment: net::ERR_CONNECTION_REFUSED @ http://localhost:5173/@vite/client:1034
[59904622ms] [ERROR] WebSocket connection to 'ws://localhost:5173/' failed: Error in connection establishment: net::ERR_CONNECTION_REFUSED @ http://localhost:5173/@vite/client:1034
[59910379ms] [ERROR] WebSocket connection to 'ws://localhost:5173/' failed: Error in connection establishment: net::ERR_CONNECTION_REFUSED @ http://localhost:5173/@vite/client:1034
[59915189ms] [ERROR] WebSocket connection to 'ws://localhost:5173/' failed: Error in connection establishment: net::ERR_CONNECTION_REFUSED @ http://localhost:5173/@vite/client:1034
[59919935ms] [ERROR] WebSocket connection to 'ws://localhost:5173/' failed: Error in connection establishment: net::ERR_CONNECTION_REFUSED @ http://localhost:5173/@vite/client:1034
[59924577ms] [ERROR] WebSocket connection to 'ws://localhost:5173/' failed: Error in connection establishment: net::ERR_CONNECTION_REFUSED @ http://localhost:5173/@vite/client:1034
[59932680ms] [ERROR] WebSocket connection to 'ws://localhost:5173/' failed: Error in connection establishment: net::ERR_CONNECTION_REFUSED @ http://localhost:5173/@vite/client:1034
[59937930ms] [ERROR] WebSocket connection to 'ws://localhost:5173/' failed: Error in connection establishment: net::ERR_CONNECTION_REFUSED @ http://localhost:5173/@vite/client:1034
[59944092ms] [ERROR] WebSocket connection to 'ws://localhost:5173/' failed: Error in connection establishment: net::ERR_CONNECTION_REFUSED @ http://localhost:5173/@vite/client:1034
[59948958ms] [ERROR] WebSocket connection to 'ws://localhost:5173/' failed: Error in connection establishment: net::ERR_CONNECTION_REFUSED @ http://localhost:5173/@vite/client:1034
[59953927ms] [ERROR] WebSocket connection to 'ws://localhost:5173/' failed: Error in connection establishment: net::ERR_CONNECTION_REFUSED @ http://localhost:5173/@vite/client:1034
[59959956ms] [ERROR] WebSocket connection to 'ws://localhost:5173/' failed: Error in connection establishment: net::ERR_CONNECTION_REFUSED @ http://localhost:5173/@vite/client:1034
[59968035ms] [ERROR] WebSocket connection to 'ws://localhost:5173/' failed: Error in connection establishment: net::ERR_CONNECTION_REFUSED @ http://localhost:5173/@vite/client:1034
[59974621ms] [ERROR] WebSocket connection to 'ws://localhost:5173/' failed: Error in connection establishment: net::ERR_CONNECTION_REFUSED @ http://localhost:5173/@vite/client:1034
[59979936ms] [ERROR] WebSocket connection to 'ws://localhost:5173/' failed: Error in connection establishment: net::ERR_CONNECTION_REFUSED @ http://localhost:5173/@vite/client:1034
[59988201ms] [ERROR] WebSocket connection to 'ws://localhost:5173/' failed: Error in connection establishment: net::ERR_CONNECTION_REFUSED @ http://localhost:5173/@vite/client:1034
[59994573ms] [ERROR] WebSocket connection to 'ws://localhost:5173/' failed: Error in connection establishment: net::ERR_CONNECTION_REFUSED @ http://localhost:5173/@vite/client:1034
[60001637ms] [ERROR] WebSocket connection to 'ws://localhost:5173/' failed: Error in connection establishment: net::ERR_CONNECTION_REFUSED @ http://localhost:5173/@vite/client:1034
[60006760ms] [ERROR] WebSocket connection to 'ws://localhost:5173/' failed: Error in connection establishment: net::ERR_CONNECTION_REFUSED @ http://localhost:5173/@vite/client:1034
[60013396ms] [ERROR] WebSocket connection to 'ws://localhost:5173/' failed: Error in connection establishment: net::ERR_CONNECTION_REFUSED @ http://localhost:5173/@vite/client:1034
[60019212ms] [ERROR] WebSocket connection to 'ws://localhost:5173/' failed: Error in connection establishment: net::ERR_CONNECTION_REFUSED @ http://localhost:5173/@vite/client:1034
[60024583ms] [ERROR] WebSocket connection to 'ws://localhost:5173/' failed: Error in connection establishment: net::ERR_CONNECTION_REFUSED @ http://localhost:5173/@vite/client:1034
[60029463ms] [ERROR] WebSocket connection to 'ws://localhost:5173/' failed: Error in connection establishment: net::ERR_CONNECTION_REFUSED @ http://localhost:5173/@vite/client:1034
[60035453ms] [ERROR] WebSocket connection to 'ws://localhost:5173/' failed: Error in connection establishment: net::ERR_CONNECTION_REFUSED @ http://localhost:5173/@vite/client:1034
[60041080ms] [ERROR] WebSocket connection to 'ws://localhost:5173/' failed: Error in connection establishment: net::ERR_CONNECTION_REFUSED @ http://localhost:5173/@vite/client:1034
[60047387ms] [ERROR] WebSocket connection to 'ws://localhost:5173/' failed: Error in connection establishment: net::ERR_CONNECTION_REFUSED @ http://localhost:5173/@vite/client:1034
[60053744ms] [ERROR] WebSocket connection to 'ws://localhost:5173/' failed: Error in connection establishment: net::ERR_CONNECTION_REFUSED @ http://localhost:5173/@vite/client:1034
[60060283ms] [ERROR] WebSocket connection to 'ws://localhost:5173/' failed: Error in connection establishment: net::ERR_CONNECTION_REFUSED @ http://localhost:5173/@vite/client:1034
[60068418ms] [ERROR] WebSocket connection to 'ws://localhost:5173/' failed: Error in connection establishment: net::ERR_CONNECTION_REFUSED @ http://localhost:5173/@vite/client:1034
[60073823ms] [ERROR] WebSocket connection to 'ws://localhost:5173/' failed: Error in connection establishment: net::ERR_CONNECTION_REFUSED @ http://localhost:5173/@vite/client:1034
[60078580ms] [ERROR] WebSocket connection to 'ws://localhost:5173/' failed: Error in connection establishment: net::ERR_CONNECTION_REFUSED @ http://localhost:5173/@vite/client:1034
[60086778ms] [ERROR] WebSocket connection to 'ws://localhost:5173/' failed: Error in connection establishment: net::ERR_CONNECTION_REFUSED @ http://localhost:5173/@vite/client:1034
[60093082ms] [ERROR] WebSocket connection to 'ws://localhost:5173/' failed: Error in connection establishment: net::ERR_CONNECTION_REFUSED @ http://localhost:5173/@vite/client:1034
[60100541ms] [ERROR] WebSocket connection to 'ws://localhost:5173/' failed: Error in connection establishment: net::ERR_CONNECTION_REFUSED @ http://localhost:5173/@vite/client:1034
[60106929ms] [ERROR] WebSocket connection to 'ws://localhost:5173/' failed: Error in connection establishment: net::ERR_CONNECTION_REFUSED @ http://localhost:5173/@vite/client:1034
[60114676ms] [ERROR] WebSocket connection to 'ws://localhost:5173/' failed: Error in connection establishment: net::ERR_CONNECTION_REFUSED @ http://localhost:5173/@vite/client:1034
[60121279ms] [ERROR] WebSocket connection to 'ws://localhost:5173/' failed: Error in connection establishment: net::ERR_CONNECTION_REFUSED @ http://localhost:5173/@vite/client:1034
[60127738ms] [ERROR] WebSocket connection to 'ws://localhost:5173/' failed: Error in connection establishment: net::ERR_CONNECTION_REFUSED @ http://localhost:5173/@vite/client:1034
[60135318ms] [ERROR] WebSocket connection to 'ws://localhost:5173/' failed: Error in connection establishment: net::ERR_CONNECTION_REFUSED @ http://localhost:5173/@vite/client:1034
[60143222ms] [ERROR] WebSocket connection to 'ws://localhost:5173/' failed: Error in connection establishment: net::ERR_CONNECTION_REFUSED @ http://localhost:5173/@vite/client:1034
[60151124ms] [ERROR] WebSocket connection to 'ws://localhost:5173/' failed: Error in connection establishment: net::ERR_CONNECTION_REFUSED @ http://localhost:5173/@vite/client:1034
[60159123ms] [ERROR] WebSocket connection to 'ws://localhost:5173/' failed: Error in connection establishment: net::ERR_CONNECTION_REFUSED @ http://localhost:5173/@vite/client:1034
[60166242ms] [ERROR] WebSocket connection to 'ws://localhost:5173/' failed: Error in connection establishment: net::ERR_CONNECTION_REFUSED @ http://localhost:5173/@vite/client:1034
[60171029ms] [ERROR] WebSocket connection to 'ws://localhost:5173/' failed: Error in connection establishment: net::ERR_CONNECTION_REFUSED @ http://localhost:5173/@vite/client:1034
[60176629ms] [ERROR] WebSocket connection to 'ws://localhost:5173/' failed: Error in connection establishment: net::ERR_CONNECTION_REFUSED @ http://localhost:5173/@vite/client:1034
[60183315ms] [ERROR] WebSocket connection to 'ws://localhost:5173/' failed: Error in connection establishment: net::ERR_CONNECTION_REFUSED @ http://localhost:5173/@vite/client:1034
[60191119ms] [ERROR] WebSocket connection to 'ws://localhost:5173/' failed: Error in connection establishment: net::ERR_CONNECTION_REFUSED @ http://localhost:5173/@vite/client:1034
[60199517ms] [ERROR] WebSocket connection to 'ws://localhost:5173/' failed: Error in connection establishment: net::ERR_CONNECTION_REFUSED @ http://localhost:5173/@vite/client:1034
[60205025ms] [ERROR] WebSocket connection to 'ws://localhost:5173/' failed: Error in connection establishment: net::ERR_CONNECTION_REFUSED @ http://localhost:5173/@vite/client:1034
[60211274ms] [ERROR] WebSocket connection to 'ws://localhost:5173/' failed: Error in connection establishment: net::ERR_CONNECTION_REFUSED @ http://localhost:5173/@vite/client:1034
[60216640ms] [ERROR] WebSocket connection to 'ws://localhost:5173/' failed: Error in connection establishment: net::ERR_CONNECTION_REFUSED @ http://localhost:5173/@vite/client:1034
[60221196ms] [ERROR] WebSocket connection to 'ws://localhost:5173/' failed: Error in connection establishment: net::ERR_CONNECTION_REFUSED @ http://localhost:5173/@vite/client:1034
[60228864ms] [ERROR] WebSocket connection to 'ws://localhost:5173/' failed: Error in connection establishment: net::ERR_CONNECTION_REFUSED @ http://localhost:5173/@vite/client:1034
[60236509ms] [ERROR] WebSocket connection to 'ws://localhost:5173/' failed: Error in connection establishment: net::ERR_CONNECTION_REFUSED @ http://localhost:5173/@vite/client:1034
[60242333ms] [ERROR] WebSocket connection to 'ws://localhost:5173/' failed: Error in connection establishment: net::ERR_CONNECTION_REFUSED @ http://localhost:5173/@vite/client:1034
[60247278ms] [ERROR] WebSocket connection to 'ws://localhost:5173/' failed: Error in connection establishment: net::ERR_CONNECTION_REFUSED @ http://localhost:5173/@vite/client:1034
[60255345ms] [ERROR] WebSocket connection to 'ws://localhost:5173/' failed: Error in connection establishment: net::ERR_CONNECTION_REFUSED @ http://localhost:5173/@vite/client:1034
[60260464ms] [ERROR] WebSocket connection to 'ws://localhost:5173/' failed: Error in connection establishment: net::ERR_CONNECTION_REFUSED @ http://localhost:5173/@vite/client:1034
[60264893ms] [ERROR] WebSocket connection to 'ws://localhost:5173/' failed: Error in connection establishment: net::ERR_CONNECTION_REFUSED @ http://localhost:5173/@vite/client:1034
[60271204ms] [ERROR] WebSocket connection to 'ws://localhost:5173/' failed: Error in connection establishment: net::ERR_CONNECTION_REFUSED @ http://localhost:5173/@vite/client:1034
[60277837ms] [ERROR] WebSocket connection to 'ws://localhost:5173/' failed: Error in connection establishment: net::ERR_CONNECTION_REFUSED @ http://localhost:5173/@vite/client:1034
[60282783ms] [ERROR] WebSocket connection to 'ws://localhost:5173/' failed: Error in connection establishment: net::ERR_CONNECTION_REFUSED @ http://localhost:5173/@vite/client:1034
[60287520ms] [ERROR] WebSocket connection to 'ws://localhost:5173/' failed: Error in connection establishment: net::ERR_CONNECTION_REFUSED @ http://localhost:5173/@vite/client:1034
[60295639ms] [ERROR] WebSocket connection to 'ws://localhost:5173/' failed: Error in connection establishment: net::ERR_CONNECTION_REFUSED @ http://localhost:5173/@vite/client:1034
[60300275ms] [ERROR] WebSocket connection to 'ws://localhost:5173/' failed: Error in connection establishment: net::ERR_CONNECTION_REFUSED @ http://localhost:5173/@vite/client:1034
[60305167ms] [ERROR] WebSocket connection to 'ws://localhost:5173/' failed: Error in connection establishment: net::ERR_CONNECTION_REFUSED @ http://localhost:5173/@vite/client:1034
[60310377ms] [ERROR] WebSocket connection to 'ws://localhost:5173/' failed: Error in connection establishment: net::ERR_CONNECTION_REFUSED @ http://localhost:5173/@vite/client:1034
[60319099ms] [ERROR] WebSocket connection to 'ws://localhost:5173/' failed: Error in connection establishment: net::ERR_CONNECTION_REFUSED @ http://localhost:5173/@vite/client:1034
[60325962ms] [ERROR] WebSocket connection to 'ws://localhost:5173/' failed: Error in connection establishment: net::ERR_CONNECTION_REFUSED @ http://localhost:5173/@vite/client:1034
[60332935ms] [ERROR] WebSocket connection to 'ws://localhost:5173/' failed: Error in connection establishment: net::ERR_CONNECTION_REFUSED @ http://localhost:5173/@vite/client:1034
[60337967ms] [ERROR] WebSocket connection to 'ws://localhost:5173/' failed: Error in connection establishment: net::ERR_CONNECTION_REFUSED @ http://localhost:5173/@vite/client:1034
[60342534ms] [ERROR] WebSocket connection to 'ws://localhost:5173/' failed: Error in connection establishment: net::ERR_CONNECTION_REFUSED @ http://localhost:5173/@vite/client:1034
[60348270ms] [ERROR] WebSocket connection to 'ws://localhost:5173/' failed: Error in connection establishment: net::ERR_CONNECTION_REFUSED @ http://localhost:5173/@vite/client:1034
[60352857ms] [ERROR] WebSocket connection to 'ws://localhost:5173/' failed: Error in connection establishment: net::ERR_CONNECTION_REFUSED @ http://localhost:5173/@vite/client:1034
[60359713ms] [ERROR] WebSocket connection to 'ws://localhost:5173/' failed: Error in connection establishment: net::ERR_CONNECTION_REFUSED @ http://localhost:5173/@vite/client:1034
[60364469ms] [ERROR] WebSocket connection to 'ws://localhost:5173/' failed: Error in connection establishment: net::ERR_CONNECTION_REFUSED @ http://localhost:5173/@vite/client:1034
[60369275ms] [ERROR] WebSocket connection to 'ws://localhost:5173/' failed: Error in connection establishment: net::ERR_CONNECTION_REFUSED @ http://localhost:5173/@vite/client:1034
[60376446ms] [ERROR] WebSocket connection to 'ws://localhost:5173/' failed: Error in connection establishment: net::ERR_CONNECTION_REFUSED @ http://localhost:5173/@vite/client:1034
[60381306ms] [ERROR] WebSocket connection to 'ws://localhost:5173/' failed: Error in connection establishment: net::ERR_CONNECTION_REFUSED @ http://localhost:5173/@vite/client:1034
[60388806ms] [ERROR] WebSocket connection to 'ws://localhost:5173/' failed: Error in connection establishment: net::ERR_CONNECTION_REFUSED @ http://localhost:5173/@vite/client:1034
[60395949ms] [ERROR] WebSocket connection to 'ws://localhost:5173/' failed: Error in connection establishment: net::ERR_CONNECTION_REFUSED @ http://localhost:5173/@vite/client:1034
[60403244ms] [ERROR] WebSocket connection to 'ws://localhost:5173/' failed: Error in connection establishment: net::ERR_CONNECTION_REFUSED @ http://localhost:5173/@vite/client:1034
[60408119ms] [ERROR] WebSocket connection to 'ws://localhost:5173/' failed: Error in connection establishment: net::ERR_CONNECTION_REFUSED @ http://localhost:5173/@vite/client:1034
[60413292ms] [ERROR] WebSocket connection to 'ws://localhost:5173/' failed: Error in connection establishment: net::ERR_CONNECTION_REFUSED @ http://localhost:5173/@vite/client:1034
[60421073ms] [ERROR] WebSocket connection to 'ws://localhost:5173/' failed: Error in connection establishment: net::ERR_CONNECTION_REFUSED @ http://localhost:5173/@vite/client:1034
[60427500ms] [ERROR] WebSocket connection to 'ws://localhost:5173/' failed: Error in connection establishment: net::ERR_CONNECTION_REFUSED @ http://localhost:5173/@vite/client:1034
[60435306ms] [ERROR] WebSocket connection to 'ws://localhost:5173/' failed: Error in connection establishment: net::ERR_CONNECTION_REFUSED @ http://localhost:5173/@vite/client:1034
[60443198ms] [ERROR] WebSocket connection to 'ws://localhost:5173/' failed: Error in connection establishment: net::ERR_CONNECTION_REFUSED @ http://localhost:5173/@vite/client:1034
[60450634ms] [ERROR] WebSocket connection to 'ws://localhost:5173/' failed: Error in connection establishment: net::ERR_CONNECTION_REFUSED @ http://localhost:5173/@vite/client:1034
[60456247ms] [ERROR] WebSocket connection to 'ws://localhost:5173/' failed: Error in connection establishment: net::ERR_CONNECTION_REFUSED @ http://localhost:5173/@vite/client:1034
[60462514ms] [ERROR] WebSocket connection to 'ws://localhost:5173/' failed: Error in connection establishment: net::ERR_CONNECTION_REFUSED @ http://localhost:5173/@vite/client:1034
[60467306ms] [ERROR] WebSocket connection to 'ws://localhost:5173/' failed: Error in connection establishment: net::ERR_CONNECTION_REFUSED @ http://localhost:5173/@vite/client:1034
[60474775ms] [ERROR] WebSocket connection to 'ws://localhost:5173/' failed: Error in connection establishment: net::ERR_CONNECTION_REFUSED @ http://localhost:5173/@vite/client:1034
[60482713ms] [ERROR] WebSocket connection to 'ws://localhost:5173/' failed: Error in connection establishment: net::ERR_CONNECTION_REFUSED @ http://localhost:5173/@vite/client:1034
[60490948ms] [ERROR] WebSocket connection to 'ws://localhost:5173/' failed: Error in connection establishment: net::ERR_CONNECTION_REFUSED @ http://localhost:5173/@vite/client:1034
[60497837ms] [ERROR] WebSocket connection to 'ws://localhost:5173/' failed: Error in connection establishment: net::ERR_CONNECTION_REFUSED @ http://localhost:5173/@vite/client:1034
[60505132ms] [ERROR] WebSocket connection to 'ws://localhost:5173/' failed: Error in connection establishment: net::ERR_CONNECTION_REFUSED @ http://localhost:5173/@vite/client:1034
[60511728ms] [ERROR] WebSocket connection to 'ws://localhost:5173/' failed: Error in connection establishment: net::ERR_CONNECTION_REFUSED @ http://localhost:5173/@vite/client:1034
[60519243ms] [ERROR] WebSocket connection to 'ws://localhost:5173/' failed: Error in connection establishment: net::ERR_CONNECTION_REFUSED @ http://localhost:5173/@vite/client:1034
[60525964ms] [ERROR] WebSocket connection to 'ws://localhost:5173/' failed: Error in connection establishment: net::ERR_CONNECTION_REFUSED @ http://localhost:5173/@vite/client:1034
[60533195ms] [ERROR] WebSocket connection to 'ws://localhost:5173/' failed: Error in connection establishment: net::ERR_CONNECTION_REFUSED @ http://localhost:5173/@vite/client:1034
[60540386ms] [ERROR] WebSocket connection to 'ws://localhost:5173/' failed: Error in connection establishment: net::ERR_CONNECTION_REFUSED @ http://localhost:5173/@vite/client:1034
[60546448ms] [ERROR] WebSocket connection to 'ws://localhost:5173/' failed: Error in connection establishment: net::ERR_CONNECTION_REFUSED @ http://localhost:5173/@vite/client:1034
[60552333ms] [ERROR] WebSocket connection to 'ws://localhost:5173/' failed: Error in connection establishment: net::ERR_CONNECTION_REFUSED @ http://localhost:5173/@vite/client:1034
[60560280ms] [ERROR] WebSocket connection to 'ws://localhost:5173/' failed: Error in connection establishment: net::ERR_CONNECTION_REFUSED @ http://localhost:5173/@vite/client:1034
[60565962ms] [ERROR] WebSocket connection to 'ws://localhost:5173/' failed: Error in connection establishment: net::ERR_CONNECTION_REFUSED @ http://localhost:5173/@vite/client:1034
[60571713ms] [ERROR] WebSocket connection to 'ws://localhost:5173/' failed: Error in connection establishment: net::ERR_CONNECTION_REFUSED @ http://localhost:5173/@vite/client:1034
[60578103ms] [ERROR] WebSocket connection to 'ws://localhost:5173/' failed: Error in connection establishment: net::ERR_CONNECTION_REFUSED @ http://localhost:5173/@vite/client:1034
[60586361ms] [ERROR] WebSocket connection to 'ws://localhost:5173/' failed: Error in connection establishment: net::ERR_CONNECTION_REFUSED @ http://localhost:5173/@vite/client:1034
[60593775ms] [ERROR] WebSocket connection to 'ws://localhost:5173/' failed: Error in connection establishment: net::ERR_CONNECTION_REFUSED @ http://localhost:5173/@vite/client:1034
[60598869ms] [ERROR] WebSocket connection to 'ws://localhost:5173/' failed: Error in connection establishment: net::ERR_CONNECTION_REFUSED @ http://localhost:5173/@vite/client:1034
[60603263ms] [ERROR] WebSocket connection to 'ws://localhost:5173/' failed: Error in connection establishment: net::ERR_CONNECTION_REFUSED @ http://localhost:5173/@vite/client:1034
[60611353ms] [ERROR] WebSocket connection to 'ws://localhost:5173/' failed: Error in connection establishment: net::ERR_CONNECTION_REFUSED @ http://localhost:5173/@vite/client:1034
[60616967ms] [ERROR] WebSocket connection to 'ws://localhost:5173/' failed: Error in connection establishment: net::ERR_CONNECTION_REFUSED @ http://localhost:5173/@vite/client:1034
[60623401ms] [ERROR] WebSocket connection to 'ws://localhost:5173/' failed: Error in connection establishment: net::ERR_CONNECTION_REFUSED @ http://localhost:5173/@vite/client:1034
[60627771ms] [ERROR] WebSocket connection to 'ws://localhost:5173/' failed: Error in connection establishment: net::ERR_CONNECTION_REFUSED @ http://localhost:5173/@vite/client:1034
[60632845ms] [ERROR] WebSocket connection to 'ws://localhost:5173/' failed: Error in connection establishment: net::ERR_CONNECTION_REFUSED @ http://localhost:5173/@vite/client:1034
[60638354ms] [ERROR] WebSocket connection to 'ws://localhost:5173/' failed: Error in connection establishment: net::ERR_CONNECTION_REFUSED @ http://localhost:5173/@vite/client:1034
[60642889ms] [ERROR] WebSocket connection to 'ws://localhost:5173/' failed: Error in connection establishment: net::ERR_CONNECTION_REFUSED @ http://localhost:5173/@vite/client:1034
[60650706ms] [ERROR] WebSocket connection to 'ws://localhost:5173/' failed: Error in connection establishment: net::ERR_CONNECTION_REFUSED @ http://localhost:5173/@vite/client:1034
[60655572ms] [ERROR] WebSocket connection to 'ws://localhost:5173/' failed: Error in connection establishment: net::ERR_CONNECTION_REFUSED @ http://localhost:5173/@vite/client:1034
[60661307ms] [ERROR] WebSocket connection to 'ws://localhost:5173/' failed: Error in connection establishment: net::ERR_CONNECTION_REFUSED @ http://localhost:5173/@vite/client:1034
[60665808ms] [ERROR] WebSocket connection to 'ws://localhost:5173/' failed: Error in connection establishment: net::ERR_CONNECTION_REFUSED @ http://localhost:5173/@vite/client:1034
[60670839ms] [ERROR] WebSocket connection to 'ws://localhost:5173/' failed: Error in connection establishment: net::ERR_CONNECTION_REFUSED @ http://localhost:5173/@vite/client:1034
[60676307ms] [ERROR] WebSocket connection to 'ws://localhost:5173/' failed: Error in connection establishment: net::ERR_CONNECTION_REFUSED @ http://localhost:5173/@vite/client:1034
[60682337ms] [ERROR] WebSocket connection to 'ws://localhost:5173/' failed: Error in connection establishment: net::ERR_CONNECTION_REFUSED @ http://localhost:5173/@vite/client:1034
[60686941ms] [ERROR] WebSocket connection to 'ws://localhost:5173/' failed: Error in connection establishment: net::ERR_CONNECTION_REFUSED @ http://localhost:5173/@vite/client:1034
[60693042ms] [ERROR] WebSocket connection to 'ws://localhost:5173/' failed: Error in connection establishment: net::ERR_CONNECTION_REFUSED @ http://localhost:5173/@vite/client:1034
[60698092ms] [ERROR] WebSocket connection to 'ws://localhost:5173/' failed: Error in connection establishment: net::ERR_CONNECTION_REFUSED @ http://localhost:5173/@vite/client:1034
[60705892ms] [ERROR] WebSocket connection to 'ws://localhost:5173/' failed: Error in connection establishment: net::ERR_CONNECTION_REFUSED @ http://localhost:5173/@vite/client:1034
[60713807ms] [ERROR] WebSocket connection to 'ws://localhost:5173/' failed: Error in connection establishment: net::ERR_CONNECTION_REFUSED @ http://localhost:5173/@vite/client:1034
[60718634ms] [ERROR] WebSocket connection to 'ws://localhost:5173/' failed: Error in connection establishment: net::ERR_CONNECTION_REFUSED @ http://localhost:5173/@vite/client:1034
[60725401ms] [ERROR] WebSocket connection to 'ws://localhost:5173/' failed: Error in connection establishment: net::ERR_CONNECTION_REFUSED @ http://localhost:5173/@vite/client:1034
[60731369ms] [ERROR] WebSocket connection to 'ws://localhost:5173/' failed: Error in connection establishment: net::ERR_CONNECTION_REFUSED @ http://localhost:5173/@vite/client:1034
[60738328ms] [ERROR] WebSocket connection to 'ws://localhost:5173/' failed: Error in connection establishment: net::ERR_CONNECTION_REFUSED @ http://localhost:5173/@vite/client:1034
[60745243ms] [ERROR] WebSocket connection to 'ws://localhost:5173/' failed: Error in connection establishment: net::ERR_CONNECTION_REFUSED @ http://localhost:5173/@vite/client:1034
[60750711ms] [ERROR] WebSocket connection to 'ws://localhost:5173/' failed: Error in connection establishment: net::ERR_CONNECTION_REFUSED @ http://localhost:5173/@vite/client:1034
[60756056ms] [ERROR] WebSocket connection to 'ws://localhost:5173/' failed: Error in connection establishment: net::ERR_CONNECTION_REFUSED @ http://localhost:5173/@vite/client:1034
[60764191ms] [ERROR] WebSocket connection to 'ws://localhost:5173/' failed: Error in connection establishment: net::ERR_CONNECTION_REFUSED @ http://localhost:5173/@vite/client:1034
[60772404ms] [ERROR] WebSocket connection to 'ws://localhost:5173/' failed: Error in connection establishment: net::ERR_CONNECTION_REFUSED @ http://localhost:5173/@vite/client:1034
[60778477ms] [ERROR] WebSocket connection to 'ws://localhost:5173/' failed: Error in connection establishment: net::ERR_CONNECTION_REFUSED @ http://localhost:5173/@vite/client:1034
[60784838ms] [ERROR] WebSocket connection to 'ws://localhost:5173/' failed: Error in connection establishment: net::ERR_CONNECTION_REFUSED @ http://localhost:5173/@vite/client:1034
[60793047ms] [ERROR] WebSocket connection to 'ws://localhost:5173/' failed: Error in connection establishment: net::ERR_CONNECTION_REFUSED @ http://localhost:5173/@vite/client:1034
[60798344ms] [ERROR] WebSocket connection to 'ws://localhost:5173/' failed: Error in connection establishment: net::ERR_CONNECTION_REFUSED @ http://localhost:5173/@vite/client:1034
[60806326ms] [ERROR] WebSocket connection to 'ws://localhost:5173/' failed: Error in connection establishment: net::ERR_CONNECTION_REFUSED @ http://localhost:5173/@vite/client:1034
[60813946ms] [ERROR] WebSocket connection to 'ws://localhost:5173/' failed: Error in connection establishment: net::ERR_CONNECTION_REFUSED @ http://localhost:5173/@vite/client:1034
[60821041ms] [ERROR] WebSocket connection to 'ws://localhost:5173/' failed: Error in connection establishment: net::ERR_CONNECTION_REFUSED @ http://localhost:5173/@vite/client:1034
[60827822ms] [ERROR] WebSocket connection to 'ws://localhost:5173/' failed: Error in connection establishment: net::ERR_CONNECTION_REFUSED @ http://localhost:5173/@vite/client:1034
[60835369ms] [ERROR] WebSocket connection to 'ws://localhost:5173/' failed: Error in connection establishment: net::ERR_CONNECTION_REFUSED @ http://localhost:5173/@vite/client:1034
[60840037ms] [ERROR] WebSocket connection to 'ws://localhost:5173/' failed: Error in connection establishment: net::ERR_CONNECTION_REFUSED @ http://localhost:5173/@vite/client:1034
[60847650ms] [ERROR] WebSocket connection to 'ws://localhost:5173/' failed: Error in connection establishment: net::ERR_CONNECTION_REFUSED @ http://localhost:5173/@vite/client:1034
[60853244ms] [ERROR] WebSocket connection to 'ws://localhost:5173/' failed: Error in connection establishment: net::ERR_CONNECTION_REFUSED @ http://localhost:5173/@vite/client:1034
[60857642ms] [ERROR] WebSocket connection to 'ws://localhost:5173/' failed: Error in connection establishment: net::ERR_CONNECTION_REFUSED @ http://localhost:5173/@vite/client:1034
[60865670ms] [ERROR] WebSocket connection to 'ws://localhost:5173/' failed: Error in connection establishment: net::ERR_CONNECTION_REFUSED @ http://localhost:5173/@vite/client:1034
[60870353ms] [ERROR] WebSocket connection to 'ws://localhost:5173/' failed: Error in connection establishment: net::ERR_CONNECTION_REFUSED @ http://localhost:5173/@vite/client:1034
[60878586ms] [ERROR] WebSocket connection to 'ws://localhost:5173/' failed: Error in connection establishment: net::ERR_CONNECTION_REFUSED @ http://localhost:5173/@vite/client:1034
[60886791ms] [ERROR] WebSocket connection to 'ws://localhost:5173/' failed: Error in connection establishment: net::ERR_CONNECTION_REFUSED @ http://localhost:5173/@vite/client:1034
[60894470ms] [ERROR] WebSocket connection to 'ws://localhost:5173/' failed: Error in connection establishment: net::ERR_CONNECTION_REFUSED @ http://localhost:5173/@vite/client:1034
[60900722ms] [ERROR] WebSocket connection to 'ws://localhost:5173/' failed: Error in connection establishment: net::ERR_CONNECTION_REFUSED @ http://localhost:5173/@vite/client:1034
[60906527ms] [ERROR] WebSocket connection to 'ws://localhost:5173/' failed: Error in connection establishment: net::ERR_CONNECTION_REFUSED @ http://localhost:5173/@vite/client:1034
[60911708ms] [ERROR] WebSocket connection to 'ws://localhost:5173/' failed: Error in connection establishment: net::ERR_CONNECTION_REFUSED @ http://localhost:5173/@vite/client:1034
[60918623ms] [ERROR] WebSocket connection to 'ws://localhost:5173/' failed: Error in connection establishment: net::ERR_CONNECTION_REFUSED @ http://localhost:5173/@vite/client:1034
[60923190ms] [ERROR] WebSocket connection to 'ws://localhost:5173/' failed: Error in connection establishment: net::ERR_CONNECTION_REFUSED @ http://localhost:5173/@vite/client:1034
[60930593ms] [ERROR] WebSocket connection to 'ws://localhost:5173/' failed: Error in connection establishment: net::ERR_CONNECTION_REFUSED @ http://localhost:5173/@vite/client:1034
[60938229ms] [ERROR] WebSocket connection to 'ws://localhost:5173/' failed: Error in connection establishment: net::ERR_CONNECTION_REFUSED @ http://localhost:5173/@vite/client:1034
[60945128ms] [ERROR] WebSocket connection to 'ws://localhost:5173/' failed: Error in connection establishment: net::ERR_CONNECTION_REFUSED @ http://localhost:5173/@vite/client:1034
[60951635ms] [ERROR] WebSocket connection to 'ws://localhost:5173/' failed: Error in connection establishment: net::ERR_CONNECTION_REFUSED @ http://localhost:5173/@vite/client:1034
[60957166ms] [ERROR] WebSocket connection to 'ws://localhost:5173/' failed: Error in connection establishment: net::ERR_CONNECTION_REFUSED @ http://localhost:5173/@vite/client:1034
[60964858ms] [ERROR] WebSocket connection to 'ws://localhost:5173/' failed: Error in connection establishment: net::ERR_CONNECTION_REFUSED @ http://localhost:5173/@vite/client:1034
[60972008ms] [ERROR] WebSocket connection to 'ws://localhost:5173/' failed: Error in connection establishment: net::ERR_CONNECTION_REFUSED @ http://localhost:5173/@vite/client:1034
[60978644ms] [ERROR] WebSocket connection to 'ws://localhost:5173/' failed: Error in connection establishment: net::ERR_CONNECTION_REFUSED @ http://localhost:5173/@vite/client:1034
[60984460ms] [ERROR] WebSocket connection to 'ws://localhost:5173/' failed: Error in connection establishment: net::ERR_CONNECTION_REFUSED @ http://localhost:5173/@vite/client:1034
[60991400ms] [ERROR] WebSocket connection to 'ws://localhost:5173/' failed: Error in connection establishment: net::ERR_CONNECTION_REFUSED @ http://localhost:5173/@vite/client:1034
[60997494ms] [ERROR] WebSocket connection to 'ws://localhost:5173/' failed: Error in connection establishment: net::ERR_CONNECTION_REFUSED @ http://localhost:5173/@vite/client:1034
[61002588ms] [ERROR] WebSocket connection to 'ws://localhost:5173/' failed: Error in connection establishment: net::ERR_CONNECTION_REFUSED @ http://localhost:5173/@vite/client:1034
[61009213ms] [ERROR] WebSocket connection to 'ws://localhost:5173/' failed: Error in connection establishment: net::ERR_CONNECTION_REFUSED @ http://localhost:5173/@vite/client:1034
[61017073ms] [ERROR] WebSocket connection to 'ws://localhost:5173/' failed: Error in connection establishment: net::ERR_CONNECTION_REFUSED @ http://localhost:5173/@vite/client:1034
[61024915ms] [ERROR] WebSocket connection to 'ws://localhost:5173/' failed: Error in connection establishment: net::ERR_CONNECTION_REFUSED @ http://localhost:5173/@vite/client:1034
[61033104ms] [ERROR] WebSocket connection to 'ws://localhost:5173/' failed: Error in connection establishment: net::ERR_CONNECTION_REFUSED @ http://localhost:5173/@vite/client:1034
[61038932ms] [ERROR] WebSocket connection to 'ws://localhost:5173/' failed: Error in connection establishment: net::ERR_CONNECTION_REFUSED @ http://localhost:5173/@vite/client:1034
[61046025ms] [ERROR] WebSocket connection to 'ws://localhost:5173/' failed: Error in connection establishment: net::ERR_CONNECTION_REFUSED @ http://localhost:5173/@vite/client:1034
[61050962ms] [ERROR] WebSocket connection to 'ws://localhost:5173/' failed: Error in connection establishment: net::ERR_CONNECTION_REFUSED @ http://localhost:5173/@vite/client:1034
[61058898ms] [ERROR] WebSocket connection to 'ws://localhost:5173/' failed: Error in connection establishment: net::ERR_CONNECTION_REFUSED @ http://localhost:5173/@vite/client:1034
[61064634ms] [ERROR] WebSocket connection to 'ws://localhost:5173/' failed: Error in connection establishment: net::ERR_CONNECTION_REFUSED @ http://localhost:5173/@vite/client:1034
[61072432ms] [ERROR] WebSocket connection to 'ws://localhost:5173/' failed: Error in connection establishment: net::ERR_CONNECTION_REFUSED @ http://localhost:5173/@vite/client:1034
[61080322ms] [ERROR] WebSocket connection to 'ws://localhost:5173/' failed: Error in connection establishment: net::ERR_CONNECTION_REFUSED @ http://localhost:5173/@vite/client:1034
[61087913ms] [ERROR] WebSocket connection to 'ws://localhost:5173/' failed: Error in connection establishment: net::ERR_CONNECTION_REFUSED @ http://localhost:5173/@vite/client:1034
[61094203ms] [ERROR] WebSocket connection to 'ws://localhost:5173/' failed: Error in connection establishment: net::ERR_CONNECTION_REFUSED @ http://localhost:5173/@vite/client:1034
[61098916ms] [ERROR] WebSocket connection to 'ws://localhost:5173/' failed: Error in connection establishment: net::ERR_CONNECTION_REFUSED @ http://localhost:5173/@vite/client:1034
[61104556ms] [ERROR] WebSocket connection to 'ws://localhost:5173/' failed: Error in connection establishment: net::ERR_CONNECTION_REFUSED @ http://localhost:5173/@vite/client:1034
[61112775ms] [ERROR] WebSocket connection to 'ws://localhost:5173/' failed: Error in connection establishment: net::ERR_CONNECTION_REFUSED @ http://localhost:5173/@vite/client:1034
[61118712ms] [ERROR] WebSocket connection to 'ws://localhost:5173/' failed: Error in connection establishment: net::ERR_CONNECTION_REFUSED @ http://localhost:5173/@vite/client:1034
[61125854ms] [ERROR] WebSocket connection to 'ws://localhost:5173/' failed: Error in connection establishment: net::ERR_CONNECTION_REFUSED @ http://localhost:5173/@vite/client:1034
[61133199ms] [ERROR] WebSocket connection to 'ws://localhost:5173/' failed: Error in connection establishment: net::ERR_CONNECTION_REFUSED @ http://localhost:5173/@vite/client:1034
[61138622ms] [ERROR] WebSocket connection to 'ws://localhost:5173/' failed: Error in connection establishment: net::ERR_CONNECTION_REFUSED @ http://localhost:5173/@vite/client:1034
[61146891ms] [ERROR] WebSocket connection to 'ws://localhost:5173/' failed: Error in connection establishment: net::ERR_CONNECTION_REFUSED @ http://localhost:5173/@vite/client:1034
[61154956ms] [ERROR] WebSocket connection to 'ws://localhost:5173/' failed: Error in connection establishment: net::ERR_CONNECTION_REFUSED @ http://localhost:5173/@vite/client:1034
[61162659ms] [ERROR] WebSocket connection to 'ws://localhost:5173/' failed: Error in connection establishment: net::ERR_CONNECTION_REFUSED @ http://localhost:5173/@vite/client:1034
[61170106ms] [ERROR] WebSocket connection to 'ws://localhost:5173/' failed: Error in connection establishment: net::ERR_CONNECTION_REFUSED @ http://localhost:5173/@vite/client:1034
[61175836ms] [ERROR] WebSocket connection to 'ws://localhost:5173/' failed: Error in connection establishment: net::ERR_CONNECTION_REFUSED @ http://localhost:5173/@vite/client:1034
[61183160ms] [ERROR] WebSocket connection to 'ws://localhost:5173/' failed: Error in connection establishment: net::ERR_CONNECTION_REFUSED @ http://localhost:5173/@vite/client:1034
[61190311ms] [ERROR] WebSocket connection to 'ws://localhost:5173/' failed: Error in connection establishment: net::ERR_CONNECTION_REFUSED @ http://localhost:5173/@vite/client:1034
[61198561ms] [ERROR] WebSocket connection to 'ws://localhost:5173/' failed: Error in connection establishment: net::ERR_CONNECTION_REFUSED @ http://localhost:5173/@vite/client:1034
[61205255ms] [ERROR] WebSocket connection to 'ws://localhost:5173/' failed: Error in connection establishment: net::ERR_CONNECTION_REFUSED @ http://localhost:5173/@vite/client:1034
[61212537ms] [ERROR] WebSocket connection to 'ws://localhost:5173/' failed: Error in connection establishment: net::ERR_CONNECTION_REFUSED @ http://localhost:5173/@vite/client:1034
[61219852ms] [ERROR] WebSocket connection to 'ws://localhost:5173/' failed: Error in connection establishment: net::ERR_CONNECTION_REFUSED @ http://localhost:5173/@vite/client:1034
[61225262ms] [ERROR] WebSocket connection to 'ws://localhost:5173/' failed: Error in connection establishment: net::ERR_CONNECTION_REFUSED @ http://localhost:5173/@vite/client:1034
[61232515ms] [ERROR] WebSocket connection to 'ws://localhost:5173/' failed: Error in connection establishment: net::ERR_CONNECTION_REFUSED @ http://localhost:5173/@vite/client:1034
[61237765ms] [ERROR] WebSocket connection to 'ws://localhost:5173/' failed: Error in connection establishment: net::ERR_CONNECTION_REFUSED @ http://localhost:5173/@vite/client:1034
[61242652ms] [ERROR] WebSocket connection to 'ws://localhost:5173/' failed: Error in connection establishment: net::ERR_CONNECTION_REFUSED @ http://localhost:5173/@vite/client:1034
[61247416ms] [ERROR] WebSocket connection to 'ws://localhost:5173/' failed: Error in connection establishment: net::ERR_CONNECTION_REFUSED @ http://localhost:5173/@vite/client:1034
[61251863ms] [ERROR] WebSocket connection to 'ws://localhost:5173/' failed: Error in connection establishment: net::ERR_CONNECTION_REFUSED @ http://localhost:5173/@vite/client:1034
[61258764ms] [ERROR] WebSocket connection to 'ws://localhost:5173/' failed: Error in connection establishment: net::ERR_CONNECTION_REFUSED @ http://localhost:5173/@vite/client:1034
[61265462ms] [ERROR] WebSocket connection to 'ws://localhost:5173/' failed: Error in connection establishment: net::ERR_CONNECTION_REFUSED @ http://localhost:5173/@vite/client:1034
[61271081ms] [ERROR] WebSocket connection to 'ws://localhost:5173/' failed: Error in connection establishment: net::ERR_CONNECTION_REFUSED @ http://localhost:5173/@vite/client:1034
[61279013ms] [ERROR] WebSocket connection to 'ws://localhost:5173/' failed: Error in connection establishment: net::ERR_CONNECTION_REFUSED @ http://localhost:5173/@vite/client:1034
[61287070ms] [ERROR] WebSocket connection to 'ws://localhost:5173/' failed: Error in connection establishment: net::ERR_CONNECTION_REFUSED @ http://localhost:5173/@vite/client:1034
[61291729ms] [ERROR] WebSocket connection to 'ws://localhost:5173/' failed: Error in connection establishment: net::ERR_CONNECTION_REFUSED @ http://localhost:5173/@vite/client:1034
[61299437ms] [ERROR] WebSocket connection to 'ws://localhost:5173/' failed: Error in connection establishment: net::ERR_CONNECTION_REFUSED @ http://localhost:5173/@vite/client:1034
[61305383ms] [ERROR] WebSocket connection to 'ws://localhost:5173/' failed: Error in connection establishment: net::ERR_CONNECTION_REFUSED @ http://localhost:5173/@vite/client:1034
[61309733ms] [ERROR] WebSocket connection to 'ws://localhost:5173/' failed: Error in connection establishment: net::ERR_CONNECTION_REFUSED @ http://localhost:5173/@vite/client:1034
[61314931ms] [ERROR] WebSocket connection to 'ws://localhost:5173/' failed: Error in connection establishment: net::ERR_CONNECTION_REFUSED @ http://localhost:5173/@vite/client:1034
[61319978ms] [ERROR] WebSocket connection to 'ws://localhost:5173/' failed: Error in connection establishment: net::ERR_CONNECTION_REFUSED @ http://localhost:5173/@vite/client:1034
[61326119ms] [ERROR] WebSocket connection to 'ws://localhost:5173/' failed: Error in connection establishment: net::ERR_CONNECTION_REFUSED @ http://localhost:5173/@vite/client:1034
[61333871ms] [ERROR] WebSocket connection to 'ws://localhost:5173/' failed: Error in connection establishment: net::ERR_CONNECTION_REFUSED @ http://localhost:5173/@vite/client:1034
[61338533ms] [ERROR] WebSocket connection to 'ws://localhost:5173/' failed: Error in connection establishment: net::ERR_CONNECTION_REFUSED @ http://localhost:5173/@vite/client:1034
[61344603ms] [ERROR] WebSocket connection to 'ws://localhost:5173/' failed: Error in connection establishment: net::ERR_CONNECTION_REFUSED @ http://localhost:5173/@vite/client:1034
[61351317ms] [ERROR] WebSocket connection to 'ws://localhost:5173/' failed: Error in connection establishment: net::ERR_CONNECTION_REFUSED @ http://localhost:5173/@vite/client:1034
[61357386ms] [ERROR] WebSocket connection to 'ws://localhost:5173/' failed: Error in connection establishment: net::ERR_CONNECTION_REFUSED @ http://localhost:5173/@vite/client:1034
[61363447ms] [ERROR] WebSocket connection to 'ws://localhost:5173/' failed: Error in connection establishment: net::ERR_CONNECTION_REFUSED @ http://localhost:5173/@vite/client:1034
[61370572ms] [ERROR] WebSocket connection to 'ws://localhost:5173/' failed: Error in connection establishment: net::ERR_CONNECTION_REFUSED @ http://localhost:5173/@vite/client:1034
[61378291ms] [ERROR] WebSocket connection to 'ws://localhost:5173/' failed: Error in connection establishment: net::ERR_CONNECTION_REFUSED @ http://localhost:5173/@vite/client:1034
[61386051ms] [ERROR] WebSocket connection to 'ws://localhost:5173/' failed: Error in connection establishment: net::ERR_CONNECTION_REFUSED @ http://localhost:5173/@vite/client:1034
[61391650ms] [ERROR] WebSocket connection to 'ws://localhost:5173/' failed: Error in connection establishment: net::ERR_CONNECTION_REFUSED @ http://localhost:5173/@vite/client:1034
[61396118ms] [ERROR] WebSocket connection to 'ws://localhost:5173/' failed: Error in connection establishment: net::ERR_CONNECTION_REFUSED @ http://localhost:5173/@vite/client:1034
[61401338ms] [ERROR] WebSocket connection to 'ws://localhost:5173/' failed: Error in connection establishment: net::ERR_CONNECTION_REFUSED @ http://localhost:5173/@vite/client:1034
[61405957ms] [ERROR] WebSocket connection to 'ws://localhost:5173/' failed: Error in connection establishment: net::ERR_CONNECTION_REFUSED @ http://localhost:5173/@vite/client:1034
[61413591ms] [ERROR] WebSocket connection to 'ws://localhost:5173/' failed: Error in connection establishment: net::ERR_CONNECTION_REFUSED @ http://localhost:5173/@vite/client:1034
[61420870ms] [ERROR] WebSocket connection to 'ws://localhost:5173/' failed: Error in connection establishment: net::ERR_CONNECTION_REFUSED @ http://localhost:5173/@vite/client:1034
[61428796ms] [ERROR] WebSocket connection to 'ws://localhost:5173/' failed: Error in connection establishment: net::ERR_CONNECTION_REFUSED @ http://localhost:5173/@vite/client:1034
[61436644ms] [ERROR] WebSocket connection to 'ws://localhost:5173/' failed: Error in connection establishment: net::ERR_CONNECTION_REFUSED @ http://localhost:5173/@vite/client:1034
[61443473ms] [ERROR] WebSocket connection to 'ws://localhost:5173/' failed: Error in connection establishment: net::ERR_CONNECTION_REFUSED @ http://localhost:5173/@vite/client:1034
[61447941ms] [ERROR] WebSocket connection to 'ws://localhost:5173/' failed: Error in connection establishment: net::ERR_CONNECTION_REFUSED @ http://localhost:5173/@vite/client:1034
[61456343ms] [ERROR] WebSocket connection to 'ws://localhost:5173/' failed: Error in connection establishment: net::ERR_CONNECTION_REFUSED @ http://localhost:5173/@vite/client:1034
[61463462ms] [ERROR] WebSocket connection to 'ws://localhost:5173/' failed: Error in connection establishment: net::ERR_CONNECTION_REFUSED @ http://localhost:5173/@vite/client:1034
[61470917ms] [ERROR] WebSocket connection to 'ws://localhost:5173/' failed: Error in connection establishment: net::ERR_CONNECTION_REFUSED @ http://localhost:5173/@vite/client:1034
[61477716ms] [ERROR] WebSocket connection to 'ws://localhost:5173/' failed: Error in connection establishment: net::ERR_CONNECTION_REFUSED @ http://localhost:5173/@vite/client:1034
[61482402ms] [ERROR] WebSocket connection to 'ws://localhost:5173/' failed: Error in connection establishment: net::ERR_CONNECTION_REFUSED @ http://localhost:5173/@vite/client:1034
[61487151ms] [ERROR] WebSocket connection to 'ws://localhost:5173/' failed: Error in connection establishment: net::ERR_CONNECTION_REFUSED @ http://localhost:5173/@vite/client:1034
[61492411ms] [ERROR] WebSocket connection to 'ws://localhost:5173/' failed: Error in connection establishment: net::ERR_CONNECTION_REFUSED @ http://localhost:5173/@vite/client:1034
[61498845ms] [ERROR] WebSocket connection to 'ws://localhost:5173/' failed: Error in connection establishment: net::ERR_CONNECTION_REFUSED @ http://localhost:5173/@vite/client:1034
[61505112ms] [ERROR] WebSocket connection to 'ws://localhost:5173/' failed: Error in connection establishment: net::ERR_CONNECTION_REFUSED @ http://localhost:5173/@vite/client:1034
[61512501ms] [ERROR] WebSocket connection to 'ws://localhost:5173/' failed: Error in connection establishment: net::ERR_CONNECTION_REFUSED @ http://localhost:5173/@vite/client:1034
[61519958ms] [ERROR] WebSocket connection to 'ws://localhost:5173/' failed: Error in connection establishment: net::ERR_CONNECTION_REFUSED @ http://localhost:5173/@vite/client:1034
[61526120ms] [ERROR] WebSocket connection to 'ws://localhost:5173/' failed: Error in connection establishment: net::ERR_CONNECTION_REFUSED @ http://localhost:5173/@vite/client:1034
[61532517ms] [ERROR] WebSocket connection to 'ws://localhost:5173/' failed: Error in connection establishment: net::ERR_CONNECTION_REFUSED @ http://localhost:5173/@vite/client:1034
[61538668ms] [ERROR] WebSocket connection to 'ws://localhost:5173/' failed: Error in connection establishment: net::ERR_CONNECTION_REFUSED @ http://localhost:5173/@vite/client:1034
[61546623ms] [ERROR] WebSocket connection to 'ws://localhost:5173/' failed: Error in connection establishment: net::ERR_CONNECTION_REFUSED @ http://localhost:5173/@vite/client:1034
[61553715ms] [ERROR] WebSocket connection to 'ws://localhost:5173/' failed: Error in connection establishment: net::ERR_CONNECTION_REFUSED @ http://localhost:5173/@vite/client:1034
[61559430ms] [ERROR] WebSocket connection to 'ws://localhost:5173/' failed: Error in connection establishment: net::ERR_CONNECTION_REFUSED @ http://localhost:5173/@vite/client:1034
[61566156ms] [ERROR] WebSocket connection to 'ws://localhost:5173/' failed: Error in connection establishment: net::ERR_CONNECTION_REFUSED @ http://localhost:5173/@vite/client:1034
[61571818ms] [ERROR] WebSocket connection to 'ws://localhost:5173/' failed: Error in connection establishment: net::ERR_CONNECTION_REFUSED @ http://localhost:5173/@vite/client:1034
[61577989ms] [ERROR] WebSocket connection to 'ws://localhost:5173/' failed: Error in connection establishment: net::ERR_CONNECTION_REFUSED @ http://localhost:5173/@vite/client:1034
[61584882ms] [ERROR] WebSocket connection to 'ws://localhost:5173/' failed: Error in connection establishment: net::ERR_CONNECTION_REFUSED @ http://localhost:5173/@vite/client:1034
[61590054ms] [ERROR] WebSocket connection to 'ws://localhost:5173/' failed: Error in connection establishment: net::ERR_CONNECTION_REFUSED @ http://localhost:5173/@vite/client:1034
[61594519ms] [ERROR] WebSocket connection to 'ws://localhost:5173/' failed: Error in connection establishment: net::ERR_CONNECTION_REFUSED @ http://localhost:5173/@vite/client:1034
[61601825ms] [ERROR] WebSocket connection to 'ws://localhost:5173/' failed: Error in connection establishment: net::ERR_CONNECTION_REFUSED @ http://localhost:5173/@vite/client:1034
[61607955ms] [ERROR] WebSocket connection to 'ws://localhost:5173/' failed: Error in connection establishment: net::ERR_CONNECTION_REFUSED @ http://localhost:5173/@vite/client:1034
[61615090ms] [ERROR] WebSocket connection to 'ws://localhost:5173/' failed: Error in connection establishment: net::ERR_CONNECTION_REFUSED @ http://localhost:5173/@vite/client:1034
[61622639ms] [ERROR] WebSocket connection to 'ws://localhost:5173/' failed: Error in connection establishment: net::ERR_CONNECTION_REFUSED @ http://localhost:5173/@vite/client:1034
[61629479ms] [ERROR] WebSocket connection to 'ws://localhost:5173/' failed: Error in connection establishment: net::ERR_CONNECTION_REFUSED @ http://localhost:5173/@vite/client:1034
[61635791ms] [ERROR] WebSocket connection to 'ws://localhost:5173/' failed: Error in connection establishment: net::ERR_CONNECTION_REFUSED @ http://localhost:5173/@vite/client:1034
[61643907ms] [ERROR] WebSocket connection to 'ws://localhost:5173/' failed: Error in connection establishment: net::ERR_CONNECTION_REFUSED @ http://localhost:5173/@vite/client:1034
[61649574ms] [ERROR] WebSocket connection to 'ws://localhost:5173/' failed: Error in connection establishment: net::ERR_CONNECTION_REFUSED @ http://localhost:5173/@vite/client:1034
[61654027ms] [ERROR] WebSocket connection to 'ws://localhost:5173/' failed: Error in connection establishment: net::ERR_CONNECTION_REFUSED @ http://localhost:5173/@vite/client:1034
[61661191ms] [ERROR] WebSocket connection to 'ws://localhost:5173/' failed: Error in connection establishment: net::ERR_CONNECTION_REFUSED @ http://localhost:5173/@vite/client:1034
[61668792ms] [ERROR] WebSocket connection to 'ws://localhost:5173/' failed: Error in connection establishment: net::ERR_CONNECTION_REFUSED @ http://localhost:5173/@vite/client:1034
[61676135ms] [ERROR] WebSocket connection to 'ws://localhost:5173/' failed: Error in connection establishment: net::ERR_CONNECTION_REFUSED @ http://localhost:5173/@vite/client:1034
[61682879ms] [ERROR] WebSocket connection to 'ws://localhost:5173/' failed: Error in connection establishment: net::ERR_CONNECTION_REFUSED @ http://localhost:5173/@vite/client:1034
[61690728ms] [ERROR] WebSocket connection to 'ws://localhost:5173/' failed: Error in connection establishment: net::ERR_CONNECTION_REFUSED @ http://localhost:5173/@vite/client:1034
[61695122ms] [ERROR] WebSocket connection to 'ws://localhost:5173/' failed: Error in connection establishment: net::ERR_CONNECTION_REFUSED @ http://localhost:5173/@vite/client:1034
[61699593ms] [ERROR] WebSocket connection to 'ws://localhost:5173/' failed: Error in connection establishment: net::ERR_CONNECTION_REFUSED @ http://localhost:5173/@vite/client:1034
[61706009ms] [ERROR] WebSocket connection to 'ws://localhost:5173/' failed: Error in connection establishment: net::ERR_CONNECTION_REFUSED @ http://localhost:5173/@vite/client:1034
[61714322ms] [ERROR] WebSocket connection to 'ws://localhost:5173/' failed: Error in connection establishment: net::ERR_CONNECTION_REFUSED @ http://localhost:5173/@vite/client:1034
[61719965ms] [ERROR] WebSocket connection to 'ws://localhost:5173/' failed: Error in connection establishment: net::ERR_CONNECTION_REFUSED @ http://localhost:5173/@vite/client:1034
[61726023ms] [ERROR] WebSocket connection to 'ws://localhost:5173/' failed: Error in connection establishment: net::ERR_CONNECTION_REFUSED @ http://localhost:5173/@vite/client:1034
[61733862ms] [ERROR] WebSocket connection to 'ws://localhost:5173/' failed: Error in connection establishment: net::ERR_CONNECTION_REFUSED @ http://localhost:5173/@vite/client:1034
[61742119ms] [ERROR] WebSocket connection to 'ws://localhost:5173/' failed: Error in connection establishment: net::ERR_CONNECTION_REFUSED @ http://localhost:5173/@vite/client:1034
[61749668ms] [ERROR] WebSocket connection to 'ws://localhost:5173/' failed: Error in connection establishment: net::ERR_CONNECTION_REFUSED @ http://localhost:5173/@vite/client:1034
[61755370ms] [ERROR] WebSocket connection to 'ws://localhost:5173/' failed: Error in connection establishment: net::ERR_CONNECTION_REFUSED @ http://localhost:5173/@vite/client:1034
[61761712ms] [ERROR] WebSocket connection to 'ws://localhost:5173/' failed: Error in connection establishment: net::ERR_CONNECTION_REFUSED @ http://localhost:5173/@vite/client:1034
[61767580ms] [ERROR] WebSocket connection to 'ws://localhost:5173/' failed: Error in connection establishment: net::ERR_CONNECTION_REFUSED @ http://localhost:5173/@vite/client:1034
[61774496ms] [ERROR] WebSocket connection to 'ws://localhost:5173/' failed: Error in connection establishment: net::ERR_CONNECTION_REFUSED @ http://localhost:5173/@vite/client:1034
[61780778ms] [ERROR] WebSocket connection to 'ws://localhost:5173/' failed: Error in connection establishment: net::ERR_CONNECTION_REFUSED @ http://localhost:5173/@vite/client:1034
[61786200ms] [ERROR] WebSocket connection to 'ws://localhost:5173/' failed: Error in connection establishment: net::ERR_CONNECTION_REFUSED @ http://localhost:5173/@vite/client:1034
[61794490ms] [ERROR] WebSocket connection to 'ws://localhost:5173/' failed: Error in connection establishment: net::ERR_CONNECTION_REFUSED @ http://localhost:5173/@vite/client:1034
[61801072ms] [ERROR] WebSocket connection to 'ws://localhost:5173/' failed: Error in connection establishment: net::ERR_CONNECTION_REFUSED @ http://localhost:5173/@vite/client:1034
[61808986ms] [ERROR] WebSocket connection to 'ws://localhost:5173/' failed: Error in connection establishment: net::ERR_CONNECTION_REFUSED @ http://localhost:5173/@vite/client:1034
[61815612ms] [ERROR] WebSocket connection to 'ws://localhost:5173/' failed: Error in connection establishment: net::ERR_CONNECTION_REFUSED @ http://localhost:5173/@vite/client:1034
[61823010ms] [ERROR] WebSocket connection to 'ws://localhost:5173/' failed: Error in connection establishment: net::ERR_CONNECTION_REFUSED @ http://localhost:5173/@vite/client:1034
[61830703ms] [ERROR] WebSocket connection to 'ws://localhost:5173/' failed: Error in connection establishment: net::ERR_CONNECTION_REFUSED @ http://localhost:5173/@vite/client:1034
[61836198ms] [ERROR] WebSocket connection to 'ws://localhost:5173/' failed: Error in connection establishment: net::ERR_CONNECTION_REFUSED @ http://localhost:5173/@vite/client:1034
[61842070ms] [ERROR] WebSocket connection to 'ws://localhost:5173/' failed: Error in connection establishment: net::ERR_CONNECTION_REFUSED @ http://localhost:5173/@vite/client:1034
[61850320ms] [ERROR] WebSocket connection to 'ws://localhost:5173/' failed: Error in connection establishment: net::ERR_CONNECTION_REFUSED @ http://localhost:5173/@vite/client:1034
[61855389ms] [ERROR] WebSocket connection to 'ws://localhost:5173/' failed: Error in connection establishment: net::ERR_CONNECTION_REFUSED @ http://localhost:5173/@vite/client:1034
[61863088ms] [ERROR] WebSocket connection to 'ws://localhost:5173/' failed: Error in connection establishment: net::ERR_CONNECTION_REFUSED @ http://localhost:5173/@vite/client:1034
[61870807ms] [ERROR] WebSocket connection to 'ws://localhost:5173/' failed: Error in connection establishment: net::ERR_CONNECTION_REFUSED @ http://localhost:5173/@vite/client:1034
[61876189ms] [ERROR] WebSocket connection to 'ws://localhost:5173/' failed: Error in connection establishment: net::ERR_CONNECTION_REFUSED @ http://localhost:5173/@vite/client:1034
[61881166ms] [ERROR] WebSocket connection to 'ws://localhost:5173/' failed: Error in connection establishment: net::ERR_CONNECTION_REFUSED @ http://localhost:5173/@vite/client:1034
[61886276ms] [ERROR] WebSocket connection to 'ws://localhost:5173/' failed: Error in connection establishment: net::ERR_CONNECTION_REFUSED @ http://localhost:5173/@vite/client:1034
[61891693ms] [ERROR] WebSocket connection to 'ws://localhost:5173/' failed: Error in connection establishment: net::ERR_CONNECTION_REFUSED @ http://localhost:5173/@vite/client:1034
[61899400ms] [ERROR] WebSocket connection to 'ws://localhost:5173/' failed: Error in connection establishment: net::ERR_CONNECTION_REFUSED @ http://localhost:5173/@vite/client:1034
[61907175ms] [ERROR] WebSocket connection to 'ws://localhost:5173/' failed: Error in connection establishment: net::ERR_CONNECTION_REFUSED @ http://localhost:5173/@vite/client:1034
[61911907ms] [ERROR] WebSocket connection to 'ws://localhost:5173/' failed: Error in connection establishment: net::ERR_CONNECTION_REFUSED @ http://localhost:5173/@vite/client:1034
[61919995ms] [ERROR] WebSocket connection to 'ws://localhost:5173/' failed: Error in connection establishment: net::ERR_CONNECTION_REFUSED @ http://localhost:5173/@vite/client:1034
[61927868ms] [ERROR] WebSocket connection to 'ws://localhost:5173/' failed: Error in connection establishment: net::ERR_CONNECTION_REFUSED @ http://localhost:5173/@vite/client:1034
[61935384ms] [ERROR] WebSocket connection to 'ws://localhost:5173/' failed: Error in connection establishment: net::ERR_CONNECTION_REFUSED @ http://localhost:5173/@vite/client:1034
[61943472ms] [ERROR] WebSocket connection to 'ws://localhost:5173/' failed: Error in connection establishment: net::ERR_CONNECTION_REFUSED @ http://localhost:5173/@vite/client:1034
[61948666ms] [ERROR] WebSocket connection to 'ws://localhost:5173/' failed: Error in connection establishment: net::ERR_CONNECTION_REFUSED @ http://localhost:5173/@vite/client:1034
[61956197ms] [ERROR] WebSocket connection to 'ws://localhost:5173/' failed: Error in connection establishment: net::ERR_CONNECTION_REFUSED @ http://localhost:5173/@vite/client:1034
[61961401ms] [ERROR] WebSocket connection to 'ws://localhost:5173/' failed: Error in connection establishment: net::ERR_CONNECTION_REFUSED @ http://localhost:5173/@vite/client:1034
[61969187ms] [ERROR] WebSocket connection to 'ws://localhost:5173/' failed: Error in connection establishment: net::ERR_CONNECTION_REFUSED @ http://localhost:5173/@vite/client:1034
[61975072ms] [ERROR] WebSocket connection to 'ws://localhost:5173/' failed: Error in connection establishment: net::ERR_CONNECTION_REFUSED @ http://localhost:5173/@vite/client:1034
[61983377ms] [ERROR] WebSocket connection to 'ws://localhost:5173/' failed: Error in connection establishment: net::ERR_CONNECTION_REFUSED @ http://localhost:5173/@vite/client:1034
[61988599ms] [ERROR] WebSocket connection to 'ws://localhost:5173/' failed: Error in connection establishment: net::ERR_CONNECTION_REFUSED @ http://localhost:5173/@vite/client:1034
[61997313ms] [ERROR] WebSocket connection to 'ws://localhost:5173/' failed: Error in connection establishment: net::ERR_CONNECTION_REFUSED @ http://localhost:5173/@vite/client:1034
[62004605ms] [ERROR] WebSocket connection to 'ws://localhost:5173/' failed: Error in connection establishment: net::ERR_CONNECTION_REFUSED @ http://localhost:5173/@vite/client:1034
[62010197ms] [ERROR] WebSocket connection to 'ws://localhost:5173/' failed: Error in connection establishment: net::ERR_CONNECTION_REFUSED @ http://localhost:5173/@vite/client:1034
[62015480ms] [ERROR] WebSocket connection to 'ws://localhost:5173/' failed: Error in connection establishment: net::ERR_CONNECTION_REFUSED @ http://localhost:5173/@vite/client:1034
[62022002ms] [ERROR] WebSocket connection to 'ws://localhost:5173/' failed: Error in connection establishment: net::ERR_CONNECTION_REFUSED @ http://localhost:5173/@vite/client:1034
[62026567ms] [ERROR] WebSocket connection to 'ws://localhost:5173/' failed: Error in connection establishment: net::ERR_CONNECTION_REFUSED @ http://localhost:5173/@vite/client:1034
[62032084ms] [ERROR] WebSocket connection to 'ws://localhost:5173/' failed: Error in connection establishment: net::ERR_CONNECTION_REFUSED @ http://localhost:5173/@vite/client:1034
[62039184ms] [ERROR] WebSocket connection to 'ws://localhost:5173/' failed: Error in connection establishment: net::ERR_CONNECTION_REFUSED @ http://localhost:5173/@vite/client:1034
[62045990ms] [ERROR] WebSocket connection to 'ws://localhost:5173/' failed: Error in connection establishment: net::ERR_CONNECTION_REFUSED @ http://localhost:5173/@vite/client:1034
[62053486ms] [ERROR] WebSocket connection to 'ws://localhost:5173/' failed: Error in connection establishment: net::ERR_CONNECTION_REFUSED @ http://localhost:5173/@vite/client:1034
[62059776ms] [ERROR] WebSocket connection to 'ws://localhost:5173/' failed: Error in connection establishment: net::ERR_CONNECTION_REFUSED @ http://localhost:5173/@vite/client:1034
[62068276ms] [ERROR] WebSocket connection to 'ws://localhost:5173/' failed: Error in connection establishment: net::ERR_CONNECTION_REFUSED @ http://localhost:5173/@vite/client:1034
[62074690ms] [ERROR] WebSocket connection to 'ws://localhost:5173/' failed: Error in connection establishment: net::ERR_CONNECTION_REFUSED @ http://localhost:5173/@vite/client:1034
[62079286ms] [ERROR] WebSocket connection to 'ws://localhost:5173/' failed: Error in connection establishment: net::ERR_CONNECTION_REFUSED @ http://localhost:5173/@vite/client:1034
[62084071ms] [ERROR] WebSocket connection to 'ws://localhost:5173/' failed: Error in connection establishment: net::ERR_CONNECTION_REFUSED @ http://localhost:5173/@vite/client:1034
[62089287ms] [ERROR] WebSocket connection to 'ws://localhost:5173/' failed: Error in connection establishment: net::ERR_CONNECTION_REFUSED @ http://localhost:5173/@vite/client:1034
[62096406ms] [ERROR] WebSocket connection to 'ws://localhost:5173/' failed: Error in connection establishment: net::ERR_CONNECTION_REFUSED @ http://localhost:5173/@vite/client:1034
[62102384ms] [ERROR] WebSocket connection to 'ws://localhost:5173/' failed: Error in connection establishment: net::ERR_CONNECTION_REFUSED @ http://localhost:5173/@vite/client:1034
[62107479ms] [ERROR] WebSocket connection to 'ws://localhost:5173/' failed: Error in connection establishment: net::ERR_CONNECTION_REFUSED @ http://localhost:5173/@vite/client:1034
[62114596ms] [ERROR] WebSocket connection to 'ws://localhost:5173/' failed: Error in connection establishment: net::ERR_CONNECTION_REFUSED @ http://localhost:5173/@vite/client:1034
[62123197ms] [ERROR] WebSocket connection to 'ws://localhost:5173/' failed: Error in connection establishment: net::ERR_CONNECTION_REFUSED @ http://localhost:5173/@vite/client:1034
[62129699ms] [ERROR] WebSocket connection to 'ws://localhost:5173/' failed: Error in connection establishment: net::ERR_CONNECTION_REFUSED @ http://localhost:5173/@vite/client:1034
[62136698ms] [ERROR] WebSocket connection to 'ws://localhost:5173/' failed: Error in connection establishment: net::ERR_CONNECTION_REFUSED @ http://localhost:5173/@vite/client:1034
[62141900ms] [ERROR] WebSocket connection to 'ws://localhost:5173/' failed: Error in connection establishment: net::ERR_CONNECTION_REFUSED @ http://localhost:5173/@vite/client:1034
[62147385ms] [ERROR] WebSocket connection to 'ws://localhost:5173/' failed: Error in connection establishment: net::ERR_CONNECTION_REFUSED @ http://localhost:5173/@vite/client:1034
[62153088ms] [ERROR] WebSocket connection to 'ws://localhost:5173/' failed: Error in connection establishment: net::ERR_CONNECTION_REFUSED @ http://localhost:5173/@vite/client:1034
[62161390ms] [ERROR] WebSocket connection to 'ws://localhost:5173/' failed: Error in connection establishment: net::ERR_CONNECTION_REFUSED @ http://localhost:5173/@vite/client:1034
[62169409ms] [ERROR] WebSocket connection to 'ws://localhost:5173/' failed: Error in connection establishment: net::ERR_CONNECTION_REFUSED @ http://localhost:5173/@vite/client:1034
[62177401ms] [ERROR] WebSocket connection to 'ws://localhost:5173/' failed: Error in connection establishment: net::ERR_CONNECTION_REFUSED @ http://localhost:5173/@vite/client:1034
[62183275ms] [ERROR] WebSocket connection to 'ws://localhost:5173/' failed: Error in connection establishment: net::ERR_CONNECTION_REFUSED @ http://localhost:5173/@vite/client:1034
[62188807ms] [ERROR] WebSocket connection to 'ws://localhost:5173/' failed: Error in connection establishment: net::ERR_CONNECTION_REFUSED @ http://localhost:5173/@vite/client:1034
[62195207ms] [ERROR] WebSocket connection to 'ws://localhost:5173/' failed: Error in connection establishment: net::ERR_CONNECTION_REFUSED @ http://localhost:5173/@vite/client:1034
[62201597ms] [ERROR] WebSocket connection to 'ws://localhost:5173/' failed: Error in connection establishment: net::ERR_CONNECTION_REFUSED @ http://localhost:5173/@vite/client:1034
[62208794ms] [ERROR] WebSocket connection to 'ws://localhost:5173/' failed: Error in connection establishment: net::ERR_CONNECTION_REFUSED @ http://localhost:5173/@vite/client:1034
[62216795ms] [ERROR] WebSocket connection to 'ws://localhost:5173/' failed: Error in connection establishment: net::ERR_CONNECTION_REFUSED @ http://localhost:5173/@vite/client:1034
[62221709ms] [ERROR] WebSocket connection to 'ws://localhost:5173/' failed: Error in connection establishment: net::ERR_CONNECTION_REFUSED @ http://localhost:5173/@vite/client:1034
[62229396ms] [ERROR] WebSocket connection to 'ws://localhost:5173/' failed: Error in connection establishment: net::ERR_CONNECTION_REFUSED @ http://localhost:5173/@vite/client:1034
[62234885ms] [ERROR] WebSocket connection to 'ws://localhost:5173/' failed: Error in connection establishment: net::ERR_CONNECTION_REFUSED @ http://localhost:5173/@vite/client:1034
[62239698ms] [ERROR] WebSocket connection to 'ws://localhost:5173/' failed: Error in connection establishment: net::ERR_CONNECTION_REFUSED @ http://localhost:5173/@vite/client:1034
[62244989ms] [ERROR] WebSocket connection to 'ws://localhost:5173/' failed: Error in connection establishment: net::ERR_CONNECTION_REFUSED @ http://localhost:5173/@vite/client:1034
[62253511ms] [ERROR] WebSocket connection to 'ws://localhost:5173/' failed: Error in connection establishment: net::ERR_CONNECTION_REFUSED @ http://localhost:5173/@vite/client:1034
[62257998ms] [ERROR] WebSocket connection to 'ws://localhost:5173/' failed: Error in connection establishment: net::ERR_CONNECTION_REFUSED @ http://localhost:5173/@vite/client:1034
[62263185ms] [ERROR] WebSocket connection to 'ws://localhost:5173/' failed: Error in connection establishment: net::ERR_CONNECTION_REFUSED @ http://localhost:5173/@vite/client:1034
[62271499ms] [ERROR] WebSocket connection to 'ws://localhost:5173/' failed: Error in connection establishment: net::ERR_CONNECTION_REFUSED @ http://localhost:5173/@vite/client:1034
[62277185ms] [ERROR] WebSocket connection to 'ws://localhost:5173/' failed: Error in connection establishment: net::ERR_CONNECTION_REFUSED @ http://localhost:5173/@vite/client:1034
[62284400ms] [ERROR] WebSocket connection to 'ws://localhost:5173/' failed: Error in connection establishment: net::ERR_CONNECTION_REFUSED @ http://localhost:5173/@vite/client:1034
[62291706ms] [ERROR] WebSocket connection to 'ws://localhost:5173/' failed: Error in connection establishment: net::ERR_CONNECTION_REFUSED @ http://localhost:5173/@vite/client:1034
[62296401ms] [ERROR] WebSocket connection to 'ws://localhost:5173/' failed: Error in connection establishment: net::ERR_CONNECTION_REFUSED @ http://localhost:5173/@vite/client:1034
[62304786ms] [ERROR] WebSocket connection to 'ws://localhost:5173/' failed: Error in connection establishment: net::ERR_CONNECTION_REFUSED @ http://localhost:5173/@vite/client:1034
[62312810ms] [ERROR] WebSocket connection to 'ws://localhost:5173/' failed: Error in connection establishment: net::ERR_CONNECTION_REFUSED @ http://localhost:5173/@vite/client:1034
[62319097ms] [ERROR] WebSocket connection to 'ws://localhost:5173/' failed: Error in connection establishment: net::ERR_CONNECTION_REFUSED @ http://localhost:5173/@vite/client:1034
[62325268ms] [ERROR] WebSocket connection to 'ws://localhost:5173/' failed: Error in connection establishment: net::ERR_CONNECTION_REFUSED @ http://localhost:5173/@vite/client:1034
[62332388ms] [ERROR] WebSocket connection to 'ws://localhost:5173/' failed: Error in connection establishment: net::ERR_CONNECTION_REFUSED @ http://localhost:5173/@vite/client:1034
[62339588ms] [ERROR] WebSocket connection to 'ws://localhost:5173/' failed: Error in connection establishment: net::ERR_CONNECTION_REFUSED @ http://localhost:5173/@vite/client:1034
[62346588ms] [ERROR] WebSocket connection to 'ws://localhost:5173/' failed: Error in connection establishment: net::ERR_CONNECTION_REFUSED @ http://localhost:5173/@vite/client:1034
[62354998ms] [ERROR] WebSocket connection to 'ws://localhost:5173/' failed: Error in connection establishment: net::ERR_CONNECTION_REFUSED @ http://localhost:5173/@vite/client:1034
[62362687ms] [ERROR] WebSocket connection to 'ws://localhost:5173/' failed: Error in connection establishment: net::ERR_CONNECTION_REFUSED @ http://localhost:5173/@vite/client:1034
[62367272ms] [ERROR] WebSocket connection to 'ws://localhost:5173/' failed: Error in connection establishment: net::ERR_CONNECTION_REFUSED @ http://localhost:5173/@vite/client:1034
[62373385ms] [ERROR] WebSocket connection to 'ws://localhost:5173/' failed: Error in connection establishment: net::ERR_CONNECTION_REFUSED @ http://localhost:5173/@vite/client:1034
[62380980ms] [ERROR] WebSocket connection to 'ws://localhost:5173/' failed: Error in connection establishment: net::ERR_CONNECTION_REFUSED @ http://localhost:5173/@vite/client:1034
[62387973ms] [ERROR] WebSocket connection to 'ws://localhost:5173/' failed: Error in connection establishment: net::ERR_CONNECTION_REFUSED @ http://localhost:5173/@vite/client:1034
[62393712ms] [ERROR] WebSocket connection to 'ws://localhost:5173/' failed: Error in connection establishment: net::ERR_CONNECTION_REFUSED @ http://localhost:5173/@vite/client:1034
[62399197ms] [ERROR] WebSocket connection to 'ws://localhost:5173/' failed: Error in connection establishment: net::ERR_CONNECTION_REFUSED @ http://localhost:5173/@vite/client:1034
[62407392ms] [ERROR] WebSocket connection to 'ws://localhost:5173/' failed: Error in connection establishment: net::ERR_CONNECTION_REFUSED @ http://localhost:5173/@vite/client:1034
[62413108ms] [ERROR] WebSocket connection to 'ws://localhost:5173/' failed: Error in connection establishment: net::ERR_CONNECTION_REFUSED @ http://localhost:5173/@vite/client:1034
[62421089ms] [ERROR] WebSocket connection to 'ws://localhost:5173/' failed: Error in connection establishment: net::ERR_CONNECTION_REFUSED @ http://localhost:5173/@vite/client:1034
[62429890ms] [ERROR] WebSocket connection to 'ws://localhost:5173/' failed: Error in connection establishment: net::ERR_CONNECTION_REFUSED @ http://localhost:5173/@vite/client:1034
[62438494ms] [ERROR] WebSocket connection to 'ws://localhost:5173/' failed: Error in connection establishment: net::ERR_CONNECTION_REFUSED @ http://localhost:5173/@vite/client:1034
[62445978ms] [ERROR] WebSocket connection to 'ws://localhost:5173/' failed: Error in connection establishment: net::ERR_CONNECTION_REFUSED @ http://localhost:5173/@vite/client:1034
[62451411ms] [ERROR] WebSocket connection to 'ws://localhost:5173/' failed: Error in connection establishment: net::ERR_CONNECTION_REFUSED @ http://localhost:5173/@vite/client:1034
[62458397ms] [ERROR] WebSocket connection to 'ws://localhost:5173/' failed: Error in connection establishment: net::ERR_CONNECTION_REFUSED @ http://localhost:5173/@vite/client:1034
[62464871ms] [ERROR] WebSocket connection to 'ws://localhost:5173/' failed: Error in connection establishment: net::ERR_CONNECTION_REFUSED @ http://localhost:5173/@vite/client:1034
[62472995ms] [ERROR] WebSocket connection to 'ws://localhost:5173/' failed: Error in connection establishment: net::ERR_CONNECTION_REFUSED @ http://localhost:5173/@vite/client:1034
[62479078ms] [ERROR] WebSocket connection to 'ws://localhost:5173/' failed: Error in connection establishment: net::ERR_CONNECTION_REFUSED @ http://localhost:5173/@vite/client:1034
[62485808ms] [ERROR] WebSocket connection to 'ws://localhost:5173/' failed: Error in connection establishment: net::ERR_CONNECTION_REFUSED @ http://localhost:5173/@vite/client:1034
[62494097ms] [ERROR] WebSocket connection to 'ws://localhost:5173/' failed: Error in connection establishment: net::ERR_CONNECTION_REFUSED @ http://localhost:5173/@vite/client:1034
[62499994ms] [ERROR] WebSocket connection to 'ws://localhost:5173/' failed: Error in connection establishment: net::ERR_CONNECTION_REFUSED @ http://localhost:5173/@vite/client:1034
[62507580ms] [ERROR] WebSocket connection to 'ws://localhost:5173/' failed: Error in connection establishment: net::ERR_CONNECTION_REFUSED @ http://localhost:5173/@vite/client:1034
[62514089ms] [ERROR] WebSocket connection to 'ws://localhost:5173/' failed: Error in connection establishment: net::ERR_CONNECTION_REFUSED @ http://localhost:5173/@vite/client:1034
[62521400ms] [ERROR] WebSocket connection to 'ws://localhost:5173/' failed: Error in connection establishment: net::ERR_CONNECTION_REFUSED @ http://localhost:5173/@vite/client:1034
[62527411ms] [ERROR] WebSocket connection to 'ws://localhost:5173/' failed: Error in connection establishment: net::ERR_CONNECTION_REFUSED @ http://localhost:5173/@vite/client:1034
[62534967ms] [ERROR] WebSocket connection to 'ws://localhost:5173/' failed: Error in connection establishment: net::ERR_CONNECTION_REFUSED @ http://localhost:5173/@vite/client:1034
[62541789ms] [ERROR] WebSocket connection to 'ws://localhost:5173/' failed: Error in connection establishment: net::ERR_CONNECTION_REFUSED @ http://localhost:5173/@vite/client:1034
[62546699ms] [ERROR] WebSocket connection to 'ws://localhost:5173/' failed: Error in connection establishment: net::ERR_CONNECTION_REFUSED @ http://localhost:5173/@vite/client:1034
[62551803ms] [ERROR] WebSocket connection to 'ws://localhost:5173/' failed: Error in connection establishment: net::ERR_CONNECTION_REFUSED @ http://localhost:5173/@vite/client:1034
[62559686ms] [ERROR] WebSocket connection to 'ws://localhost:5173/' failed: Error in connection establishment: net::ERR_CONNECTION_REFUSED @ http://localhost:5173/@vite/client:1034
[62565701ms] [ERROR] WebSocket connection to 'ws://localhost:5173/' failed: Error in connection establishment: net::ERR_CONNECTION_REFUSED @ http://localhost:5173/@vite/client:1034
[62573885ms] [ERROR] WebSocket connection to 'ws://localhost:5173/' failed: Error in connection establishment: net::ERR_CONNECTION_REFUSED @ http://localhost:5173/@vite/client:1034
[62580270ms] [ERROR] WebSocket connection to 'ws://localhost:5173/' failed: Error in connection establishment: net::ERR_CONNECTION_REFUSED @ http://localhost:5173/@vite/client:1034
[62587900ms] [ERROR] WebSocket connection to 'ws://localhost:5173/' failed: Error in connection establishment: net::ERR_CONNECTION_REFUSED @ http://localhost:5173/@vite/client:1034
[62592665ms] [ERROR] WebSocket connection to 'ws://localhost:5173/' failed: Error in connection establishment: net::ERR_CONNECTION_REFUSED @ http://localhost:5173/@vite/client:1034
[62600373ms] [ERROR] WebSocket connection to 'ws://localhost:5173/' failed: Error in connection establishment: net::ERR_CONNECTION_REFUSED @ http://localhost:5173/@vite/client:1034
[62605689ms] [ERROR] WebSocket connection to 'ws://localhost:5173/' failed: Error in connection establishment: net::ERR_CONNECTION_REFUSED @ http://localhost:5173/@vite/client:1034
[62612908ms] [ERROR] WebSocket connection to 'ws://localhost:5173/' failed: Error in connection establishment: net::ERR_CONNECTION_REFUSED @ http://localhost:5173/@vite/client:1034
[62619789ms] [ERROR] WebSocket connection to 'ws://localhost:5173/' failed: Error in connection establishment: net::ERR_CONNECTION_REFUSED @ http://localhost:5173/@vite/client:1034
[62628093ms] [ERROR] WebSocket connection to 'ws://localhost:5173/' failed: Error in connection establishment: net::ERR_CONNECTION_REFUSED @ http://localhost:5173/@vite/client:1034
[62636190ms] [ERROR] WebSocket connection to 'ws://localhost:5173/' failed: Error in connection establishment: net::ERR_CONNECTION_REFUSED @ http://localhost:5173/@vite/client:1034
[62643020ms] [ERROR] WebSocket connection to 'ws://localhost:5173/' failed: Error in connection establishment: net::ERR_CONNECTION_REFUSED @ http://localhost:5173/@vite/client:1034
[62649417ms] [ERROR] WebSocket connection to 'ws://localhost:5173/' failed: Error in connection establishment: net::ERR_CONNECTION_REFUSED @ http://localhost:5173/@vite/client:1034
[62656188ms] [ERROR] WebSocket connection to 'ws://localhost:5173/' failed: Error in connection establishment: net::ERR_CONNECTION_REFUSED @ http://localhost:5173/@vite/client:1034
[62661776ms] [ERROR] WebSocket connection to 'ws://localhost:5173/' failed: Error in connection establishment: net::ERR_CONNECTION_REFUSED @ http://localhost:5173/@vite/client:1034
[62669667ms] [ERROR] WebSocket connection to 'ws://localhost:5173/' failed: Error in connection establishment: net::ERR_CONNECTION_REFUSED @ http://localhost:5173/@vite/client:1034
[62676401ms] [ERROR] WebSocket connection to 'ws://localhost:5173/' failed: Error in connection establishment: net::ERR_CONNECTION_REFUSED @ http://localhost:5173/@vite/client:1034
[62684695ms] [ERROR] WebSocket connection to 'ws://localhost:5173/' failed: Error in connection establishment: net::ERR_CONNECTION_REFUSED @ http://localhost:5173/@vite/client:1034
[62692900ms] [ERROR] WebSocket connection to 'ws://localhost:5173/' failed: Error in connection establishment: net::ERR_CONNECTION_REFUSED @ http://localhost:5173/@vite/client:1034
[62698728ms] [ERROR] WebSocket connection to 'ws://localhost:5173/' failed: Error in connection establishment: net::ERR_CONNECTION_REFUSED @ http://localhost:5173/@vite/client:1034
[62706594ms] [ERROR] WebSocket connection to 'ws://localhost:5173/' failed: Error in connection establishment: net::ERR_CONNECTION_REFUSED @ http://localhost:5173/@vite/client:1034
[62713179ms] [ERROR] WebSocket connection to 'ws://localhost:5173/' failed: Error in connection establishment: net::ERR_CONNECTION_REFUSED @ http://localhost:5173/@vite/client:1034
[62720897ms] [ERROR] WebSocket connection to 'ws://localhost:5173/' failed: Error in connection establishment: net::ERR_CONNECTION_REFUSED @ http://localhost:5173/@vite/client:1034
[62726065ms] [ERROR] WebSocket connection to 'ws://localhost:5173/' failed: Error in connection establishment: net::ERR_CONNECTION_REFUSED @ http://localhost:5173/@vite/client:1034
[62732385ms] [ERROR] WebSocket connection to 'ws://localhost:5173/' failed: Error in connection establishment: net::ERR_CONNECTION_REFUSED @ http://localhost:5173/@vite/client:1034
[62738512ms] [ERROR] WebSocket connection to 'ws://localhost:5173/' failed: Error in connection establishment: net::ERR_CONNECTION_REFUSED @ http://localhost:5173/@vite/client:1034
[62747096ms] [ERROR] WebSocket connection to 'ws://localhost:5173/' failed: Error in connection establishment: net::ERR_CONNECTION_REFUSED @ http://localhost:5173/@vite/client:1034
[62753566ms] [ERROR] WebSocket connection to 'ws://localhost:5173/' failed: Error in connection establishment: net::ERR_CONNECTION_REFUSED @ http://localhost:5173/@vite/client:1034
[62760085ms] [ERROR] WebSocket connection to 'ws://localhost:5173/' failed: Error in connection establishment: net::ERR_CONNECTION_REFUSED @ http://localhost:5173/@vite/client:1034
[62764994ms] [ERROR] WebSocket connection to 'ws://localhost:5173/' failed: Error in connection establishment: net::ERR_CONNECTION_REFUSED @ http://localhost:5173/@vite/client:1034
[62770980ms] [ERROR] WebSocket connection to 'ws://localhost:5173/' failed: Error in connection establishment: net::ERR_CONNECTION_REFUSED @ http://localhost:5173/@vite/client:1034
[62776275ms] [ERROR] WebSocket connection to 'ws://localhost:5173/' failed: Error in connection establishment: net::ERR_CONNECTION_REFUSED @ http://localhost:5173/@vite/client:1034
[62781596ms] [ERROR] WebSocket connection to 'ws://localhost:5173/' failed: Error in connection establishment: net::ERR_CONNECTION_REFUSED @ http://localhost:5173/@vite/client:1034
[62788779ms] [ERROR] WebSocket connection to 'ws://localhost:5173/' failed: Error in connection establishment: net::ERR_CONNECTION_REFUSED @ http://localhost:5173/@vite/client:1034
[62796069ms] [ERROR] WebSocket connection to 'ws://localhost:5173/' failed: Error in connection establishment: net::ERR_CONNECTION_REFUSED @ http://localhost:5173/@vite/client:1034
[62803275ms] [ERROR] WebSocket connection to 'ws://localhost:5173/' failed: Error in connection establishment: net::ERR_CONNECTION_REFUSED @ http://localhost:5173/@vite/client:1034
[62810587ms] [ERROR] WebSocket connection to 'ws://localhost:5173/' failed: Error in connection establishment: net::ERR_CONNECTION_REFUSED @ http://localhost:5173/@vite/client:1034
[62815667ms] [ERROR] WebSocket connection to 'ws://localhost:5173/' failed: Error in connection establishment: net::ERR_CONNECTION_REFUSED @ http://localhost:5173/@vite/client:1034
[62821001ms] [ERROR] WebSocket connection to 'ws://localhost:5173/' failed: Error in connection establishment: net::ERR_CONNECTION_REFUSED @ http://localhost:5173/@vite/client:1034
[62829589ms] [ERROR] WebSocket connection to 'ws://localhost:5173/' failed: Error in connection establishment: net::ERR_CONNECTION_REFUSED @ http://localhost:5173/@vite/client:1034
[62837510ms] [ERROR] WebSocket connection to 'ws://localhost:5173/' failed: Error in connection establishment: net::ERR_CONNECTION_REFUSED @ http://localhost:5173/@vite/client:1034
[62843396ms] [ERROR] WebSocket connection to 'ws://localhost:5173/' failed: Error in connection establishment: net::ERR_CONNECTION_REFUSED @ http://localhost:5173/@vite/client:1034
[62848704ms] [ERROR] WebSocket connection to 'ws://localhost:5173/' failed: Error in connection establishment: net::ERR_CONNECTION_REFUSED @ http://localhost:5173/@vite/client:1034
[62854589ms] [ERROR] WebSocket connection to 'ws://localhost:5173/' failed: Error in connection establishment: net::ERR_CONNECTION_REFUSED @ http://localhost:5173/@vite/client:1034
[62861400ms] [ERROR] WebSocket connection to 'ws://localhost:5173/' failed: Error in connection establishment: net::ERR_CONNECTION_REFUSED @ http://localhost:5173/@vite/client:1034
[62866506ms] [ERROR] WebSocket connection to 'ws://localhost:5173/' failed: Error in connection establishment: net::ERR_CONNECTION_REFUSED @ http://localhost:5173/@vite/client:1034
[62872188ms] [ERROR] WebSocket connection to 'ws://localhost:5173/' failed: Error in connection establishment: net::ERR_CONNECTION_REFUSED @ http://localhost:5173/@vite/client:1034
[62876791ms] [ERROR] WebSocket connection to 'ws://localhost:5173/' failed: Error in connection establishment: net::ERR_CONNECTION_REFUSED @ http://localhost:5173/@vite/client:1034
[62882191ms] [ERROR] WebSocket connection to 'ws://localhost:5173/' failed: Error in connection establishment: net::ERR_CONNECTION_REFUSED @ http://localhost:5173/@vite/client:1034
[62888208ms] [ERROR] WebSocket connection to 'ws://localhost:5173/' failed: Error in connection establishment: net::ERR_CONNECTION_REFUSED @ http://localhost:5173/@vite/client:1034
[62895690ms] [ERROR] WebSocket connection to 'ws://localhost:5173/' failed: Error in connection establishment: net::ERR_CONNECTION_REFUSED @ http://localhost:5173/@vite/client:1034
[62900510ms] [ERROR] WebSocket connection to 'ws://localhost:5173/' failed: Error in connection establishment: net::ERR_CONNECTION_REFUSED @ http://localhost:5173/@vite/client:1034
[62907093ms] [ERROR] WebSocket connection to 'ws://localhost:5173/' failed: Error in connection establishment: net::ERR_CONNECTION_REFUSED @ http://localhost:5173/@vite/client:1034
[62913378ms] [ERROR] WebSocket connection to 'ws://localhost:5173/' failed: Error in connection establishment: net::ERR_CONNECTION_REFUSED @ http://localhost:5173/@vite/client:1034
[62919509ms] [ERROR] WebSocket connection to 'ws://localhost:5173/' failed: Error in connection establishment: net::ERR_CONNECTION_REFUSED @ http://localhost:5173/@vite/client:1034
[62924694ms] [ERROR] WebSocket connection to 'ws://localhost:5173/' failed: Error in connection establishment: net::ERR_CONNECTION_REFUSED @ http://localhost:5173/@vite/client:1034
[62932478ms] [ERROR] WebSocket connection to 'ws://localhost:5173/' failed: Error in connection establishment: net::ERR_CONNECTION_REFUSED @ http://localhost:5173/@vite/client:1034
[62938588ms] [ERROR] WebSocket connection to 'ws://localhost:5173/' failed: Error in connection establishment: net::ERR_CONNECTION_REFUSED @ http://localhost:5173/@vite/client:1034
[62946113ms] [ERROR] WebSocket connection to 'ws://localhost:5173/' failed: Error in connection establishment: net::ERR_CONNECTION_REFUSED @ http://localhost:5173/@vite/client:1034
[62953367ms] [ERROR] WebSocket connection to 'ws://localhost:5173/' failed: Error in connection establishment: net::ERR_CONNECTION_REFUSED @ http://localhost:5173/@vite/client:1034
[62958373ms] [ERROR] WebSocket connection to 'ws://localhost:5173/' failed: Error in connection establishment: net::ERR_CONNECTION_REFUSED @ http://localhost:5173/@vite/client:1034
[62966179ms] [ERROR] WebSocket connection to 'ws://localhost:5173/' failed: Error in connection establishment: net::ERR_CONNECTION_REFUSED @ http://localhost:5173/@vite/client:1034
[62971223ms] [ERROR] WebSocket connection to 'ws://localhost:5173/' failed: Error in connection establishment: net::ERR_CONNECTION_REFUSED @ http://localhost:5173/@vite/client:1034
[62978582ms] [ERROR] WebSocket connection to 'ws://localhost:5173/' failed: Error in connection establishment: net::ERR_CONNECTION_REFUSED @ http://localhost:5173/@vite/client:1034
[62986066ms] [ERROR] WebSocket connection to 'ws://localhost:5173/' failed: Error in connection establishment: net::ERR_CONNECTION_REFUSED @ http://localhost:5173/@vite/client:1034
[62993083ms] [ERROR] WebSocket connection to 'ws://localhost:5173/' failed: Error in connection establishment: net::ERR_CONNECTION_REFUSED @ http://localhost:5173/@vite/client:1034
[63000480ms] [ERROR] WebSocket connection to 'ws://localhost:5173/' failed: Error in connection establishment: net::ERR_CONNECTION_REFUSED @ http://localhost:5173/@vite/client:1034
[63006598ms] [ERROR] WebSocket connection to 'ws://localhost:5173/' failed: Error in connection establishment: net::ERR_CONNECTION_REFUSED @ http://localhost:5173/@vite/client:1034
[63011821ms] [ERROR] WebSocket connection to 'ws://localhost:5173/' failed: Error in connection establishment: net::ERR_CONNECTION_REFUSED @ http://localhost:5173/@vite/client:1034
[63017202ms] [ERROR] WebSocket connection to 'ws://localhost:5173/' failed: Error in connection establishment: net::ERR_CONNECTION_REFUSED @ http://localhost:5173/@vite/client:1034
[63025685ms] [ERROR] WebSocket connection to 'ws://localhost:5173/' failed: Error in connection establishment: net::ERR_CONNECTION_REFUSED @ http://localhost:5173/@vite/client:1034
[63031701ms] [ERROR] WebSocket connection to 'ws://localhost:5173/' failed: Error in connection establishment: net::ERR_CONNECTION_REFUSED @ http://localhost:5173/@vite/client:1034
[63039401ms] [ERROR] WebSocket connection to 'ws://localhost:5173/' failed: Error in connection establishment: net::ERR_CONNECTION_REFUSED @ http://localhost:5173/@vite/client:1034
[63046098ms] [ERROR] WebSocket connection to 'ws://localhost:5173/' failed: Error in connection establishment: net::ERR_CONNECTION_REFUSED @ http://localhost:5173/@vite/client:1034
[63051614ms] [ERROR] WebSocket connection to 'ws://localhost:5173/' failed: Error in connection establishment: net::ERR_CONNECTION_REFUSED @ http://localhost:5173/@vite/client:1034
[63056616ms] [ERROR] WebSocket connection to 'ws://localhost:5173/' failed: Error in connection establishment: net::ERR_CONNECTION_REFUSED @ http://localhost:5173/@vite/client:1034
[63062912ms] [ERROR] WebSocket connection to 'ws://localhost:5173/' failed: Error in connection establishment: net::ERR_CONNECTION_REFUSED @ http://localhost:5173/@vite/client:1034
[63071214ms] [ERROR] WebSocket connection to 'ws://localhost:5173/' failed: Error in connection establishment: net::ERR_CONNECTION_REFUSED @ http://localhost:5173/@vite/client:1034
[63079279ms] [ERROR] WebSocket connection to 'ws://localhost:5173/' failed: Error in connection establishment: net::ERR_CONNECTION_REFUSED @ http://localhost:5173/@vite/client:1034
[63085812ms] [ERROR] WebSocket connection to 'ws://localhost:5173/' failed: Error in connection establishment: net::ERR_CONNECTION_REFUSED @ http://localhost:5173/@vite/client:1034
[63094209ms] [ERROR] WebSocket connection to 'ws://localhost:5173/' failed: Error in connection establishment: net::ERR_CONNECTION_REFUSED @ http://localhost:5173/@vite/client:1034
[63101013ms] [ERROR] WebSocket connection to 'ws://localhost:5173/' failed: Error in connection establishment: net::ERR_CONNECTION_REFUSED @ http://localhost:5173/@vite/client:1034
[63108595ms] [ERROR] WebSocket connection to 'ws://localhost:5173/' failed: Error in connection establishment: net::ERR_CONNECTION_REFUSED @ http://localhost:5173/@vite/client:1034
[63117011ms] [ERROR] WebSocket connection to 'ws://localhost:5173/' failed: Error in connection establishment: net::ERR_CONNECTION_REFUSED @ http://localhost:5173/@vite/client:1034
[63124711ms] [ERROR] WebSocket connection to 'ws://localhost:5173/' failed: Error in connection establishment: net::ERR_CONNECTION_REFUSED @ http://localhost:5173/@vite/client:1034
[63129701ms] [ERROR] WebSocket connection to 'ws://localhost:5173/' failed: Error in connection establishment: net::ERR_CONNECTION_REFUSED @ http://localhost:5173/@vite/client:1034
[63136427ms] [ERROR] WebSocket connection to 'ws://localhost:5173/' failed: Error in connection establishment: net::ERR_CONNECTION_REFUSED @ http://localhost:5173/@vite/client:1034
[63145097ms] [ERROR] WebSocket connection to 'ws://localhost:5173/' failed: Error in connection establishment: net::ERR_CONNECTION_REFUSED @ http://localhost:5173/@vite/client:1034
[63153078ms] [ERROR] WebSocket connection to 'ws://localhost:5173/' failed: Error in connection establishment: net::ERR_CONNECTION_REFUSED @ http://localhost:5173/@vite/client:1034
[63158216ms] [ERROR] WebSocket connection to 'ws://localhost:5173/' failed: Error in connection establishment: net::ERR_CONNECTION_REFUSED @ http://localhost:5173/@vite/client:1034
[63165016ms] [ERROR] WebSocket connection to 'ws://localhost:5173/' failed: Error in connection establishment: net::ERR_CONNECTION_REFUSED @ http://localhost:5173/@vite/client:1034
[63169913ms] [ERROR] WebSocket connection to 'ws://localhost:5173/' failed: Error in connection establishment: net::ERR_CONNECTION_REFUSED @ http://localhost:5173/@vite/client:1034
[63174669ms] [ERROR] WebSocket connection to 'ws://localhost:5173/' failed: Error in connection establishment: net::ERR_CONNECTION_REFUSED @ http://localhost:5173/@vite/client:1034
[63179519ms] [ERROR] WebSocket connection to 'ws://localhost:5173/' failed: Error in connection establishment: net::ERR_CONNECTION_REFUSED @ http://localhost:5173/@vite/client:1034
[63187559ms] [ERROR] WebSocket connection to 'ws://localhost:5173/' failed: Error in connection establishment: net::ERR_CONNECTION_REFUSED @ http://localhost:5173/@vite/client:1034
[63195522ms] [ERROR] WebSocket connection to 'ws://localhost:5173/' failed: Error in connection establishment: net::ERR_CONNECTION_REFUSED @ http://localhost:5173/@vite/client:1034
[63203718ms] [ERROR] WebSocket connection to 'ws://localhost:5173/' failed: Error in connection establishment: net::ERR_CONNECTION_REFUSED @ http://localhost:5173/@vite/client:1034
[63209901ms] [ERROR] WebSocket connection to 'ws://localhost:5173/' failed: Error in connection establishment: net::ERR_CONNECTION_REFUSED @ http://localhost:5173/@vite/client:1034
[63214681ms] [ERROR] WebSocket connection to 'ws://localhost:5173/' failed: Error in connection establishment: net::ERR_CONNECTION_REFUSED @ http://localhost:5173/@vite/client:1034
[63222316ms] [ERROR] WebSocket connection to 'ws://localhost:5173/' failed: Error in connection establishment: net::ERR_CONNECTION_REFUSED @ http://localhost:5173/@vite/client:1034
[63230211ms] [ERROR] WebSocket connection to 'ws://localhost:5173/' failed: Error in connection establishment: net::ERR_CONNECTION_REFUSED @ http://localhost:5173/@vite/client:1034
[63235484ms] [ERROR] WebSocket connection to 'ws://localhost:5173/' failed: Error in connection establishment: net::ERR_CONNECTION_REFUSED @ http://localhost:5173/@vite/client:1034
[63241614ms] [ERROR] WebSocket connection to 'ws://localhost:5173/' failed: Error in connection establishment: net::ERR_CONNECTION_REFUSED @ http://localhost:5173/@vite/client:1034
[63249223ms] [ERROR] WebSocket connection to 'ws://localhost:5173/' failed: Error in connection establishment: net::ERR_CONNECTION_REFUSED @ http://localhost:5173/@vite/client:1034
[63256196ms] [ERROR] WebSocket connection to 'ws://localhost:5173/' failed: Error in connection establishment: net::ERR_CONNECTION_REFUSED @ http://localhost:5173/@vite/client:1034
[63264838ms] [ERROR] WebSocket connection to 'ws://localhost:5173/' failed: Error in connection establishment: net::ERR_CONNECTION_REFUSED @ http://localhost:5173/@vite/client:1034
[63270981ms] [ERROR] WebSocket connection to 'ws://localhost:5173/' failed: Error in connection establishment: net::ERR_CONNECTION_REFUSED @ http://localhost:5173/@vite/client:1034
[63277109ms] [ERROR] WebSocket connection to 'ws://localhost:5173/' failed: Error in connection establishment: net::ERR_CONNECTION_REFUSED @ http://localhost:5173/@vite/client:1034
[63283911ms] [ERROR] WebSocket connection to 'ws://localhost:5173/' failed: Error in connection establishment: net::ERR_CONNECTION_REFUSED @ http://localhost:5173/@vite/client:1034
[63291521ms] [ERROR] WebSocket connection to 'ws://localhost:5173/' failed: Error in connection establishment: net::ERR_CONNECTION_REFUSED @ http://localhost:5173/@vite/client:1034
[63298899ms] [ERROR] WebSocket connection to 'ws://localhost:5173/' failed: Error in connection establishment: net::ERR_CONNECTION_REFUSED @ http://localhost:5173/@vite/client:1034
[63307182ms] [ERROR] WebSocket connection to 'ws://localhost:5173/' failed: Error in connection establishment: net::ERR_CONNECTION_REFUSED @ http://localhost:5173/@vite/client:1034
[63312100ms] [ERROR] WebSocket connection to 'ws://localhost:5173/' failed: Error in connection establishment: net::ERR_CONNECTION_REFUSED @ http://localhost:5173/@vite/client:1034
[63319308ms] [ERROR] WebSocket connection to 'ws://localhost:5173/' failed: Error in connection establishment: net::ERR_CONNECTION_REFUSED @ http://localhost:5173/@vite/client:1034
[63325817ms] [ERROR] WebSocket connection to 'ws://localhost:5173/' failed: Error in connection establishment: net::ERR_CONNECTION_REFUSED @ http://localhost:5173/@vite/client:1034
[63333096ms] [ERROR] WebSocket connection to 'ws://localhost:5173/' failed: Error in connection establishment: net::ERR_CONNECTION_REFUSED @ http://localhost:5173/@vite/client:1034
[63338476ms] [ERROR] WebSocket connection to 'ws://localhost:5173/' failed: Error in connection establishment: net::ERR_CONNECTION_REFUSED @ http://localhost:5173/@vite/client:1034
[63344913ms] [ERROR] WebSocket connection to 'ws://localhost:5173/' failed: Error in connection establishment: net::ERR_CONNECTION_REFUSED @ http://localhost:5173/@vite/client:1034
[63353297ms] [ERROR] WebSocket connection to 'ws://localhost:5173/' failed: Error in connection establishment: net::ERR_CONNECTION_REFUSED @ http://localhost:5173/@vite/client:1034
[63359611ms] [ERROR] WebSocket connection to 'ws://localhost:5173/' failed: Error in connection establishment: net::ERR_CONNECTION_REFUSED @ http://localhost:5173/@vite/client:1034
[63364001ms] [ERROR] WebSocket connection to 'ws://localhost:5173/' failed: Error in connection establishment: net::ERR_NETWORK_IO_SUSPENDED @ http://localhost:5173/@vite/client:1034
[68738839ms] [ERROR] WebSocket connection to 'ws://localhost:5173/' failed: Error in connection establishment: net::ERR_CONNECTION_REFUSED @ http://localhost:5173/@vite/client:1034
[68742745ms] [ERROR] WebSocket connection to 'ws://localhost:5173/' failed: Error in connection establishment: net::ERR_CONNECTION_REFUSED @ http://localhost:5173/@vite/client:1034
[68746535ms] [ERROR] WebSocket connection to 'ws://localhost:5173/' failed: Error in connection establishment: net::ERR_CONNECTION_REFUSED @ http://localhost:5173/@vite/client:1034
[68750583ms] [ERROR] WebSocket connection to 'ws://localhost:5173/' failed: Error in connection establishment: net::ERR_CONNECTION_REFUSED @ http://localhost:5173/@vite/client:1034
[68754361ms] [ERROR] WebSocket connection to 'ws://localhost:5173/' failed: Error in connection establishment: net::ERR_CONNECTION_REFUSED @ http://localhost:5173/@vite/client:1034
[68758045ms] [ERROR] WebSocket connection to 'ws://localhost:5173/' failed: Error in connection establishment: net::ERR_CONNECTION_REFUSED @ http://localhost:5173/@vite/client:1034
[68761561ms] [ERROR] WebSocket connection to 'ws://localhost:5173/' failed: Error in connection establishment: net::ERR_CONNECTION_REFUSED @ http://localhost:5173/@vite/client:1034
[68765145ms] [ERROR] WebSocket connection to 'ws://localhost:5173/' failed: Error in connection establishment: net::ERR_CONNECTION_REFUSED @ http://localhost:5173/@vite/client:1034
[68768844ms] [ERROR] WebSocket connection to 'ws://localhost:5173/' failed: Error in connection establishment: net::ERR_CONNECTION_REFUSED @ http://localhost:5173/@vite/client:1034
[68772547ms] [ERROR] WebSocket connection to 'ws://localhost:5173/' failed: Error in connection establishment: net::ERR_CONNECTION_REFUSED @ http://localhost:5173/@vite/client:1034
[68776236ms] [ERROR] WebSocket connection to 'ws://localhost:5173/' failed: Error in connection establishment: net::ERR_CONNECTION_REFUSED @ http://localhost:5173/@vite/client:1034
[68780144ms] [ERROR] WebSocket connection to 'ws://localhost:5173/' failed: Error in connection establishment: net::ERR_CONNECTION_REFUSED @ http://localhost:5173/@vite/client:1034
[68783833ms] [ERROR] WebSocket connection to 'ws://localhost:5173/' failed: Error in connection establishment: net::ERR_CONNECTION_REFUSED @ http://localhost:5173/@vite/client:1034
[68787562ms] [ERROR] WebSocket connection to 'ws://localhost:5173/' failed: Error in connection establishment: net::ERR_CONNECTION_REFUSED @ http://localhost:5173/@vite/client:1034
[68791662ms] [ERROR] WebSocket connection to 'ws://localhost:5173/' failed: Error in connection establishment: net::ERR_CONNECTION_REFUSED @ http://localhost:5173/@vite/client:1034
[68797443ms] [ERROR] WebSocket connection to 'ws://localhost:5173/' failed: Error in connection establishment: net::ERR_CONNECTION_REFUSED @ http://localhost:5173/@vite/client:1034
[68805736ms] [ERROR] WebSocket connection to 'ws://localhost:5173/' failed: Error in connection establishment: net::ERR_CONNECTION_REFUSED @ http://localhost:5173/@vite/client:1034
[68812246ms] [ERROR] WebSocket connection to 'ws://localhost:5173/' failed: Error in connection establishment: net::ERR_CONNECTION_REFUSED @ http://localhost:5173/@vite/client:1034
[68820851ms] [ERROR] WebSocket connection to 'ws://localhost:5173/' failed: Error in connection establishment: net::ERR_CONNECTION_REFUSED @ http://localhost:5173/@vite/client:1034
[68826531ms] [ERROR] WebSocket connection to 'ws://localhost:5173/' failed: Error in connection establishment: net::ERR_CONNECTION_REFUSED @ http://localhost:5173/@vite/client:1034
[68832646ms] [ERROR] WebSocket connection to 'ws://localhost:5173/' failed: Error in connection establishment: net::ERR_CONNECTION_REFUSED @ http://localhost:5173/@vite/client:1034
[68840637ms] [ERROR] WebSocket connection to 'ws://localhost:5173/' failed: Error in connection establishment: net::ERR_CONNECTION_REFUSED @ http://localhost:5173/@vite/client:1034
[68847497ms] [ERROR] WebSocket connection to 'ws://localhost:5173/' failed: Error in connection establishment: net::ERR_CONNECTION_REFUSED @ http://localhost:5173/@vite/client:1034
[68854937ms] [ERROR] WebSocket connection to 'ws://localhost:5173/' failed: Error in connection establishment: net::ERR_CONNECTION_REFUSED @ http://localhost:5173/@vite/client:1034
[68859838ms] [ERROR] WebSocket connection to 'ws://localhost:5173/' failed: Error in connection establishment: net::ERR_CONNECTION_REFUSED @ http://localhost:5173/@vite/client:1034
[68866348ms] [ERROR] WebSocket connection to 'ws://localhost:5173/' failed: Error in connection establishment: net::ERR_CONNECTION_REFUSED @ http://localhost:5173/@vite/client:1034
[68871857ms] [ERROR] WebSocket connection to 'ws://localhost:5173/' failed: Error in connection establishment: net::ERR_CONNECTION_REFUSED @ http://localhost:5173/@vite/client:1034
[68877638ms] [ERROR] WebSocket connection to 'ws://localhost:5173/' failed: Error in connection establishment: net::ERR_CONNECTION_REFUSED @ http://localhost:5173/@vite/client:1034
[68885841ms] [ERROR] WebSocket connection to 'ws://localhost:5173/' failed: Error in connection establishment: net::ERR_CONNECTION_REFUSED @ http://localhost:5173/@vite/client:1034
[68891345ms] [ERROR] WebSocket connection to 'ws://localhost:5173/' failed: Error in connection establishment: net::ERR_CONNECTION_REFUSED @ http://localhost:5173/@vite/client:1034
[68899028ms] [ERROR] WebSocket connection to 'ws://localhost:5173/' failed: Error in connection establishment: net::ERR_CONNECTION_REFUSED @ http://localhost:5173/@vite/client:1034
[68904548ms] [ERROR] WebSocket connection to 'ws://localhost:5173/' failed: Error in connection establishment: net::ERR_CONNECTION_REFUSED @ http://localhost:5173/@vite/client:1034
[68910841ms] [ERROR] WebSocket connection to 'ws://localhost:5173/' failed: Error in connection establishment: net::ERR_CONNECTION_REFUSED @ http://localhost:5173/@vite/client:1034
[68917842ms] [ERROR] WebSocket connection to 'ws://localhost:5173/' failed: Error in connection establishment: net::ERR_CONNECTION_REFUSED @ http://localhost:5173/@vite/client:1034
[68924660ms] [ERROR] WebSocket connection to 'ws://localhost:5173/' failed: Error in connection establishment: net::ERR_CONNECTION_REFUSED @ http://localhost:5173/@vite/client:1034
[68932037ms] [ERROR] WebSocket connection to 'ws://localhost:5173/' failed: Error in connection establishment: net::ERR_CONNECTION_REFUSED @ http://localhost:5173/@vite/client:1034
[68938835ms] [ERROR] WebSocket connection to 'ws://localhost:5173/' failed: Error in connection establishment: net::ERR_CONNECTION_REFUSED @ http://localhost:5173/@vite/client:1034
[68947751ms] [ERROR] WebSocket connection to 'ws://localhost:5173/' failed: Error in connection establishment: net::ERR_CONNECTION_REFUSED @ http://localhost:5173/@vite/client:1034
[68955035ms] [ERROR] WebSocket connection to 'ws://localhost:5173/' failed: Error in connection establishment: net::ERR_CONNECTION_REFUSED @ http://localhost:5173/@vite/client:1034
[68962563ms] [ERROR] WebSocket connection to 'ws://localhost:5173/' failed: Error in connection establishment: net::ERR_CONNECTION_REFUSED @ http://localhost:5173/@vite/client:1034
[68967749ms] [ERROR] WebSocket connection to 'ws://localhost:5173/' failed: Error in connection establishment: net::ERR_CONNECTION_REFUSED @ http://localhost:5173/@vite/client:1034
[68975825ms] [ERROR] WebSocket connection to 'ws://localhost:5173/' failed: Error in connection establishment: net::ERR_CONNECTION_REFUSED @ http://localhost:5173/@vite/client:1034
[68979546ms] [ERROR] WebSocket connection to 'ws://localhost:5173/' failed: Error in connection establishment: net::ERR_CONNECTION_REFUSED @ http://localhost:5173/@vite/client:1034
[68983254ms] [ERROR] WebSocket connection to 'ws://localhost:5173/' failed: Error in connection establishment: net::ERR_CONNECTION_REFUSED @ http://localhost:5173/@vite/client:1034
[68986946ms] [ERROR] WebSocket connection to 'ws://localhost:5173/' failed: Error in connection establishment: net::ERR_CONNECTION_REFUSED @ http://localhost:5173/@vite/client:1034
[68990737ms] [ERROR] WebSocket connection to 'ws://localhost:5173/' failed: Error in connection establishment: net::ERR_CONNECTION_REFUSED @ http://localhost:5173/@vite/client:1034
[68994466ms] [ERROR] WebSocket connection to 'ws://localhost:5173/' failed: Error in connection establishment: net::ERR_CONNECTION_REFUSED @ http://localhost:5173/@vite/client:1034
[68998140ms] [ERROR] WebSocket connection to 'ws://localhost:5173/' failed: Error in connection establishment: net::ERR_CONNECTION_REFUSED @ http://localhost:5173/@vite/client:1034
[69001949ms] [ERROR] WebSocket connection to 'ws://localhost:5173/' failed: Error in connection establishment: net::ERR_CONNECTION_REFUSED @ http://localhost:5173/@vite/client:1034
[69005566ms] [ERROR] WebSocket connection to 'ws://localhost:5173/' failed: Error in connection establishment: net::ERR_CONNECTION_REFUSED @ http://localhost:5173/@vite/client:1034
[69009240ms] [ERROR] WebSocket connection to 'ws://localhost:5173/' failed: Error in connection establishment: net::ERR_CONNECTION_REFUSED @ http://localhost:5173/@vite/client:1034
[69012834ms] [ERROR] WebSocket connection to 'ws://localhost:5173/' failed: Error in connection establishment: net::ERR_CONNECTION_REFUSED @ http://localhost:5173/@vite/client:1034
[69016667ms] [ERROR] WebSocket connection to 'ws://localhost:5173/' failed: Error in connection establishment: net::ERR_CONNECTION_REFUSED @ http://localhost:5173/@vite/client:1034
[69020524ms] [ERROR] WebSocket connection to 'ws://localhost:5173/' failed: Error in connection establishment: net::ERR_CONNECTION_REFUSED @ http://localhost:5173/@vite/client:1034
[69024364ms] [ERROR] WebSocket connection to 'ws://localhost:5173/' failed: Error in connection establishment: net::ERR_CONNECTION_REFUSED @ http://localhost:5173/@vite/client:1034
[69028546ms] [ERROR] WebSocket connection to 'ws://localhost:5173/' failed: Error in connection establishment: net::ERR_CONNECTION_REFUSED @ http://localhost:5173/@vite/client:1034
[69033333ms] [ERROR] WebSocket connection to 'ws://localhost:5173/' failed: Error in connection establishment: net::ERR_CONNECTION_REFUSED @ http://localhost:5173/@vite/client:1034
[69038245ms] [ERROR] WebSocket connection to 'ws://localhost:5173/' failed: Error in connection establishment: net::ERR_CONNECTION_REFUSED @ http://localhost:5173/@vite/client:1034
[69046732ms] [ERROR] WebSocket connection to 'ws://localhost:5173/' failed: Error in connection establishment: net::ERR_CONNECTION_REFUSED @ http://localhost:5173/@vite/client:1034
[69051649ms] [ERROR] WebSocket connection to 'ws://localhost:5173/' failed: Error in connection establishment: net::ERR_CONNECTION_REFUSED @ http://localhost:5173/@vite/client:1034
[69059852ms] [ERROR] WebSocket connection to 'ws://localhost:5173/' failed: Error in connection establishment: net::ERR_CONNECTION_REFUSED @ http://localhost:5173/@vite/client:1034
[69068257ms] [ERROR] WebSocket connection to 'ws://localhost:5173/' failed: Error in connection establishment: net::ERR_CONNECTION_REFUSED @ http://localhost:5173/@vite/client:1034
[69075847ms] [ERROR] WebSocket connection to 'ws://localhost:5173/' failed: Error in connection establishment: net::ERR_CONNECTION_REFUSED @ http://localhost:5173/@vite/client:1034
[69080764ms] [ERROR] WebSocket connection to 'ws://localhost:5173/' failed: Error in connection establishment: net::ERR_CONNECTION_REFUSED @ http://localhost:5173/@vite/client:1034
[69085734ms] [ERROR] WebSocket connection to 'ws://localhost:5173/' failed: Error in connection establishment: net::ERR_CONNECTION_REFUSED @ http://localhost:5173/@vite/client:1034
[69090932ms] [ERROR] WebSocket connection to 'ws://localhost:5173/' failed: Error in connection establishment: net::ERR_CONNECTION_REFUSED @ http://localhost:5173/@vite/client:1034
[69099345ms] [ERROR] WebSocket connection to 'ws://localhost:5173/' failed: Error in connection establishment: net::ERR_CONNECTION_REFUSED @ http://localhost:5173/@vite/client:1034
[69104939ms] [ERROR] WebSocket connection to 'ws://localhost:5173/' failed: Error in connection establishment: net::ERR_CONNECTION_REFUSED @ http://localhost:5173/@vite/client:1034
[69112332ms] [ERROR] WebSocket connection to 'ws://localhost:5173/' failed: Error in connection establishment: net::ERR_CONNECTION_REFUSED @ http://localhost:5173/@vite/client:1034
[69120732ms] [ERROR] WebSocket connection to 'ws://localhost:5173/' failed: Error in connection establishment: net::ERR_CONNECTION_REFUSED @ http://localhost:5173/@vite/client:1034
[69127340ms] [ERROR] WebSocket connection to 'ws://localhost:5173/' failed: Error in connection establishment: net::ERR_CONNECTION_REFUSED @ http://localhost:5173/@vite/client:1034
[69132765ms] [ERROR] WebSocket connection to 'ws://localhost:5173/' failed: Error in connection establishment: net::ERR_CONNECTION_REFUSED @ http://localhost:5173/@vite/client:1034
[69139646ms] [ERROR] WebSocket connection to 'ws://localhost:5173/' failed: Error in connection establishment: net::ERR_CONNECTION_REFUSED @ http://localhost:5173/@vite/client:1034
[69145922ms] [ERROR] WebSocket connection to 'ws://localhost:5173/' failed: Error in connection establishment: net::ERR_CONNECTION_REFUSED @ http://localhost:5173/@vite/client:1034
[69150565ms] [ERROR] WebSocket connection to 'ws://localhost:5173/' failed: Error in connection establishment: net::ERR_CONNECTION_REFUSED @ http://localhost:5173/@vite/client:1034
[69158342ms] [ERROR] WebSocket connection to 'ws://localhost:5173/' failed: Error in connection establishment: net::ERR_CONNECTION_REFUSED @ http://localhost:5173/@vite/client:1034
[69166335ms] [ERROR] WebSocket connection to 'ws://localhost:5173/' failed: Error in connection establishment: net::ERR_CONNECTION_REFUSED @ http://localhost:5173/@vite/client:1034
[69172524ms] [ERROR] WebSocket connection to 'ws://localhost:5173/' failed: Error in connection establishment: net::ERR_CONNECTION_REFUSED @ http://localhost:5173/@vite/client:1034
[69179041ms] [ERROR] WebSocket connection to 'ws://localhost:5173/' failed: Error in connection establishment: net::ERR_CONNECTION_REFUSED @ http://localhost:5173/@vite/client:1034
[69185265ms] [ERROR] WebSocket connection to 'ws://localhost:5173/' failed: Error in connection establishment: net::ERR_CONNECTION_REFUSED @ http://localhost:5173/@vite/client:1034
[69189942ms] [ERROR] WebSocket connection to 'ws://localhost:5173/' failed: Error in connection establishment: net::ERR_CONNECTION_REFUSED @ http://localhost:5173/@vite/client:1034
[69197728ms] [ERROR] WebSocket connection to 'ws://localhost:5173/' failed: Error in connection establishment: net::ERR_CONNECTION_REFUSED @ http://localhost:5173/@vite/client:1034
[69203943ms] [ERROR] WebSocket connection to 'ws://localhost:5173/' failed: Error in connection establishment: net::ERR_CONNECTION_REFUSED @ http://localhost:5173/@vite/client:1034
[69211234ms] [ERROR] WebSocket connection to 'ws://localhost:5173/' failed: Error in connection establishment: net::ERR_CONNECTION_REFUSED @ http://localhost:5173/@vite/client:1034
[69216163ms] [ERROR] WebSocket connection to 'ws://localhost:5173/' failed: Error in connection establishment: net::ERR_CONNECTION_REFUSED @ http://localhost:5173/@vite/client:1034
[69219763ms] [ERROR] WebSocket connection to 'ws://localhost:5173/' failed: Error in connection establishment: net::ERR_CONNECTION_REFUSED @ http://localhost:5173/@vite/client:1034
[69223434ms] [ERROR] WebSocket connection to 'ws://localhost:5173/' failed: Error in connection establishment: net::ERR_CONNECTION_REFUSED @ http://localhost:5173/@vite/client:1034
[69227250ms] [ERROR] WebSocket connection to 'ws://localhost:5173/' failed: Error in connection establishment: net::ERR_CONNECTION_REFUSED @ http://localhost:5173/@vite/client:1034
[69230933ms] [ERROR] WebSocket connection to 'ws://localhost:5173/' failed: Error in connection establishment: net::ERR_CONNECTION_REFUSED @ http://localhost:5173/@vite/client:1034
[69234628ms] [ERROR] WebSocket connection to 'ws://localhost:5173/' failed: Error in connection establishment: net::ERR_CONNECTION_REFUSED @ http://localhost:5173/@vite/client:1034
[69238247ms] [ERROR] WebSocket connection to 'ws://localhost:5173/' failed: Error in connection establishment: net::ERR_CONNECTION_REFUSED @ http://localhost:5173/@vite/client:1034
[69241954ms] [ERROR] WebSocket connection to 'ws://localhost:5173/' failed: Error in connection establishment: net::ERR_CONNECTION_REFUSED @ http://localhost:5173/@vite/client:1034
[69245737ms] [ERROR] WebSocket connection to 'ws://localhost:5173/' failed: Error in connection establishment: net::ERR_CONNECTION_REFUSED @ http://localhost:5173/@vite/client:1034
[69249348ms] [ERROR] WebSocket connection to 'ws://localhost:5173/' failed: Error in connection establishment: net::ERR_CONNECTION_REFUSED @ http://localhost:5173/@vite/client:1034
[69253033ms] [ERROR] WebSocket connection to 'ws://localhost:5173/' failed: Error in connection establishment: net::ERR_CONNECTION_REFUSED @ http://localhost:5173/@vite/client:1034
[69256627ms] [ERROR] WebSocket connection to 'ws://localhost:5173/' failed: Error in connection establishment: net::ERR_CONNECTION_REFUSED @ http://localhost:5173/@vite/client:1034
[69260254ms] [ERROR] WebSocket connection to 'ws://localhost:5173/' failed: Error in connection establishment: net::ERR_CONNECTION_REFUSED @ http://localhost:5173/@vite/client:1034
[69264443ms] [ERROR] WebSocket connection to 'ws://localhost:5173/' failed: Error in connection establishment: net::ERR_CONNECTION_REFUSED @ http://localhost:5173/@vite/client:1034
[69268437ms] [ERROR] WebSocket connection to 'ws://localhost:5173/' failed: Error in connection establishment: net::ERR_CONNECTION_REFUSED @ http://localhost:5173/@vite/client:1034
[69273164ms] [ERROR] WebSocket connection to 'ws://localhost:5173/' failed: Error in connection establishment: net::ERR_CONNECTION_REFUSED @ http://localhost:5173/@vite/client:1034
[69278145ms] [ERROR] WebSocket connection to 'ws://localhost:5173/' failed: Error in connection establishment: net::ERR_CONNECTION_REFUSED @ http://localhost:5173/@vite/client:1034
[69286635ms] [ERROR] WebSocket connection to 'ws://localhost:5173/' failed: Error in connection establishment: net::ERR_CONNECTION_REFUSED @ http://localhost:5173/@vite/client:1034
[69294044ms] [ERROR] WebSocket connection to 'ws://localhost:5173/' failed: Error in connection establishment: net::ERR_CONNECTION_REFUSED @ http://localhost:5173/@vite/client:1034
[69302073ms] [ERROR] WebSocket connection to 'ws://localhost:5173/' failed: Error in connection establishment: net::ERR_CONNECTION_REFUSED @ http://localhost:5173/@vite/client:1034
[69308853ms] [ERROR] WebSocket connection to 'ws://localhost:5173/' failed: Error in connection establishment: net::ERR_CONNECTION_REFUSED @ http://localhost:5173/@vite/client:1034
[69314227ms] [ERROR] WebSocket connection to 'ws://localhost:5173/' failed: Error in connection establishment: net::ERR_CONNECTION_REFUSED @ http://localhost:5173/@vite/client:1034
[69320771ms] [ERROR] WebSocket connection to 'ws://localhost:5173/' failed: Error in connection establishment: net::ERR_CONNECTION_REFUSED @ http://localhost:5173/@vite/client:1034
[69326634ms] [ERROR] WebSocket connection to 'ws://localhost:5173/' failed: Error in connection establishment: net::ERR_CONNECTION_REFUSED @ http://localhost:5173/@vite/client:1034
[69335160ms] [ERROR] WebSocket connection to 'ws://localhost:5173/' failed: Error in connection establishment: net::ERR_CONNECTION_REFUSED @ http://localhost:5173/@vite/client:1034
[69343863ms] [ERROR] WebSocket connection to 'ws://localhost:5173/' failed: Error in connection establishment: net::ERR_CONNECTION_REFUSED @ http://localhost:5173/@vite/client:1034
[69350302ms] [ERROR] WebSocket connection to 'ws://localhost:5173/' failed: Error in connection establishment: net::ERR_CONNECTION_REFUSED @ http://localhost:5173/@vite/client:1034
[69356411ms] [ERROR] WebSocket connection to 'ws://localhost:5173/' failed: Error in connection establishment: net::ERR_CONNECTION_REFUSED @ http://localhost:5173/@vite/client:1034
[69362010ms] [ERROR] WebSocket connection to 'ws://localhost:5173/' failed: Error in connection establishment: net::ERR_CONNECTION_REFUSED @ http://localhost:5173/@vite/client:1034
[69366966ms] [ERROR] WebSocket connection to 'ws://localhost:5173/' failed: Error in connection establishment: net::ERR_CONNECTION_REFUSED @ http://localhost:5173/@vite/client:1034
[69373714ms] [ERROR] WebSocket connection to 'ws://localhost:5173/' failed: Error in connection establishment: net::ERR_CONNECTION_REFUSED @ http://localhost:5173/@vite/client:1034
[69379504ms] [ERROR] WebSocket connection to 'ws://localhost:5173/' failed: Error in connection establishment: net::ERR_CONNECTION_REFUSED @ http://localhost:5173/@vite/client:1034
[69384539ms] [ERROR] WebSocket connection to 'ws://localhost:5173/' failed: Error in connection establishment: net::ERR_CONNECTION_REFUSED @ http://localhost:5173/@vite/client:1034
[69392509ms] [ERROR] WebSocket connection to 'ws://localhost:5173/' failed: Error in connection establishment: net::ERR_CONNECTION_REFUSED @ http://localhost:5173/@vite/client:1034
[69399713ms] [ERROR] WebSocket connection to 'ws://localhost:5173/' failed: Error in connection establishment: net::ERR_CONNECTION_REFUSED @ http://localhost:5173/@vite/client:1034
[69406573ms] [ERROR] WebSocket connection to 'ws://localhost:5173/' failed: Error in connection establishment: net::ERR_CONNECTION_REFUSED @ http://localhost:5173/@vite/client:1034
[69413807ms] [ERROR] WebSocket connection to 'ws://localhost:5173/' failed: Error in connection establishment: net::ERR_CONNECTION_REFUSED @ http://localhost:5173/@vite/client:1034
[69420226ms] [ERROR] WebSocket connection to 'ws://localhost:5173/' failed: Error in connection establishment: net::ERR_CONNECTION_REFUSED @ http://localhost:5173/@vite/client:1034
[69428134ms] [ERROR] WebSocket connection to 'ws://localhost:5173/' failed: Error in connection establishment: net::ERR_CONNECTION_REFUSED @ http://localhost:5173/@vite/client:1034
[69433509ms] [ERROR] WebSocket connection to 'ws://localhost:5173/' failed: Error in connection establishment: net::ERR_CONNECTION_REFUSED @ http://localhost:5173/@vite/client:1034
[69441571ms] [ERROR] WebSocket connection to 'ws://localhost:5173/' failed: Error in connection establishment: net::ERR_CONNECTION_REFUSED @ http://localhost:5173/@vite/client:1034
[69448311ms] [ERROR] WebSocket connection to 'ws://localhost:5173/' failed: Error in connection establishment: net::ERR_CONNECTION_REFUSED @ http://localhost:5173/@vite/client:1034
[69454235ms] [ERROR] WebSocket connection to 'ws://localhost:5173/' failed: Error in connection establishment: net::ERR_CONNECTION_REFUSED @ http://localhost:5173/@vite/client:1034
[69460037ms] [ERROR] WebSocket connection to 'ws://localhost:5173/' failed: Error in connection establishment: net::ERR_CONNECTION_REFUSED @ http://localhost:5173/@vite/client:1034
[69467206ms] [ERROR] WebSocket connection to 'ws://localhost:5173/' failed: Error in connection establishment: net::ERR_CONNECTION_REFUSED @ http://localhost:5173/@vite/client:1034
[69474861ms] [ERROR] WebSocket connection to 'ws://localhost:5173/' failed: Error in connection establishment: net::ERR_CONNECTION_REFUSED @ http://localhost:5173/@vite/client:1034
[69480103ms] [ERROR] WebSocket connection to 'ws://localhost:5173/' failed: Error in connection establishment: net::ERR_CONNECTION_REFUSED @ http://localhost:5173/@vite/client:1034
[69486567ms] [ERROR] WebSocket connection to 'ws://localhost:5173/' failed: Error in connection establishment: net::ERR_CONNECTION_REFUSED @ http://localhost:5173/@vite/client:1034
[69493600ms] [ERROR] WebSocket connection to 'ws://localhost:5173/' failed: Error in connection establishment: net::ERR_CONNECTION_REFUSED @ http://localhost:5173/@vite/client:1034
[69499020ms] [ERROR] WebSocket connection to 'ws://localhost:5173/' failed: Error in connection establishment: net::ERR_CONNECTION_REFUSED @ http://localhost:5173/@vite/client:1034
[69504163ms] [ERROR] WebSocket connection to 'ws://localhost:5173/' failed: Error in connection establishment: net::ERR_CONNECTION_REFUSED @ http://localhost:5173/@vite/client:1034
[69511132ms] [ERROR] WebSocket connection to 'ws://localhost:5173/' failed: Error in connection establishment: net::ERR_CONNECTION_REFUSED @ http://localhost:5173/@vite/client:1034
[69516315ms] [ERROR] WebSocket connection to 'ws://localhost:5173/' failed: Error in connection establishment: net::ERR_CONNECTION_REFUSED @ http://localhost:5173/@vite/client:1034
[69523116ms] [ERROR] WebSocket connection to 'ws://localhost:5173/' failed: Error in connection establishment: net::ERR_CONNECTION_REFUSED @ http://localhost:5173/@vite/client:1034
[69528823ms] [ERROR] WebSocket connection to 'ws://localhost:5173/' failed: Error in connection establishment: net::ERR_CONNECTION_REFUSED @ http://localhost:5173/@vite/client:1034
[69536333ms] [ERROR] WebSocket connection to 'ws://localhost:5173/' failed: Error in connection establishment: net::ERR_CONNECTION_REFUSED @ http://localhost:5173/@vite/client:1034
[69543265ms] [ERROR] WebSocket connection to 'ws://localhost:5173/' failed: Error in connection establishment: net::ERR_CONNECTION_REFUSED @ http://localhost:5173/@vite/client:1034
[69548557ms] [ERROR] WebSocket connection to 'ws://localhost:5173/' failed: Error in connection establishment: net::ERR_CONNECTION_REFUSED @ http://localhost:5173/@vite/client:1034
[69553240ms] [ERROR] WebSocket connection to 'ws://localhost:5173/' failed: Error in connection establishment: net::ERR_CONNECTION_REFUSED @ http://localhost:5173/@vite/client:1034
[69559912ms] [ERROR] WebSocket connection to 'ws://localhost:5173/' failed: Error in connection establishment: net::ERR_CONNECTION_REFUSED @ http://localhost:5173/@vite/client:1034
[69565425ms] [ERROR] WebSocket connection to 'ws://localhost:5173/' failed: Error in connection establishment: net::ERR_CONNECTION_REFUSED @ http://localhost:5173/@vite/client:1034
[69572907ms] [ERROR] WebSocket connection to 'ws://localhost:5173/' failed: Error in connection establishment: net::ERR_CONNECTION_REFUSED @ http://localhost:5173/@vite/client:1034
[69580313ms] [ERROR] WebSocket connection to 'ws://localhost:5173/' failed: Error in connection establishment: net::ERR_CONNECTION_REFUSED @ http://localhost:5173/@vite/client:1034
[69586813ms] [ERROR] WebSocket connection to 'ws://localhost:5173/' failed: Error in connection establishment: net::ERR_CONNECTION_REFUSED @ http://localhost:5173/@vite/client:1034
[69594710ms] [ERROR] WebSocket connection to 'ws://localhost:5173/' failed: Error in connection establishment: net::ERR_CONNECTION_REFUSED @ http://localhost:5173/@vite/client:1034
[69600259ms] [ERROR] WebSocket connection to 'ws://localhost:5173/' failed: Error in connection establishment: net::ERR_CONNECTION_REFUSED @ http://localhost:5173/@vite/client:1034
[69605906ms] [ERROR] WebSocket connection to 'ws://localhost:5173/' failed: Error in connection establishment: net::ERR_CONNECTION_REFUSED @ http://localhost:5173/@vite/client:1034
[69614232ms] [ERROR] WebSocket connection to 'ws://localhost:5173/' failed: Error in connection establishment: net::ERR_CONNECTION_REFUSED @ http://localhost:5173/@vite/client:1034
[69619612ms] [ERROR] WebSocket connection to 'ws://localhost:5173/' failed: Error in connection establishment: net::ERR_CONNECTION_REFUSED @ http://localhost:5173/@vite/client:1034
[69624833ms] [ERROR] WebSocket connection to 'ws://localhost:5173/' failed: Error in connection establishment: net::ERR_CONNECTION_REFUSED @ http://localhost:5173/@vite/client:1034
[69629623ms] [ERROR] WebSocket connection to 'ws://localhost:5173/' failed: Error in connection establishment: net::ERR_CONNECTION_REFUSED @ http://localhost:5173/@vite/client:1034
[69637834ms] [ERROR] WebSocket connection to 'ws://localhost:5173/' failed: Error in connection establishment: net::ERR_CONNECTION_REFUSED @ http://localhost:5173/@vite/client:1034
[69646474ms] [ERROR] WebSocket connection to 'ws://localhost:5173/' failed: Error in connection establishment: net::ERR_CONNECTION_REFUSED @ http://localhost:5173/@vite/client:1034
[69653608ms] [ERROR] WebSocket connection to 'ws://localhost:5173/' failed: Error in connection establishment: net::ERR_CONNECTION_REFUSED @ http://localhost:5173/@vite/client:1034
[69658863ms] [ERROR] WebSocket connection to 'ws://localhost:5173/' failed: Error in connection establishment: net::ERR_CONNECTION_REFUSED @ http://localhost:5173/@vite/client:1034
[69666298ms] [ERROR] WebSocket connection to 'ws://localhost:5173/' failed: Error in connection establishment: net::ERR_CONNECTION_REFUSED @ http://localhost:5173/@vite/client:1034
[69672136ms] [ERROR] WebSocket connection to 'ws://localhost:5173/' failed: Error in connection establishment: net::ERR_CONNECTION_REFUSED @ http://localhost:5173/@vite/client:1034
[69677202ms] [ERROR] WebSocket connection to 'ws://localhost:5173/' failed: Error in connection establishment: net::ERR_CONNECTION_REFUSED @ http://localhost:5173/@vite/client:1034
[69684725ms] [ERROR] WebSocket connection to 'ws://localhost:5173/' failed: Error in connection establishment: net::ERR_CONNECTION_REFUSED @ http://localhost:5173/@vite/client:1034
[69691912ms] [ERROR] WebSocket connection to 'ws://localhost:5173/' failed: Error in connection establishment: net::ERR_CONNECTION_REFUSED @ http://localhost:5173/@vite/client:1034
[69699318ms] [ERROR] WebSocket connection to 'ws://localhost:5173/' failed: Error in connection establishment: net::ERR_CONNECTION_REFUSED @ http://localhost:5173/@vite/client:1034
[69704716ms] [ERROR] WebSocket connection to 'ws://localhost:5173/' failed: Error in connection establishment: net::ERR_CONNECTION_REFUSED @ http://localhost:5173/@vite/client:1034
[69712515ms] [ERROR] WebSocket connection to 'ws://localhost:5173/' failed: Error in connection establishment: net::ERR_CONNECTION_REFUSED @ http://localhost:5173/@vite/client:1034
[69721147ms] [ERROR] WebSocket connection to 'ws://localhost:5173/' failed: Error in connection establishment: net::ERR_CONNECTION_REFUSED @ http://localhost:5173/@vite/client:1034
[69728358ms] [ERROR] WebSocket connection to 'ws://localhost:5173/' failed: Error in connection establishment: net::ERR_CONNECTION_REFUSED @ http://localhost:5173/@vite/client:1034
[69735428ms] [ERROR] WebSocket connection to 'ws://localhost:5173/' failed: Error in connection establishment: net::ERR_CONNECTION_REFUSED @ http://localhost:5173/@vite/client:1034
[69741841ms] [ERROR] WebSocket connection to 'ws://localhost:5173/' failed: Error in connection establishment: net::ERR_CONNECTION_REFUSED @ http://localhost:5173/@vite/client:1034
[69748768ms] [ERROR] WebSocket connection to 'ws://localhost:5173/' failed: Error in connection establishment: net::ERR_CONNECTION_REFUSED @ http://localhost:5173/@vite/client:1034
[69756765ms] [ERROR] WebSocket connection to 'ws://localhost:5173/' failed: Error in connection establishment: net::ERR_CONNECTION_REFUSED @ http://localhost:5173/@vite/client:1034
[69763913ms] [ERROR] WebSocket connection to 'ws://localhost:5173/' failed: Error in connection establishment: net::ERR_CONNECTION_REFUSED @ http://localhost:5173/@vite/client:1034
[69772313ms] [ERROR] WebSocket connection to 'ws://localhost:5173/' failed: Error in connection establishment: net::ERR_CONNECTION_REFUSED @ http://localhost:5173/@vite/client:1034
[69778840ms] [ERROR] WebSocket connection to 'ws://localhost:5173/' failed: Error in connection establishment: net::ERR_CONNECTION_REFUSED @ http://localhost:5173/@vite/client:1034
[69786101ms] [ERROR] WebSocket connection to 'ws://localhost:5173/' failed: Error in connection establishment: net::ERR_CONNECTION_REFUSED @ http://localhost:5173/@vite/client:1034
[69793163ms] [ERROR] WebSocket connection to 'ws://localhost:5173/' failed: Error in connection establishment: net::ERR_CONNECTION_REFUSED @ http://localhost:5173/@vite/client:1034
[69798908ms] [ERROR] WebSocket connection to 'ws://localhost:5173/' failed: Error in connection establishment: net::ERR_CONNECTION_REFUSED @ http://localhost:5173/@vite/client:1034
[69807303ms] [ERROR] WebSocket connection to 'ws://localhost:5173/' failed: Error in connection establishment: net::ERR_CONNECTION_REFUSED @ http://localhost:5173/@vite/client:1034
[69815824ms] [ERROR] WebSocket connection to 'ws://localhost:5173/' failed: Error in connection establishment: net::ERR_CONNECTION_REFUSED @ http://localhost:5173/@vite/client:1034
[69821872ms] [ERROR] WebSocket connection to 'ws://localhost:5173/' failed: Error in connection establishment: net::ERR_CONNECTION_REFUSED @ http://localhost:5173/@vite/client:1034
[69828771ms] [ERROR] WebSocket connection to 'ws://localhost:5173/' failed: Error in connection establishment: net::ERR_CONNECTION_REFUSED @ http://localhost:5173/@vite/client:1034
[69835212ms] [ERROR] WebSocket connection to 'ws://localhost:5173/' failed: Error in connection establishment: net::ERR_CONNECTION_REFUSED @ http://localhost:5173/@vite/client:1034
[69839960ms] [ERROR] WebSocket connection to 'ws://localhost:5173/' failed: Error in connection establishment: net::ERR_CONNECTION_REFUSED @ http://localhost:5173/@vite/client:1034
[69846316ms] [ERROR] WebSocket connection to 'ws://localhost:5173/' failed: Error in connection establishment: net::ERR_CONNECTION_REFUSED @ http://localhost:5173/@vite/client:1034
[69853567ms] [ERROR] WebSocket connection to 'ws://localhost:5173/' failed: Error in connection establishment: net::ERR_CONNECTION_REFUSED @ http://localhost:5173/@vite/client:1034
[69862125ms] [ERROR] WebSocket connection to 'ws://localhost:5173/' failed: Error in connection establishment: net::ERR_CONNECTION_REFUSED @ http://localhost:5173/@vite/client:1034
[69867862ms] [ERROR] WebSocket connection to 'ws://localhost:5173/' failed: Error in connection establishment: net::ERR_CONNECTION_REFUSED @ http://localhost:5173/@vite/client:1034
[69874605ms] [ERROR] WebSocket connection to 'ws://localhost:5173/' failed: Error in connection establishment: net::ERR_CONNECTION_REFUSED @ http://localhost:5173/@vite/client:1034
[69879224ms] [ERROR] WebSocket connection to 'ws://localhost:5173/' failed: Error in connection establishment: net::ERR_CONNECTION_REFUSED @ http://localhost:5173/@vite/client:1034
[69883713ms] [ERROR] WebSocket connection to 'ws://localhost:5173/' failed: Error in connection establishment: net::ERR_CONNECTION_REFUSED @ http://localhost:5173/@vite/client:1034
[69891224ms] [ERROR] WebSocket connection to 'ws://localhost:5173/' failed: Error in connection establishment: net::ERR_CONNECTION_REFUSED @ http://localhost:5173/@vite/client:1034
[69899310ms] [ERROR] WebSocket connection to 'ws://localhost:5173/' failed: Error in connection establishment: net::ERR_CONNECTION_REFUSED @ http://localhost:5173/@vite/client:1034
[69906615ms] [ERROR] WebSocket connection to 'ws://localhost:5173/' failed: Error in connection establishment: net::ERR_CONNECTION_REFUSED @ http://localhost:5173/@vite/client:1034
[69915266ms] [ERROR] WebSocket connection to 'ws://localhost:5173/' failed: Error in connection establishment: net::ERR_CONNECTION_REFUSED @ http://localhost:5173/@vite/client:1034
[69920213ms] [ERROR] WebSocket connection to 'ws://localhost:5173/' failed: Error in connection establishment: net::ERR_CONNECTION_REFUSED @ http://localhost:5173/@vite/client:1034
[69926660ms] [ERROR] WebSocket connection to 'ws://localhost:5173/' failed: Error in connection establishment: net::ERR_CONNECTION_REFUSED @ http://localhost:5173/@vite/client:1034
[69934809ms] [ERROR] WebSocket connection to 'ws://localhost:5173/' failed: Error in connection establishment: net::ERR_CONNECTION_REFUSED @ http://localhost:5173/@vite/client:1034
[69942720ms] [ERROR] WebSocket connection to 'ws://localhost:5173/' failed: Error in connection establishment: net::ERR_CONNECTION_REFUSED @ http://localhost:5173/@vite/client:1034
[69950934ms] [ERROR] WebSocket connection to 'ws://localhost:5173/' failed: Error in connection establishment: net::ERR_CONNECTION_REFUSED @ http://localhost:5173/@vite/client:1034
[69955672ms] [ERROR] WebSocket connection to 'ws://localhost:5173/' failed: Error in connection establishment: net::ERR_CONNECTION_REFUSED @ http://localhost:5173/@vite/client:1034
[69960814ms] [ERROR] WebSocket connection to 'ws://localhost:5173/' failed: Error in connection establishment: net::ERR_CONNECTION_REFUSED @ http://localhost:5173/@vite/client:1034
[69969070ms] [ERROR] WebSocket connection to 'ws://localhost:5173/' failed: Error in connection establishment: net::ERR_CONNECTION_REFUSED @ http://localhost:5173/@vite/client:1034
[69976128ms] [ERROR] WebSocket connection to 'ws://localhost:5173/' failed: Error in connection establishment: net::ERR_CONNECTION_REFUSED @ http://localhost:5173/@vite/client:1034
[69984714ms] [ERROR] WebSocket connection to 'ws://localhost:5173/' failed: Error in connection establishment: net::ERR_CONNECTION_REFUSED @ http://localhost:5173/@vite/client:1034
[69990531ms] [ERROR] WebSocket connection to 'ws://localhost:5173/' failed: Error in connection establishment: net::ERR_CONNECTION_REFUSED @ http://localhost:5173/@vite/client:1034
[69998516ms] [ERROR] WebSocket connection to 'ws://localhost:5173/' failed: Error in connection establishment: net::ERR_CONNECTION_REFUSED @ http://localhost:5173/@vite/client:1034
[70004913ms] [ERROR] WebSocket connection to 'ws://localhost:5173/' failed: Error in connection establishment: net::ERR_CONNECTION_REFUSED @ http://localhost:5173/@vite/client:1034
[70010514ms] [ERROR] WebSocket connection to 'ws://localhost:5173/' failed: Error in connection establishment: net::ERR_CONNECTION_REFUSED @ http://localhost:5173/@vite/client:1034
[70017160ms] [ERROR] WebSocket connection to 'ws://localhost:5173/' failed: Error in connection establishment: net::ERR_CONNECTION_REFUSED @ http://localhost:5173/@vite/client:1034
[70025259ms] [ERROR] WebSocket connection to 'ws://localhost:5173/' failed: Error in connection establishment: net::ERR_CONNECTION_REFUSED @ http://localhost:5173/@vite/client:1034
[70030513ms] [ERROR] WebSocket connection to 'ws://localhost:5173/' failed: Error in connection establishment: net::ERR_CONNECTION_REFUSED @ http://localhost:5173/@vite/client:1034
[70037211ms] [ERROR] WebSocket connection to 'ws://localhost:5173/' failed: Error in connection establishment: net::ERR_CONNECTION_REFUSED @ http://localhost:5173/@vite/client:1034
[70045124ms] [ERROR] WebSocket connection to 'ws://localhost:5173/' failed: Error in connection establishment: net::ERR_CONNECTION_REFUSED @ http://localhost:5173/@vite/client:1034
[70053814ms] [ERROR] WebSocket connection to 'ws://localhost:5173/' failed: Error in connection establishment: net::ERR_CONNECTION_REFUSED @ http://localhost:5173/@vite/client:1034
[70060914ms] [ERROR] WebSocket connection to 'ws://localhost:5173/' failed: Error in connection establishment: net::ERR_CONNECTION_REFUSED @ http://localhost:5173/@vite/client:1034
[70066214ms] [ERROR] WebSocket connection to 'ws://localhost:5173/' failed: Error in connection establishment: net::ERR_CONNECTION_REFUSED @ http://localhost:5173/@vite/client:1034
[70071834ms] [ERROR] WebSocket connection to 'ws://localhost:5173/' failed: Error in connection establishment: net::ERR_CONNECTION_REFUSED @ http://localhost:5173/@vite/client:1034
[70077368ms] [ERROR] WebSocket connection to 'ws://localhost:5173/' failed: Error in connection establishment: net::ERR_CONNECTION_REFUSED @ http://localhost:5173/@vite/client:1034
[70082935ms] [ERROR] WebSocket connection to 'ws://localhost:5173/' failed: Error in connection establishment: net::ERR_CONNECTION_REFUSED @ http://localhost:5173/@vite/client:1034
[70087614ms] [ERROR] WebSocket connection to 'ws://localhost:5173/' failed: Error in connection establishment: net::ERR_CONNECTION_REFUSED @ http://localhost:5173/@vite/client:1034
[70095127ms] [ERROR] WebSocket connection to 'ws://localhost:5173/' failed: Error in connection establishment: net::ERR_CONNECTION_REFUSED @ http://localhost:5173/@vite/client:1034
[70101414ms] [ERROR] WebSocket connection to 'ws://localhost:5173/' failed: Error in connection establishment: net::ERR_CONNECTION_REFUSED @ http://localhost:5173/@vite/client:1034
[70109717ms] [ERROR] WebSocket connection to 'ws://localhost:5173/' failed: Error in connection establishment: net::ERR_CONNECTION_REFUSED @ http://localhost:5173/@vite/client:1034
[70115941ms] [ERROR] WebSocket connection to 'ws://localhost:5173/' failed: Error in connection establishment: net::ERR_CONNECTION_REFUSED @ http://localhost:5173/@vite/client:1034
[70123919ms] [ERROR] WebSocket connection to 'ws://localhost:5173/' failed: Error in connection establishment: net::ERR_CONNECTION_REFUSED @ http://localhost:5173/@vite/client:1034
[70128768ms] [ERROR] WebSocket connection to 'ws://localhost:5173/' failed: Error in connection establishment: net::ERR_CONNECTION_REFUSED @ http://localhost:5173/@vite/client:1034
[70135834ms] [ERROR] WebSocket connection to 'ws://localhost:5173/' failed: Error in connection establishment: net::ERR_CONNECTION_REFUSED @ http://localhost:5173/@vite/client:1034
[70143211ms] [ERROR] WebSocket connection to 'ws://localhost:5173/' failed: Error in connection establishment: net::ERR_CONNECTION_REFUSED @ http://localhost:5173/@vite/client:1034
[70148966ms] [ERROR] WebSocket connection to 'ws://localhost:5173/' failed: Error in connection establishment: net::ERR_CONNECTION_REFUSED @ http://localhost:5173/@vite/client:1034
[70155601ms] [ERROR] WebSocket connection to 'ws://localhost:5173/' failed: Error in connection establishment: net::ERR_CONNECTION_REFUSED @ http://localhost:5173/@vite/client:1034
[70162372ms] [ERROR] WebSocket connection to 'ws://localhost:5173/' failed: Error in connection establishment: net::ERR_CONNECTION_REFUSED @ http://localhost:5173/@vite/client:1034
[70169910ms] [ERROR] WebSocket connection to 'ws://localhost:5173/' failed: Error in connection establishment: net::ERR_CONNECTION_REFUSED @ http://localhost:5173/@vite/client:1034
[70178369ms] [ERROR] WebSocket connection to 'ws://localhost:5173/' failed: Error in connection establishment: net::ERR_CONNECTION_REFUSED @ http://localhost:5173/@vite/client:1034
[70185124ms] [ERROR] WebSocket connection to 'ws://localhost:5173/' failed: Error in connection establishment: net::ERR_CONNECTION_REFUSED @ http://localhost:5173/@vite/client:1034
[70191035ms] [ERROR] WebSocket connection to 'ws://localhost:5173/' failed: Error in connection establishment: net::ERR_CONNECTION_REFUSED @ http://localhost:5173/@vite/client:1034
[70196612ms] [ERROR] WebSocket connection to 'ws://localhost:5173/' failed: Error in connection establishment: net::ERR_CONNECTION_REFUSED @ http://localhost:5173/@vite/client:1034
[70205009ms] [ERROR] WebSocket connection to 'ws://localhost:5173/' failed: Error in connection establishment: net::ERR_CONNECTION_REFUSED @ http://localhost:5173/@vite/client:1034
[70212515ms] [ERROR] WebSocket connection to 'ws://localhost:5173/' failed: Error in connection establishment: net::ERR_CONNECTION_REFUSED @ http://localhost:5173/@vite/client:1034
[70217337ms] [ERROR] WebSocket connection to 'ws://localhost:5173/' failed: Error in connection establishment: net::ERR_CONNECTION_REFUSED @ http://localhost:5173/@vite/client:1034
[70223170ms] [ERROR] WebSocket connection to 'ws://localhost:5173/' failed: Error in connection establishment: net::ERR_CONNECTION_REFUSED @ http://localhost:5173/@vite/client:1034
[70229771ms] [ERROR] WebSocket connection to 'ws://localhost:5173/' failed: Error in connection establishment: net::ERR_CONNECTION_REFUSED @ http://localhost:5173/@vite/client:1034
[70234900ms] [ERROR] WebSocket connection to 'ws://localhost:5173/' failed: Error in connection establishment: net::ERR_CONNECTION_REFUSED @ http://localhost:5173/@vite/client:1034
[70239670ms] [ERROR] WebSocket connection to 'ws://localhost:5173/' failed: Error in connection establishment: net::ERR_CONNECTION_REFUSED @ http://localhost:5173/@vite/client:1034
[70245613ms] [ERROR] WebSocket connection to 'ws://localhost:5173/' failed: Error in connection establishment: net::ERR_CONNECTION_REFUSED @ http://localhost:5173/@vite/client:1034
[70250633ms] [ERROR] WebSocket connection to 'ws://localhost:5173/' failed: Error in connection establishment: net::ERR_CONNECTION_REFUSED @ http://localhost:5173/@vite/client:1034
[70257835ms] [ERROR] WebSocket connection to 'ws://localhost:5173/' failed: Error in connection establishment: net::ERR_CONNECTION_REFUSED @ http://localhost:5173/@vite/client:1034
[70263372ms] [ERROR] WebSocket connection to 'ws://localhost:5173/' failed: Error in connection establishment: net::ERR_CONNECTION_REFUSED @ http://localhost:5173/@vite/client:1034
[70270960ms] [ERROR] WebSocket connection to 'ws://localhost:5173/' failed: Error in connection establishment: net::ERR_CONNECTION_REFUSED @ http://localhost:5173/@vite/client:1034
[70276601ms] [ERROR] WebSocket connection to 'ws://localhost:5173/' failed: Error in connection establishment: net::ERR_CONNECTION_REFUSED @ http://localhost:5173/@vite/client:1034
[70282501ms] [ERROR] WebSocket connection to 'ws://localhost:5173/' failed: Error in connection establishment: net::ERR_CONNECTION_REFUSED @ http://localhost:5173/@vite/client:1034
[70287859ms] [ERROR] WebSocket connection to 'ws://localhost:5173/' failed: Error in connection establishment: net::ERR_CONNECTION_REFUSED @ http://localhost:5173/@vite/client:1034
[70292832ms] [ERROR] WebSocket connection to 'ws://localhost:5173/' failed: Error in connection establishment: net::ERR_CONNECTION_REFUSED @ http://localhost:5173/@vite/client:1034
[70300416ms] [ERROR] WebSocket connection to 'ws://localhost:5173/' failed: Error in connection establishment: net::ERR_CONNECTION_REFUSED @ http://localhost:5173/@vite/client:1034
[70308313ms] [ERROR] WebSocket connection to 'ws://localhost:5173/' failed: Error in connection establishment: net::ERR_CONNECTION_REFUSED @ http://localhost:5173/@vite/client:1034
[70314305ms] [ERROR] WebSocket connection to 'ws://localhost:5173/' failed: Error in connection establishment: net::ERR_CONNECTION_REFUSED @ http://localhost:5173/@vite/client:1034
[70319126ms] [ERROR] WebSocket connection to 'ws://localhost:5173/' failed: Error in connection establishment: net::ERR_CONNECTION_REFUSED @ http://localhost:5173/@vite/client:1034
[70325037ms] [ERROR] WebSocket connection to 'ws://localhost:5173/' failed: Error in connection establishment: net::ERR_CONNECTION_REFUSED @ http://localhost:5173/@vite/client:1034
[70333070ms] [ERROR] WebSocket connection to 'ws://localhost:5173/' failed: Error in connection establishment: net::ERR_CONNECTION_REFUSED @ http://localhost:5173/@vite/client:1034
[70340434ms] [ERROR] WebSocket connection to 'ws://localhost:5173/' failed: Error in connection establishment: net::ERR_CONNECTION_REFUSED @ http://localhost:5173/@vite/client:1034
[70347813ms] [ERROR] WebSocket connection to 'ws://localhost:5173/' failed: Error in connection establishment: net::ERR_CONNECTION_REFUSED @ http://localhost:5173/@vite/client:1034
[70354204ms] [ERROR] WebSocket connection to 'ws://localhost:5173/' failed: Error in connection establishment: net::ERR_CONNECTION_REFUSED @ http://localhost:5173/@vite/client:1034
[70358889ms] [ERROR] WebSocket connection to 'ws://localhost:5173/' failed: Error in connection establishment: net::ERR_CONNECTION_REFUSED @ http://localhost:5173/@vite/client:1034
[70365060ms] [ERROR] WebSocket connection to 'ws://localhost:5173/' failed: Error in connection establishment: net::ERR_CONNECTION_REFUSED @ http://localhost:5173/@vite/client:1034
[70370690ms] [ERROR] WebSocket connection to 'ws://localhost:5173/' failed: Error in connection establishment: net::ERR_CONNECTION_REFUSED @ http://localhost:5173/@vite/client:1034
[70375805ms] [ERROR] WebSocket connection to 'ws://localhost:5173/' failed: Error in connection establishment: net::ERR_CONNECTION_REFUSED @ http://localhost:5173/@vite/client:1034
[70382670ms] [ERROR] WebSocket connection to 'ws://localhost:5173/' failed: Error in connection establishment: net::ERR_CONNECTION_REFUSED @ http://localhost:5173/@vite/client:1034
[70387458ms] [ERROR] WebSocket connection to 'ws://localhost:5173/' failed: Error in connection establishment: net::ERR_CONNECTION_REFUSED @ http://localhost:5173/@vite/client:1034
[70393827ms] [ERROR] WebSocket connection to 'ws://localhost:5173/' failed: Error in connection establishment: net::ERR_CONNECTION_REFUSED @ http://localhost:5173/@vite/client:1034
[70399476ms] [ERROR] WebSocket connection to 'ws://localhost:5173/' failed: Error in connection establishment: net::ERR_CONNECTION_REFUSED @ http://localhost:5173/@vite/client:1034
[70404741ms] [ERROR] WebSocket connection to 'ws://localhost:5173/' failed: Error in connection establishment: net::ERR_CONNECTION_REFUSED @ http://localhost:5173/@vite/client:1034
[70412856ms] [ERROR] WebSocket connection to 'ws://localhost:5173/' failed: Error in connection establishment: net::ERR_CONNECTION_REFUSED @ http://localhost:5173/@vite/client:1034
[70421258ms] [ERROR] WebSocket connection to 'ws://localhost:5173/' failed: Error in connection establishment: net::ERR_CONNECTION_REFUSED @ http://localhost:5173/@vite/client:1034
[70429171ms] [ERROR] WebSocket connection to 'ws://localhost:5173/' failed: Error in connection establishment: net::ERR_CONNECTION_REFUSED @ http://localhost:5173/@vite/client:1034
[70437641ms] [ERROR] WebSocket connection to 'ws://localhost:5173/' failed: Error in connection establishment: net::ERR_CONNECTION_REFUSED @ http://localhost:5173/@vite/client:1034
[70446258ms] [ERROR] WebSocket connection to 'ws://localhost:5173/' failed: Error in connection establishment: net::ERR_CONNECTION_REFUSED @ http://localhost:5173/@vite/client:1034
[70454704ms] [ERROR] WebSocket connection to 'ws://localhost:5173/' failed: Error in connection establishment: net::ERR_CONNECTION_REFUSED @ http://localhost:5173/@vite/client:1034
[70459224ms] [ERROR] WebSocket connection to 'ws://localhost:5173/' failed: Error in connection establishment: net::ERR_CONNECTION_REFUSED @ http://localhost:5173/@vite/client:1034
[70466395ms] [ERROR] WebSocket connection to 'ws://localhost:5173/' failed: Error in connection establishment: net::ERR_CONNECTION_REFUSED @ http://localhost:5173/@vite/client:1034
[70472279ms] [ERROR] WebSocket connection to 'ws://localhost:5173/' failed: Error in connection establishment: net::ERR_CONNECTION_REFUSED @ http://localhost:5173/@vite/client:1034
[70478324ms] [ERROR] WebSocket connection to 'ws://localhost:5173/' failed: Error in connection establishment: net::ERR_CONNECTION_REFUSED @ http://localhost:5173/@vite/client:1034
[70486148ms] [ERROR] WebSocket connection to 'ws://localhost:5173/' failed: Error in connection establishment: net::ERR_CONNECTION_REFUSED @ http://localhost:5173/@vite/client:1034
[70492123ms] [ERROR] WebSocket connection to 'ws://localhost:5173/' failed: Error in connection establishment: net::ERR_CONNECTION_REFUSED @ http://localhost:5173/@vite/client:1034
[70498699ms] [ERROR] WebSocket connection to 'ws://localhost:5173/' failed: Error in connection establishment: net::ERR_CONNECTION_REFUSED @ http://localhost:5173/@vite/client:1034
[70506808ms] [ERROR] WebSocket connection to 'ws://localhost:5173/' failed: Error in connection establishment: net::ERR_CONNECTION_REFUSED @ http://localhost:5173/@vite/client:1034
[70512466ms] [ERROR] WebSocket connection to 'ws://localhost:5173/' failed: Error in connection establishment: net::ERR_CONNECTION_REFUSED @ http://localhost:5173/@vite/client:1034
[70520279ms] [ERROR] WebSocket connection to 'ws://localhost:5173/' failed: Error in connection establishment: net::ERR_CONNECTION_REFUSED @ http://localhost:5173/@vite/client:1034
[70525125ms] [ERROR] WebSocket connection to 'ws://localhost:5173/' failed: Error in connection establishment: net::ERR_CONNECTION_REFUSED @ http://localhost:5173/@vite/client:1034
[70533163ms] [ERROR] WebSocket connection to 'ws://localhost:5173/' failed: Error in connection establishment: net::ERR_CONNECTION_REFUSED @ http://localhost:5173/@vite/client:1034
[70540557ms] [ERROR] WebSocket connection to 'ws://localhost:5173/' failed: Error in connection establishment: net::ERR_CONNECTION_REFUSED @ http://localhost:5173/@vite/client:1034
[70547365ms] [ERROR] WebSocket connection to 'ws://localhost:5173/' failed: Error in connection establishment: net::ERR_CONNECTION_REFUSED @ http://localhost:5173/@vite/client:1034
[70552957ms] [ERROR] WebSocket connection to 'ws://localhost:5173/' failed: Error in connection establishment: net::ERR_CONNECTION_REFUSED @ http://localhost:5173/@vite/client:1034
[70558172ms] [ERROR] WebSocket connection to 'ws://localhost:5173/' failed: Error in connection establishment: net::ERR_CONNECTION_REFUSED @ http://localhost:5173/@vite/client:1034
[70563297ms] [ERROR] WebSocket connection to 'ws://localhost:5173/' failed: Error in connection establishment: net::ERR_CONNECTION_REFUSED @ http://localhost:5173/@vite/client:1034
[70571209ms] [ERROR] WebSocket connection to 'ws://localhost:5173/' failed: Error in connection establishment: net::ERR_CONNECTION_REFUSED @ http://localhost:5173/@vite/client:1034
[70576855ms] [ERROR] WebSocket connection to 'ws://localhost:5173/' failed: Error in connection establishment: net::ERR_CONNECTION_REFUSED @ http://localhost:5173/@vite/client:1034
[70584509ms] [ERROR] WebSocket connection to 'ws://localhost:5173/' failed: Error in connection establishment: net::ERR_CONNECTION_REFUSED @ http://localhost:5173/@vite/client:1034
[70590822ms] [ERROR] WebSocket connection to 'ws://localhost:5173/' failed: Error in connection establishment: net::ERR_CONNECTION_REFUSED @ http://localhost:5173/@vite/client:1034
[70595656ms] [ERROR] WebSocket connection to 'ws://localhost:5173/' failed: Error in connection establishment: net::ERR_CONNECTION_REFUSED @ http://localhost:5173/@vite/client:1034
[70603927ms] [ERROR] WebSocket connection to 'ws://localhost:5173/' failed: Error in connection establishment: net::ERR_CONNECTION_REFUSED @ http://localhost:5173/@vite/client:1034
[70610960ms] [ERROR] WebSocket connection to 'ws://localhost:5173/' failed: Error in connection establishment: net::ERR_CONNECTION_REFUSED @ http://localhost:5173/@vite/client:1034
[70619077ms] [ERROR] WebSocket connection to 'ws://localhost:5173/' failed: Error in connection establishment: net::ERR_CONNECTION_REFUSED @ http://localhost:5173/@vite/client:1034
[70626676ms] [ERROR] WebSocket connection to 'ws://localhost:5173/' failed: Error in connection establishment: net::ERR_CONNECTION_REFUSED @ http://localhost:5173/@vite/client:1034
[70634977ms] [ERROR] WebSocket connection to 'ws://localhost:5173/' failed: Error in connection establishment: net::ERR_CONNECTION_REFUSED @ http://localhost:5173/@vite/client:1034
[70642979ms] [ERROR] WebSocket connection to 'ws://localhost:5173/' failed: Error in connection establishment: net::ERR_CONNECTION_REFUSED @ http://localhost:5173/@vite/client:1034
[70651377ms] [ERROR] WebSocket connection to 'ws://localhost:5173/' failed: Error in connection establishment: net::ERR_CONNECTION_REFUSED @ http://localhost:5173/@vite/client:1034
[70656555ms] [ERROR] WebSocket connection to 'ws://localhost:5173/' failed: Error in connection establishment: net::ERR_CONNECTION_REFUSED @ http://localhost:5173/@vite/client:1034
[70660370ms] [ERROR] WebSocket connection to 'ws://localhost:5173/' failed: Error in connection establishment: net::ERR_CONNECTION_REFUSED @ http://localhost:5173/@vite/client:1034
[70663872ms] [ERROR] WebSocket connection to 'ws://localhost:5173/' failed: Error in connection establishment: net::ERR_CONNECTION_REFUSED @ http://localhost:5173/@vite/client:1034
[70667618ms] [ERROR] WebSocket connection to 'ws://localhost:5173/' failed: Error in connection establishment: net::ERR_CONNECTION_REFUSED @ http://localhost:5173/@vite/client:1034
[70671378ms] [ERROR] WebSocket connection to 'ws://localhost:5173/' failed: Error in connection establishment: net::ERR_CONNECTION_REFUSED @ http://localhost:5173/@vite/client:1034
[70675101ms] [ERROR] WebSocket connection to 'ws://localhost:5173/' failed: Error in connection establishment: net::ERR_CONNECTION_REFUSED @ http://localhost:5173/@vite/client:1034
[70678561ms] [ERROR] WebSocket connection to 'ws://localhost:5173/' failed: Error in connection establishment: net::ERR_CONNECTION_REFUSED @ http://localhost:5173/@vite/client:1034
[70682359ms] [ERROR] WebSocket connection to 'ws://localhost:5173/' failed: Error in connection establishment: net::ERR_CONNECTION_REFUSED @ http://localhost:5173/@vite/client:1034
[70686010ms] [ERROR] WebSocket connection to 'ws://localhost:5173/' failed: Error in connection establishment: net::ERR_CONNECTION_REFUSED @ http://localhost:5173/@vite/client:1034
[70689654ms] [ERROR] WebSocket connection to 'ws://localhost:5173/' failed: Error in connection establishment: net::ERR_CONNECTION_REFUSED @ http://localhost:5173/@vite/client:1034
[70693307ms] [ERROR] WebSocket connection to 'ws://localhost:5173/' failed: Error in connection establishment: net::ERR_CONNECTION_REFUSED @ http://localhost:5173/@vite/client:1034
[70696825ms] [ERROR] WebSocket connection to 'ws://localhost:5173/' failed: Error in connection establishment: net::ERR_CONNECTION_REFUSED @ http://localhost:5173/@vite/client:1034
[70700599ms] [ERROR] WebSocket connection to 'ws://localhost:5173/' failed: Error in connection establishment: net::ERR_CONNECTION_REFUSED @ http://localhost:5173/@vite/client:1034
[70704679ms] [ERROR] WebSocket connection to 'ws://localhost:5173/' failed: Error in connection establishment: net::ERR_CONNECTION_REFUSED @ http://localhost:5173/@vite/client:1034
[70708459ms] [ERROR] WebSocket connection to 'ws://localhost:5173/' failed: Error in connection establishment: net::ERR_CONNECTION_REFUSED @ http://localhost:5173/@vite/client:1034
[70713309ms] [ERROR] WebSocket connection to 'ws://localhost:5173/' failed: Error in connection establishment: net::ERR_CONNECTION_REFUSED @ http://localhost:5173/@vite/client:1034
[70718555ms] [ERROR] WebSocket connection to 'ws://localhost:5173/' failed: Error in connection establishment: net::ERR_CONNECTION_REFUSED @ http://localhost:5173/@vite/client:1034
[70726759ms] [ERROR] WebSocket connection to 'ws://localhost:5173/' failed: Error in connection establishment: net::ERR_CONNECTION_REFUSED @ http://localhost:5173/@vite/client:1034
[70735360ms] [ERROR] WebSocket connection to 'ws://localhost:5173/' failed: Error in connection establishment: net::ERR_CONNECTION_REFUSED @ http://localhost:5173/@vite/client:1034
[70741451ms] [ERROR] WebSocket connection to 'ws://localhost:5173/' failed: Error in connection establishment: net::ERR_CONNECTION_REFUSED @ http://localhost:5173/@vite/client:1034
[70747496ms] [ERROR] WebSocket connection to 'ws://localhost:5173/' failed: Error in connection establishment: net::ERR_CONNECTION_REFUSED @ http://localhost:5173/@vite/client:1034
[70754978ms] [ERROR] WebSocket connection to 'ws://localhost:5173/' failed: Error in connection establishment: net::ERR_CONNECTION_REFUSED @ http://localhost:5173/@vite/client:1034
[70763107ms] [ERROR] WebSocket connection to 'ws://localhost:5173/' failed: Error in connection establishment: net::ERR_CONNECTION_REFUSED @ http://localhost:5173/@vite/client:1034
[70767767ms] [ERROR] WebSocket connection to 'ws://localhost:5173/' failed: Error in connection establishment: net::ERR_CONNECTION_REFUSED @ http://localhost:5173/@vite/client:1034
[70772380ms] [ERROR] WebSocket connection to 'ws://localhost:5173/' failed: Error in connection establishment: net::ERR_CONNECTION_REFUSED @ http://localhost:5173/@vite/client:1034
[70778510ms] [ERROR] WebSocket connection to 'ws://localhost:5173/' failed: Error in connection establishment: net::ERR_CONNECTION_REFUSED @ http://localhost:5173/@vite/client:1034
[70785856ms] [ERROR] WebSocket connection to 'ws://localhost:5173/' failed: Error in connection establishment: net::ERR_CONNECTION_REFUSED @ http://localhost:5173/@vite/client:1034
[70790374ms] [ERROR] WebSocket connection to 'ws://localhost:5173/' failed: Error in connection establishment: net::ERR_CONNECTION_REFUSED @ http://localhost:5173/@vite/client:1034
[70795527ms] [ERROR] WebSocket connection to 'ws://localhost:5173/' failed: Error in connection establishment: net::ERR_CONNECTION_REFUSED @ http://localhost:5173/@vite/client:1034
[70803395ms] [ERROR] WebSocket connection to 'ws://localhost:5173/' failed: Error in connection establishment: net::ERR_CONNECTION_REFUSED @ http://localhost:5173/@vite/client:1034
[70808525ms] [ERROR] WebSocket connection to 'ws://localhost:5173/' failed: Error in connection establishment: net::ERR_CONNECTION_REFUSED @ http://localhost:5173/@vite/client:1034
[70813497ms] [ERROR] WebSocket connection to 'ws://localhost:5173/' failed: Error in connection establishment: net::ERR_CONNECTION_REFUSED @ http://localhost:5173/@vite/client:1034
[70821858ms] [ERROR] WebSocket connection to 'ws://localhost:5173/' failed: Error in connection establishment: net::ERR_CONNECTION_REFUSED @ http://localhost:5173/@vite/client:1034
[70829277ms] [ERROR] WebSocket connection to 'ws://localhost:5173/' failed: Error in connection establishment: net::ERR_CONNECTION_REFUSED @ http://localhost:5173/@vite/client:1034
[70835074ms] [ERROR] WebSocket connection to 'ws://localhost:5173/' failed: Error in connection establishment: net::ERR_CONNECTION_REFUSED @ http://localhost:5173/@vite/client:1034
[70842229ms] [ERROR] WebSocket connection to 'ws://localhost:5173/' failed: Error in connection establishment: net::ERR_CONNECTION_REFUSED @ http://localhost:5173/@vite/client:1034
[70850424ms] [ERROR] WebSocket connection to 'ws://localhost:5173/' failed: Error in connection establishment: net::ERR_CONNECTION_REFUSED @ http://localhost:5173/@vite/client:1034
[70856279ms] [ERROR] WebSocket connection to 'ws://localhost:5173/' failed: Error in connection establishment: net::ERR_CONNECTION_REFUSED @ http://localhost:5173/@vite/client:1034
[70862175ms] [ERROR] WebSocket connection to 'ws://localhost:5173/' failed: Error in connection establishment: net::ERR_CONNECTION_REFUSED @ http://localhost:5173/@vite/client:1034
[70868876ms] [ERROR] WebSocket connection to 'ws://localhost:5173/' failed: Error in connection establishment: net::ERR_CONNECTION_REFUSED @ http://localhost:5173/@vite/client:1034
[70877374ms] [ERROR] WebSocket connection to 'ws://localhost:5173/' failed: Error in connection establishment: net::ERR_CONNECTION_REFUSED @ http://localhost:5173/@vite/client:1034
[70884027ms] [ERROR] WebSocket connection to 'ws://localhost:5173/' failed: Error in connection establishment: net::ERR_CONNECTION_REFUSED @ http://localhost:5173/@vite/client:1034
[70891607ms] [ERROR] WebSocket connection to 'ws://localhost:5173/' failed: Error in connection establishment: net::ERR_CONNECTION_REFUSED @ http://localhost:5173/@vite/client:1034
[70900158ms] [ERROR] WebSocket connection to 'ws://localhost:5173/' failed: Error in connection establishment: net::ERR_CONNECTION_REFUSED @ http://localhost:5173/@vite/client:1034
[70905948ms] [ERROR] WebSocket connection to 'ws://localhost:5173/' failed: Error in connection establishment: net::ERR_CONNECTION_REFUSED @ http://localhost:5173/@vite/client:1034
[70912701ms] [ERROR] WebSocket connection to 'ws://localhost:5173/' failed: Error in connection establishment: net::ERR_CONNECTION_REFUSED @ http://localhost:5173/@vite/client:1034
[70921273ms] [ERROR] WebSocket connection to 'ws://localhost:5173/' failed: Error in connection establishment: net::ERR_CONNECTION_REFUSED @ http://localhost:5173/@vite/client:1034
[70929151ms] [ERROR] WebSocket connection to 'ws://localhost:5173/' failed: Error in connection establishment: net::ERR_CONNECTION_REFUSED @ http://localhost:5173/@vite/client:1034
[70937680ms] [ERROR] WebSocket connection to 'ws://localhost:5173/' failed: Error in connection establishment: net::ERR_CONNECTION_REFUSED @ http://localhost:5173/@vite/client:1034
[70945359ms] [ERROR] WebSocket connection to 'ws://localhost:5173/' failed: Error in connection establishment: net::ERR_CONNECTION_REFUSED @ http://localhost:5173/@vite/client:1034
[70951207ms] [ERROR] WebSocket connection to 'ws://localhost:5173/' failed: Error in connection establishment: net::ERR_CONNECTION_REFUSED @ http://localhost:5173/@vite/client:1034
[70959927ms] [ERROR] WebSocket connection to 'ws://localhost:5173/' failed: Error in connection establishment: net::ERR_CONNECTION_REFUSED @ http://localhost:5173/@vite/client:1034
[70966596ms] [ERROR] WebSocket connection to 'ws://localhost:5173/' failed: Error in connection establishment: net::ERR_CONNECTION_REFUSED @ http://localhost:5173/@vite/client:1034
[70973125ms] [ERROR] WebSocket connection to 'ws://localhost:5173/' failed: Error in connection establishment: net::ERR_CONNECTION_REFUSED @ http://localhost:5173/@vite/client:1034
[70977880ms] [ERROR] WebSocket connection to 'ws://localhost:5173/' failed: Error in connection establishment: net::ERR_CONNECTION_REFUSED @ http://localhost:5173/@vite/client:1034
[70985477ms] [ERROR] WebSocket connection to 'ws://localhost:5173/' failed: Error in connection establishment: net::ERR_CONNECTION_REFUSED @ http://localhost:5173/@vite/client:1034
[70990929ms] [ERROR] WebSocket connection to 'ws://localhost:5173/' failed: Error in connection establishment: net::ERR_CONNECTION_REFUSED @ http://localhost:5173/@vite/client:1034
[70998175ms] [ERROR] WebSocket connection to 'ws://localhost:5173/' failed: Error in connection establishment: net::ERR_CONNECTION_REFUSED @ http://localhost:5173/@vite/client:1034
[71003126ms] [ERROR] WebSocket connection to 'ws://localhost:5173/' failed: Error in connection establishment: net::ERR_CONNECTION_REFUSED @ http://localhost:5173/@vite/client:1034
[71010899ms] [ERROR] WebSocket connection to 'ws://localhost:5173/' failed: Error in connection establishment: net::ERR_CONNECTION_REFUSED @ http://localhost:5173/@vite/client:1034
[71016825ms] [ERROR] WebSocket connection to 'ws://localhost:5173/' failed: Error in connection establishment: net::ERR_CONNECTION_REFUSED @ http://localhost:5173/@vite/client:1034
[71020359ms] [ERROR] WebSocket connection to 'ws://localhost:5173/' failed: Error in connection establishment: net::ERR_CONNECTION_REFUSED @ http://localhost:5173/@vite/client:1034
[71024097ms] [ERROR] WebSocket connection to 'ws://localhost:5173/' failed: Error in connection establishment: net::ERR_CONNECTION_REFUSED @ http://localhost:5173/@vite/client:1034
[71027755ms] [ERROR] WebSocket connection to 'ws://localhost:5173/' failed: Error in connection establishment: net::ERR_CONNECTION_REFUSED @ http://localhost:5173/@vite/client:1034
[71031367ms] [ERROR] WebSocket connection to 'ws://localhost:5173/' failed: Error in connection establishment: net::ERR_CONNECTION_REFUSED @ http://localhost:5173/@vite/client:1034
[71034818ms] [ERROR] WebSocket connection to 'ws://localhost:5173/' failed: Error in connection establishment: net::ERR_CONNECTION_REFUSED @ http://localhost:5173/@vite/client:1034
[71038418ms] [ERROR] WebSocket connection to 'ws://localhost:5173/' failed: Error in connection establishment: net::ERR_CONNECTION_REFUSED @ http://localhost:5173/@vite/client:1034
[71042202ms] [ERROR] WebSocket connection to 'ws://localhost:5173/' failed: Error in connection establishment: net::ERR_CONNECTION_REFUSED @ http://localhost:5173/@vite/client:1034
[71045752ms] [ERROR] WebSocket connection to 'ws://localhost:5173/' failed: Error in connection establishment: net::ERR_CONNECTION_REFUSED @ http://localhost:5173/@vite/client:1034
[71049508ms] [ERROR] WebSocket connection to 'ws://localhost:5173/' failed: Error in connection establishment: net::ERR_CONNECTION_REFUSED @ http://localhost:5173/@vite/client:1034
[71053070ms] [ERROR] WebSocket connection to 'ws://localhost:5173/' failed: Error in connection establishment: net::ERR_CONNECTION_REFUSED @ http://localhost:5173/@vite/client:1034
[71056919ms] [ERROR] WebSocket connection to 'ws://localhost:5173/' failed: Error in connection establishment: net::ERR_CONNECTION_REFUSED @ http://localhost:5173/@vite/client:1034
[71060470ms] [ERROR] WebSocket connection to 'ws://localhost:5173/' failed: Error in connection establishment: net::ERR_CONNECTION_REFUSED @ http://localhost:5173/@vite/client:1034
[71064119ms] [ERROR] WebSocket connection to 'ws://localhost:5173/' failed: Error in connection establishment: net::ERR_CONNECTION_REFUSED @ http://localhost:5173/@vite/client:1034
[71068028ms] [ERROR] WebSocket connection to 'ws://localhost:5173/' failed: Error in connection establishment: net::ERR_CONNECTION_REFUSED @ http://localhost:5173/@vite/client:1034
[71072309ms] [ERROR] WebSocket connection to 'ws://localhost:5173/' failed: Error in connection establishment: net::ERR_CONNECTION_REFUSED @ http://localhost:5173/@vite/client:1034
[71077229ms] [ERROR] WebSocket connection to 'ws://localhost:5173/' failed: Error in connection establishment: net::ERR_CONNECTION_REFUSED @ http://localhost:5173/@vite/client:1034
[71083761ms] [ERROR] WebSocket connection to 'ws://localhost:5173/' failed: Error in connection establishment: net::ERR_CONNECTION_REFUSED @ http://localhost:5173/@vite/client:1034
[71089004ms] [ERROR] WebSocket connection to 'ws://localhost:5173/' failed: Error in connection establishment: net::ERR_CONNECTION_REFUSED @ http://localhost:5173/@vite/client:1034
[71095854ms] [ERROR] WebSocket connection to 'ws://localhost:5173/' failed: Error in connection establishment: net::ERR_CONNECTION_REFUSED @ http://localhost:5173/@vite/client:1034
[71103510ms] [ERROR] WebSocket connection to 'ws://localhost:5173/' failed: Error in connection establishment: net::ERR_CONNECTION_REFUSED @ http://localhost:5173/@vite/client:1034
[71110802ms] [ERROR] WebSocket connection to 'ws://localhost:5173/' failed: Error in connection establishment: net::ERR_CONNECTION_REFUSED @ http://localhost:5173/@vite/client:1034
[71117758ms] [ERROR] WebSocket connection to 'ws://localhost:5173/' failed: Error in connection establishment: net::ERR_CONNECTION_REFUSED @ http://localhost:5173/@vite/client:1034
[71123902ms] [ERROR] WebSocket connection to 'ws://localhost:5173/' failed: Error in connection establishment: net::ERR_CONNECTION_REFUSED @ http://localhost:5173/@vite/client:1034
[71129651ms] [ERROR] WebSocket connection to 'ws://localhost:5173/' failed: Error in connection establishment: net::ERR_CONNECTION_REFUSED @ http://localhost:5173/@vite/client:1034
[71136659ms] [ERROR] WebSocket connection to 'ws://localhost:5173/' failed: Error in connection establishment: net::ERR_CONNECTION_REFUSED @ http://localhost:5173/@vite/client:1034
[71143226ms] [ERROR] WebSocket connection to 'ws://localhost:5173/' failed: Error in connection establishment: net::ERR_CONNECTION_REFUSED @ http://localhost:5173/@vite/client:1034
[71150807ms] [ERROR] WebSocket connection to 'ws://localhost:5173/' failed: Error in connection establishment: net::ERR_CONNECTION_REFUSED @ http://localhost:5173/@vite/client:1034
[71156927ms] [ERROR] WebSocket connection to 'ws://localhost:5173/' failed: Error in connection establishment: net::ERR_CONNECTION_REFUSED @ http://localhost:5173/@vite/client:1034
[71163256ms] [ERROR] WebSocket connection to 'ws://localhost:5173/' failed: Error in connection establishment: net::ERR_CONNECTION_REFUSED @ http://localhost:5173/@vite/client:1034
[71168328ms] [ERROR] WebSocket connection to 'ws://localhost:5173/' failed: Error in connection establishment: net::ERR_CONNECTION_REFUSED @ http://localhost:5173/@vite/client:1034
[71176802ms] [ERROR] WebSocket connection to 'ws://localhost:5173/' failed: Error in connection establishment: net::ERR_CONNECTION_REFUSED @ http://localhost:5173/@vite/client:1034
[71181629ms] [ERROR] WebSocket connection to 'ws://localhost:5173/' failed: Error in connection establishment: net::ERR_CONNECTION_REFUSED @ http://localhost:5173/@vite/client:1034
[71186927ms] [ERROR] WebSocket connection to 'ws://localhost:5173/' failed: Error in connection establishment: net::ERR_CONNECTION_REFUSED @ http://localhost:5173/@vite/client:1034
[71195124ms] [ERROR] WebSocket connection to 'ws://localhost:5173/' failed: Error in connection establishment: net::ERR_CONNECTION_REFUSED @ http://localhost:5173/@vite/client:1034
[71200372ms] [ERROR] WebSocket connection to 'ws://localhost:5173/' failed: Error in connection establishment: net::ERR_CONNECTION_REFUSED @ http://localhost:5173/@vite/client:1034
[71208807ms] [ERROR] WebSocket connection to 'ws://localhost:5173/' failed: Error in connection establishment: net::ERR_CONNECTION_REFUSED @ http://localhost:5173/@vite/client:1034
[71217349ms] [ERROR] WebSocket connection to 'ws://localhost:5173/' failed: Error in connection establishment: net::ERR_CONNECTION_REFUSED @ http://localhost:5173/@vite/client:1034
[71225808ms] [ERROR] WebSocket connection to 'ws://localhost:5173/' failed: Error in connection establishment: net::ERR_CONNECTION_REFUSED @ http://localhost:5173/@vite/client:1034
[71230765ms] [ERROR] WebSocket connection to 'ws://localhost:5173/' failed: Error in connection establishment: net::ERR_CONNECTION_REFUSED @ http://localhost:5173/@vite/client:1034
[71236958ms] [ERROR] WebSocket connection to 'ws://localhost:5173/' failed: Error in connection establishment: net::ERR_CONNECTION_REFUSED @ http://localhost:5173/@vite/client:1034
[71241872ms] [ERROR] WebSocket connection to 'ws://localhost:5173/' failed: Error in connection establishment: net::ERR_CONNECTION_REFUSED @ http://localhost:5173/@vite/client:1034
[71247904ms] [ERROR] WebSocket connection to 'ws://localhost:5173/' failed: Error in connection establishment: net::ERR_CONNECTION_REFUSED @ http://localhost:5173/@vite/client:1034
[71254675ms] [ERROR] WebSocket connection to 'ws://localhost:5173/' failed: Error in connection establishment: net::ERR_CONNECTION_REFUSED @ http://localhost:5173/@vite/client:1034
[71261924ms] [ERROR] WebSocket connection to 'ws://localhost:5173/' failed: Error in connection establishment: net::ERR_CONNECTION_REFUSED @ http://localhost:5173/@vite/client:1034
[71268246ms] [ERROR] WebSocket connection to 'ws://localhost:5173/' failed: Error in connection establishment: net::ERR_CONNECTION_REFUSED @ http://localhost:5173/@vite/client:1034
[71274659ms] [ERROR] WebSocket connection to 'ws://localhost:5173/' failed: Error in connection establishment: net::ERR_CONNECTION_REFUSED @ http://localhost:5173/@vite/client:1034
[71281130ms] [ERROR] WebSocket connection to 'ws://localhost:5173/' failed: Error in connection establishment: net::ERR_CONNECTION_REFUSED @ http://localhost:5173/@vite/client:1034
[71286578ms] [ERROR] WebSocket connection to 'ws://localhost:5173/' failed: Error in connection establishment: net::ERR_CONNECTION_REFUSED @ http://localhost:5173/@vite/client:1034
[71293460ms] [ERROR] WebSocket connection to 'ws://localhost:5173/' failed: Error in connection establishment: net::ERR_CONNECTION_REFUSED @ http://localhost:5173/@vite/client:1034
[71300923ms] [ERROR] WebSocket connection to 'ws://localhost:5173/' failed: Error in connection establishment: net::ERR_CONNECTION_REFUSED @ http://localhost:5173/@vite/client:1034
[71306078ms] [ERROR] WebSocket connection to 'ws://localhost:5173/' failed: Error in connection establishment: net::ERR_CONNECTION_REFUSED @ http://localhost:5173/@vite/client:1034
[71311540ms] [ERROR] WebSocket connection to 'ws://localhost:5173/' failed: Error in connection establishment: net::ERR_CONNECTION_REFUSED @ http://localhost:5173/@vite/client:1034
[71319433ms] [ERROR] WebSocket connection to 'ws://localhost:5173/' failed: Error in connection establishment: net::ERR_CONNECTION_REFUSED @ http://localhost:5173/@vite/client:1034
[71324946ms] [ERROR] WebSocket connection to 'ws://localhost:5173/' failed: Error in connection establishment: net::ERR_CONNECTION_REFUSED @ http://localhost:5173/@vite/client:1034
[71330239ms] [ERROR] WebSocket connection to 'ws://localhost:5173/' failed: Error in connection establishment: net::ERR_CONNECTION_REFUSED @ http://localhost:5173/@vite/client:1034
[71338350ms] [ERROR] WebSocket connection to 'ws://localhost:5173/' failed: Error in connection establishment: net::ERR_CONNECTION_REFUSED @ http://localhost:5173/@vite/client:1034
[71344841ms] [ERROR] WebSocket connection to 'ws://localhost:5173/' failed: Error in connection establishment: net::ERR_CONNECTION_REFUSED @ http://localhost:5173/@vite/client:1034
[71349549ms] [ERROR] WebSocket connection to 'ws://localhost:5173/' failed: Error in connection establishment: net::ERR_CONNECTION_REFUSED @ http://localhost:5173/@vite/client:1034
[71357743ms] [ERROR] WebSocket connection to 'ws://localhost:5173/' failed: Error in connection establishment: net::ERR_CONNECTION_REFUSED @ http://localhost:5173/@vite/client:1034
[71363635ms] [ERROR] WebSocket connection to 'ws://localhost:5173/' failed: Error in connection establishment: net::ERR_CONNECTION_REFUSED @ http://localhost:5173/@vite/client:1034
[71369852ms] [ERROR] WebSocket connection to 'ws://localhost:5173/' failed: Error in connection establishment: net::ERR_CONNECTION_REFUSED @ http://localhost:5173/@vite/client:1034
[71376249ms] [ERROR] WebSocket connection to 'ws://localhost:5173/' failed: Error in connection establishment: net::ERR_CONNECTION_REFUSED @ http://localhost:5173/@vite/client:1034
[71384042ms] [ERROR] WebSocket connection to 'ws://localhost:5173/' failed: Error in connection establishment: net::ERR_CONNECTION_REFUSED @ http://localhost:5173/@vite/client:1034
[71390841ms] [ERROR] WebSocket connection to 'ws://localhost:5173/' failed: Error in connection establishment: net::ERR_CONNECTION_REFUSED @ http://localhost:5173/@vite/client:1034
[71396143ms] [ERROR] WebSocket connection to 'ws://localhost:5173/' failed: Error in connection establishment: net::ERR_CONNECTION_REFUSED @ http://localhost:5173/@vite/client:1034
[71403541ms] [ERROR] WebSocket connection to 'ws://localhost:5173/' failed: Error in connection establishment: net::ERR_CONNECTION_REFUSED @ http://localhost:5173/@vite/client:1034
[71410547ms] [ERROR] WebSocket connection to 'ws://localhost:5173/' failed: Error in connection establishment: net::ERR_CONNECTION_REFUSED @ http://localhost:5173/@vite/client:1034
[71415160ms] [ERROR] WebSocket connection to 'ws://localhost:5173/' failed: Error in connection establishment: net::ERR_CONNECTION_REFUSED @ http://localhost:5173/@vite/client:1034
[71421238ms] [ERROR] WebSocket connection to 'ws://localhost:5173/' failed: Error in connection establishment: net::ERR_CONNECTION_REFUSED @ http://localhost:5173/@vite/client:1034
[71426553ms] [ERROR] WebSocket connection to 'ws://localhost:5173/' failed: Error in connection establishment: net::ERR_CONNECTION_REFUSED @ http://localhost:5173/@vite/client:1034
[71434443ms] [ERROR] WebSocket connection to 'ws://localhost:5173/' failed: Error in connection establishment: net::ERR_CONNECTION_REFUSED @ http://localhost:5173/@vite/client:1034
[71440634ms] [ERROR] WebSocket connection to 'ws://localhost:5173/' failed: Error in connection establishment: net::ERR_CONNECTION_REFUSED @ http://localhost:5173/@vite/client:1034
[71447252ms] [ERROR] WebSocket connection to 'ws://localhost:5173/' failed: Error in connection establishment: net::ERR_CONNECTION_REFUSED @ http://localhost:5173/@vite/client:1034
[71480263ms] [INFO] %cDownload the React DevTools for a better development experience: https://reactjs.org/link/react-devtools font-weight:bold @ http://localhost:5173/node_modules/.vite/deps/chunk-NXESFFTV.js?v=98a32b23:21608
[71480358ms] [WARNING] ⚠️ React Router Future Flag Warning: React Router will begin wrapping state updates in `React.startTransition` in v7. You can use the `v7_startTransition` future flag to opt-in early. For more information, see https://reactrouter.com/v6/upgrading/future#v7_starttransition. @ http://localhost:5173/node_modules/.vite/deps/react-router-dom.js?v=98a32b23:4416
[71480358ms] [WARNING] ⚠️ React Router Future Flag Warning: Relative route resolution within Splat routes is changing in v7. You can use the `v7_relativeSplatPath` future flag to opt-in early. For more information, see https://reactrouter.com/v6/upgrading/future#v7_relativesplatpath. @ http://localhost:5173/node_modules/.vite/deps/react-router-dom.js?v=98a32b23:4416
[71480442ms] [VERBOSE] [DOM] Input elements should have autocomplete attributes (suggested: "current-password"): (More info: https://goo.gl/9p2vKq) %o @ http://localhost:5173/login:0
[75159424ms] [LOG] [vite] server connection lost. Polling for restart... @ http://localhost:5173/@vite/client:963
[75162104ms] [ERROR] WebSocket connection to 'ws://localhost:5173/' failed: Error in connection establishment: net::ERR_CONNECTION_REFUSED @ http://localhost:5173/@vite/client:1034
[75165665ms] [ERROR] WebSocket connection to 'ws://localhost:5173/' failed: Error in connection establishment: net::ERR_CONNECTION_REFUSED @ http://localhost:5173/@vite/client:1034
[75169496ms] [ERROR] WebSocket connection to 'ws://localhost:5173/' failed: Error in connection establishment: net::ERR_CONNECTION_REFUSED @ http://localhost:5173/@vite/client:1034
[75173038ms] [ERROR] WebSocket connection to 'ws://localhost:5173/' failed: Error in connection establishment: net::ERR_CONNECTION_REFUSED @ http://localhost:5173/@vite/client:1034
[75176554ms] [ERROR] WebSocket connection to 'ws://localhost:5173/' failed: Error in connection establishment: net::ERR_CONNECTION_REFUSED @ http://localhost:5173/@vite/client:1034
[75180056ms] [ERROR] WebSocket connection to 'ws://localhost:5173/' failed: Error in connection establishment: net::ERR_CONNECTION_REFUSED @ http://localhost:5173/@vite/client:1034
[75183689ms] [ERROR] WebSocket connection to 'ws://localhost:5173/' failed: Error in connection establishment: net::ERR_CONNECTION_REFUSED @ http://localhost:5173/@vite/client:1034
[75187254ms] [ERROR] WebSocket connection to 'ws://localhost:5173/' failed: Error in connection establishment: net::ERR_CONNECTION_REFUSED @ http://localhost:5173/@vite/client:1034
[75190851ms] [ERROR] WebSocket connection to 'ws://localhost:5173/' failed: Error in connection establishment: net::ERR_CONNECTION_REFUSED @ http://localhost:5173/@vite/client:1034
[75194628ms] [ERROR] WebSocket connection to 'ws://localhost:5173/' failed: Error in connection establishment: net::ERR_CONNECTION_REFUSED @ http://localhost:5173/@vite/client:1034
[75198242ms] [ERROR] WebSocket connection to 'ws://localhost:5173/' failed: Error in connection establishment: net::ERR_CONNECTION_REFUSED @ http://localhost:5173/@vite/client:1034
[75202211ms] [ERROR] WebSocket connection to 'ws://localhost:5173/' failed: Error in connection establishment: net::ERR_CONNECTION_REFUSED @ http://localhost:5173/@vite/client:1034
[75206476ms] [ERROR] WebSocket connection to 'ws://localhost:5173/' failed: Error in connection establishment: net::ERR_CONNECTION_REFUSED @ http://localhost:5173/@vite/client:1034
[75210760ms] [ERROR] WebSocket connection to 'ws://localhost:5173/' failed: Error in connection establishment: net::ERR_CONNECTION_REFUSED @ http://localhost:5173/@vite/client:1034
[75215302ms] [ERROR] WebSocket connection to 'ws://localhost:5173/' failed: Error in connection establishment: net::ERR_CONNECTION_REFUSED @ http://localhost:5173/@vite/client:1034
[75221418ms] [ERROR] WebSocket connection to 'ws://localhost:5173/' failed: Error in connection establishment: net::ERR_CONNECTION_REFUSED @ http://localhost:5173/@vite/client:1034
[75229229ms] [ERROR] WebSocket connection to 'ws://localhost:5173/' failed: Error in connection establishment: net::ERR_CONNECTION_REFUSED @ http://localhost:5173/@vite/client:1034
[75236307ms] [ERROR] WebSocket connection to 'ws://localhost:5173/' failed: Error in connection establishment: net::ERR_CONNECTION_REFUSED @ http://localhost:5173/@vite/client:1034
[75243593ms] [ERROR] WebSocket connection to 'ws://localhost:5173/' failed: Error in connection establishment: net::ERR_CONNECTION_REFUSED @ http://localhost:5173/@vite/client:1034
[75251196ms] [ERROR] WebSocket connection to 'ws://localhost:5173/' failed: Error in connection establishment: net::ERR_CONNECTION_REFUSED @ http://localhost:5173/@vite/client:1034
[75256726ms] [ERROR] WebSocket connection to 'ws://localhost:5173/' failed: Error in connection establishment: net::ERR_CONNECTION_REFUSED @ http://localhost:5173/@vite/client:1034
[75265087ms] [ERROR] WebSocket connection to 'ws://localhost:5173/' failed: Error in connection establishment: net::ERR_CONNECTION_REFUSED @ http://localhost:5173/@vite/client:1034
[75271242ms] [ERROR] WebSocket connection to 'ws://localhost:5173/' failed: Error in connection establishment: net::ERR_CONNECTION_REFUSED @ http://localhost:5173/@vite/client:1034
[75277730ms] [ERROR] WebSocket connection to 'ws://localhost:5173/' failed: Error in connection establishment: net::ERR_CONNECTION_REFUSED @ http://localhost:5173/@vite/client:1034
[75285618ms] [ERROR] WebSocket connection to 'ws://localhost:5173/' failed: Error in connection establishment: net::ERR_CONNECTION_REFUSED @ http://localhost:5173/@vite/client:1034
[75290555ms] [ERROR] WebSocket connection to 'ws://localhost:5173/' failed: Error in connection establishment: net::ERR_CONNECTION_REFUSED @ http://localhost:5173/@vite/client:1034
[75297121ms] [ERROR] WebSocket connection to 'ws://localhost:5173/' failed: Error in connection establishment: net::ERR_CONNECTION_REFUSED @ http://localhost:5173/@vite/client:1034
[75301986ms] [ERROR] WebSocket connection to 'ws://localhost:5173/' failed: Error in connection establishment: net::ERR_CONNECTION_REFUSED @ http://localhost:5173/@vite/client:1034
[75309132ms] [ERROR] WebSocket connection to 'ws://localhost:5173/' failed: Error in connection establishment: net::ERR_CONNECTION_REFUSED @ http://localhost:5173/@vite/client:1034
[75313701ms] [ERROR] WebSocket connection to 'ws://localhost:5173/' failed: Error in connection establishment: net::ERR_CONNECTION_REFUSED @ http://localhost:5173/@vite/client:1034
[75319598ms] [ERROR] WebSocket connection to 'ws://localhost:5173/' failed: Error in connection establishment: net::ERR_CONNECTION_REFUSED @ http://localhost:5173/@vite/client:1034
[75327698ms] [ERROR] WebSocket connection to 'ws://localhost:5173/' failed: Error in connection establishment: net::ERR_CONNECTION_REFUSED @ http://localhost:5173/@vite/client:1034
[75334905ms] [ERROR] WebSocket connection to 'ws://localhost:5173/' failed: Error in connection establishment: net::ERR_CONNECTION_REFUSED @ http://localhost:5173/@vite/client:1034
[75339654ms] [ERROR] WebSocket connection to 'ws://localhost:5173/' failed: Error in connection establishment: net::ERR_CONNECTION_REFUSED @ http://localhost:5173/@vite/client:1034
[75348741ms] [ERROR] WebSocket connection to 'ws://localhost:5173/' failed: Error in connection establishment: net::ERR_CONNECTION_REFUSED @ http://localhost:5173/@vite/client:1034
[75355291ms] [ERROR] WebSocket connection to 'ws://localhost:5173/' failed: Error in connection establishment: net::ERR_CONNECTION_REFUSED @ http://localhost:5173/@vite/client:1034
[75362243ms] [ERROR] WebSocket connection to 'ws://localhost:5173/' failed: Error in connection establishment: net::ERR_CONNECTION_REFUSED @ http://localhost:5173/@vite/client:1034
[75370603ms] [ERROR] WebSocket connection to 'ws://localhost:5173/' failed: Error in connection establishment: net::ERR_CONNECTION_REFUSED @ http://localhost:5173/@vite/client:1034
[75378790ms] [ERROR] WebSocket connection to 'ws://localhost:5173/' failed: Error in connection establishment: net::ERR_CONNECTION_REFUSED @ http://localhost:5173/@vite/client:1034
[75385855ms] [ERROR] WebSocket connection to 'ws://localhost:5173/' failed: Error in connection establishment: net::ERR_CONNECTION_REFUSED @ http://localhost:5173/@vite/client:1034
[75392729ms] [ERROR] WebSocket connection to 'ws://localhost:5173/' failed: Error in connection establishment: net::ERR_CONNECTION_REFUSED @ http://localhost:5173/@vite/client:1034
[75397555ms] [ERROR] WebSocket connection to 'ws://localhost:5173/' failed: Error in connection establishment: net::ERR_CONNECTION_REFUSED @ http://localhost:5173/@vite/client:1034
[75403902ms] [ERROR] WebSocket connection to 'ws://localhost:5173/' failed: Error in connection establishment: net::ERR_CONNECTION_REFUSED @ http://localhost:5173/@vite/client:1034
[75410002ms] [ERROR] WebSocket connection to 'ws://localhost:5173/' failed: Error in connection establishment: net::ERR_CONNECTION_REFUSED @ http://localhost:5173/@vite/client:1034
[75415483ms] [ERROR] WebSocket connection to 'ws://localhost:5173/' failed: Error in connection establishment: net::ERR_CONNECTION_REFUSED @ http://localhost:5173/@vite/client:1034
[75422490ms] [ERROR] WebSocket connection to 'ws://localhost:5173/' failed: Error in connection establishment: net::ERR_CONNECTION_REFUSED @ http://localhost:5173/@vite/client:1034
[75429818ms] [ERROR] WebSocket connection to 'ws://localhost:5173/' failed: Error in connection establishment: net::ERR_CONNECTION_REFUSED @ http://localhost:5173/@vite/client:1034
[75438396ms] [ERROR] WebSocket connection to 'ws://localhost:5173/' failed: Error in connection establishment: net::ERR_CONNECTION_REFUSED @ http://localhost:5173/@vite/client:1034
[75445000ms] [ERROR] WebSocket connection to 'ws://localhost:5173/' failed: Error in connection establishment: net::ERR_CONNECTION_REFUSED @ http://localhost:5173/@vite/client:1034
[75452291ms] [ERROR] WebSocket connection to 'ws://localhost:5173/' failed: Error in connection establishment: net::ERR_CONNECTION_REFUSED @ http://localhost:5173/@vite/client:1034
[75459332ms] [ERROR] WebSocket connection to 'ws://localhost:5173/' failed: Error in connection establishment: net::ERR_CONNECTION_REFUSED @ http://localhost:5173/@vite/client:1034
[75465193ms] [ERROR] WebSocket connection to 'ws://localhost:5173/' failed: Error in connection establishment: net::ERR_CONNECTION_REFUSED @ http://localhost:5173/@vite/client:1034
[75472396ms] [ERROR] WebSocket connection to 'ws://localhost:5173/' failed: Error in connection establishment: net::ERR_CONNECTION_REFUSED @ http://localhost:5173/@vite/client:1034
[75480095ms] [ERROR] WebSocket connection to 'ws://localhost:5173/' failed: Error in connection establishment: net::ERR_CONNECTION_REFUSED @ http://localhost:5173/@vite/client:1034
[75485323ms] [ERROR] WebSocket connection to 'ws://localhost:5173/' failed: Error in connection establishment: net::ERR_CONNECTION_REFUSED @ http://localhost:5173/@vite/client:1034
[75490144ms] [ERROR] WebSocket connection to 'ws://localhost:5173/' failed: Error in connection establishment: net::ERR_CONNECTION_REFUSED @ http://localhost:5173/@vite/client:1034
[75497699ms] [ERROR] WebSocket connection to 'ws://localhost:5173/' failed: Error in connection establishment: net::ERR_CONNECTION_REFUSED @ http://localhost:5173/@vite/client:1034
[75504298ms] [ERROR] WebSocket connection to 'ws://localhost:5173/' failed: Error in connection establishment: net::ERR_CONNECTION_REFUSED @ http://localhost:5173/@vite/client:1034
[75512123ms] [ERROR] WebSocket connection to 'ws://localhost:5173/' failed: Error in connection establishment: net::ERR_CONNECTION_REFUSED @ http://localhost:5173/@vite/client:1034
[75519721ms] [ERROR] WebSocket connection to 'ws://localhost:5173/' failed: Error in connection establishment: net::ERR_CONNECTION_REFUSED @ http://localhost:5173/@vite/client:1034
[75526397ms] [ERROR] WebSocket connection to 'ws://localhost:5173/' failed: Error in connection establishment: net::ERR_CONNECTION_REFUSED @ http://localhost:5173/@vite/client:1034
[75534592ms] [ERROR] WebSocket connection to 'ws://localhost:5173/' failed: Error in connection establishment: net::ERR_CONNECTION_REFUSED @ http://localhost:5173/@vite/client:1034
[75540302ms] [ERROR] WebSocket connection to 'ws://localhost:5173/' failed: Error in connection establishment: net::ERR_CONNECTION_REFUSED @ http://localhost:5173/@vite/client:1034
[75545402ms] [ERROR] WebSocket connection to 'ws://localhost:5173/' failed: Error in connection establishment: net::ERR_CONNECTION_REFUSED @ http://localhost:5173/@vite/client:1034
[75552492ms] [ERROR] WebSocket connection to 'ws://localhost:5173/' failed: Error in connection establishment: net::ERR_CONNECTION_REFUSED @ http://localhost:5173/@vite/client:1034
[75557623ms] [ERROR] WebSocket connection to 'ws://localhost:5173/' failed: Error in connection establishment: net::ERR_CONNECTION_REFUSED @ http://localhost:5173/@vite/client:1034
[75564651ms] [ERROR] WebSocket connection to 'ws://localhost:5173/' failed: Error in connection establishment: net::ERR_CONNECTION_REFUSED @ http://localhost:5173/@vite/client:1034
[75573306ms] [ERROR] WebSocket connection to 'ws://localhost:5173/' failed: Error in connection establishment: net::ERR_CONNECTION_REFUSED @ http://localhost:5173/@vite/client:1034
[75580024ms] [ERROR] WebSocket connection to 'ws://localhost:5173/' failed: Error in connection establishment: net::ERR_CONNECTION_REFUSED @ http://localhost:5173/@vite/client:1034
[75588308ms] [ERROR] WebSocket connection to 'ws://localhost:5173/' failed: Error in connection establishment: net::ERR_CONNECTION_REFUSED @ http://localhost:5173/@vite/client:1034
[75594341ms] [ERROR] WebSocket connection to 'ws://localhost:5173/' failed: Error in connection establishment: net::ERR_CONNECTION_REFUSED @ http://localhost:5173/@vite/client:1034
[75600992ms] [ERROR] WebSocket connection to 'ws://localhost:5173/' failed: Error in connection establishment: net::ERR_CONNECTION_REFUSED @ http://localhost:5173/@vite/client:1034
[75607585ms] [ERROR] WebSocket connection to 'ws://localhost:5173/' failed: Error in connection establishment: net::ERR_CONNECTION_REFUSED @ http://localhost:5173/@vite/client:1034
[75612445ms] [ERROR] WebSocket connection to 'ws://localhost:5173/' failed: Error in connection establishment: net::ERR_CONNECTION_REFUSED @ http://localhost:5173/@vite/client:1034
[75619317ms] [ERROR] WebSocket connection to 'ws://localhost:5173/' failed: Error in connection establishment: net::ERR_CONNECTION_REFUSED @ http://localhost:5173/@vite/client:1034
[75626754ms] [ERROR] WebSocket connection to 'ws://localhost:5173/' failed: Error in connection establishment: net::ERR_CONNECTION_REFUSED @ http://localhost:5173/@vite/client:1034
[75631937ms] [ERROR] WebSocket connection to 'ws://localhost:5173/' failed: Error in connection establishment: net::ERR_CONNECTION_REFUSED @ http://localhost:5173/@vite/client:1034
[75639669ms] [ERROR] WebSocket connection to 'ws://localhost:5173/' failed: Error in connection establishment: net::ERR_CONNECTION_REFUSED @ http://localhost:5173/@vite/client:1034
[75644485ms] [ERROR] WebSocket connection to 'ws://localhost:5173/' failed: Error in connection establishment: net::ERR_CONNECTION_REFUSED @ http://localhost:5173/@vite/client:1034
[75649487ms] [ERROR] WebSocket connection to 'ws://localhost:5173/' failed: Error in connection establishment: net::ERR_CONNECTION_REFUSED @ http://localhost:5173/@vite/client:1034
[75658040ms] [ERROR] WebSocket connection to 'ws://localhost:5173/' failed: Error in connection establishment: net::ERR_CONNECTION_REFUSED @ http://localhost:5173/@vite/client:1034
[75663479ms] [ERROR] WebSocket connection to 'ws://localhost:5173/' failed: Error in connection establishment: net::ERR_CONNECTION_REFUSED @ http://localhost:5173/@vite/client:1034
[75668336ms] [ERROR] WebSocket connection to 'ws://localhost:5173/' failed: Error in connection establishment: net::ERR_CONNECTION_REFUSED @ http://localhost:5173/@vite/client:1034
[75674752ms] [ERROR] WebSocket connection to 'ws://localhost:5173/' failed: Error in connection establishment: net::ERR_CONNECTION_REFUSED @ http://localhost:5173/@vite/client:1034
[75679773ms] [ERROR] WebSocket connection to 'ws://localhost:5173/' failed: Error in connection establishment: net::ERR_CONNECTION_REFUSED @ http://localhost:5173/@vite/client:1034
[75686491ms] [ERROR] WebSocket connection to 'ws://localhost:5173/' failed: Error in connection establishment: net::ERR_CONNECTION_REFUSED @ http://localhost:5173/@vite/client:1034
[75690990ms] [ERROR] WebSocket connection to 'ws://localhost:5173/' failed: Error in connection establishment: net::ERR_CONNECTION_REFUSED @ http://localhost:5173/@vite/client:1034
[75699623ms] [ERROR] WebSocket connection to 'ws://localhost:5173/' failed: Error in connection establishment: net::ERR_CONNECTION_REFUSED @ http://localhost:5173/@vite/client:1034
[75705513ms] [ERROR] WebSocket connection to 'ws://localhost:5173/' failed: Error in connection establishment: net::ERR_CONNECTION_REFUSED @ http://localhost:5173/@vite/client:1034
[75710496ms] [ERROR] WebSocket connection to 'ws://localhost:5173/' failed: Error in connection establishment: net::ERR_CONNECTION_REFUSED @ http://localhost:5173/@vite/client:1034
[75715675ms] [ERROR] WebSocket connection to 'ws://localhost:5173/' failed: Error in connection establishment: net::ERR_CONNECTION_REFUSED @ http://localhost:5173/@vite/client:1034
[75720675ms] [ERROR] WebSocket connection to 'ws://localhost:5173/' failed: Error in connection establishment: net::ERR_CONNECTION_REFUSED @ http://localhost:5173/@vite/client:1034
[75728101ms] [ERROR] WebSocket connection to 'ws://localhost:5173/' failed: Error in connection establishment: net::ERR_CONNECTION_REFUSED @ http://localhost:5173/@vite/client:1034
[75735883ms] [ERROR] WebSocket connection to 'ws://localhost:5173/' failed: Error in connection establishment: net::ERR_CONNECTION_REFUSED @ http://localhost:5173/@vite/client:1034
[75743659ms] [ERROR] WebSocket connection to 'ws://localhost:5173/' failed: Error in connection establishment: net::ERR_CONNECTION_REFUSED @ http://localhost:5173/@vite/client:1034
[75748304ms] [ERROR] WebSocket connection to 'ws://localhost:5173/' failed: Error in connection establishment: net::ERR_CONNECTION_REFUSED @ http://localhost:5173/@vite/client:1034
[75756357ms] [ERROR] WebSocket connection to 'ws://localhost:5173/' failed: Error in connection establishment: net::ERR_CONNECTION_REFUSED @ http://localhost:5173/@vite/client:1034
[75762180ms] [ERROR] WebSocket connection to 'ws://localhost:5173/' failed: Error in connection establishment: net::ERR_CONNECTION_REFUSED @ http://localhost:5173/@vite/client:1034
[75768706ms] [ERROR] WebSocket connection to 'ws://localhost:5173/' failed: Error in connection establishment: net::ERR_CONNECTION_REFUSED @ http://localhost:5173/@vite/client:1034
[75773488ms] [ERROR] WebSocket connection to 'ws://localhost:5173/' failed: Error in connection establishment: net::ERR_CONNECTION_REFUSED @ http://localhost:5173/@vite/client:1034
[75781745ms] [ERROR] WebSocket connection to 'ws://localhost:5173/' failed: Error in connection establishment: net::ERR_CONNECTION_REFUSED @ http://localhost:5173/@vite/client:1034
[75786853ms] [ERROR] WebSocket connection to 'ws://localhost:5173/' failed: Error in connection establishment: net::ERR_CONNECTION_REFUSED @ http://localhost:5173/@vite/client:1034
[75792068ms] [ERROR] WebSocket connection to 'ws://localhost:5173/' failed: Error in connection establishment: net::ERR_CONNECTION_REFUSED @ http://localhost:5173/@vite/client:1034
[75800217ms] [ERROR] WebSocket connection to 'ws://localhost:5173/' failed: Error in connection establishment: net::ERR_CONNECTION_REFUSED @ http://localhost:5173/@vite/client:1034
[75805397ms] [ERROR] WebSocket connection to 'ws://localhost:5173/' failed: Error in connection establishment: net::ERR_CONNECTION_REFUSED @ http://localhost:5173/@vite/client:1034
[75813331ms] [ERROR] WebSocket connection to 'ws://localhost:5173/' failed: Error in connection establishment: net::ERR_CONNECTION_REFUSED @ http://localhost:5173/@vite/client:1034
[75819397ms] [ERROR] WebSocket connection to 'ws://localhost:5173/' failed: Error in connection establishment: net::ERR_CONNECTION_REFUSED @ http://localhost:5173/@vite/client:1034
[75824700ms] [ERROR] WebSocket connection to 'ws://localhost:5173/' failed: Error in connection establishment: net::ERR_CONNECTION_REFUSED @ http://localhost:5173/@vite/client:1034
[75833339ms] [ERROR] WebSocket connection to 'ws://localhost:5173/' failed: Error in connection establishment: net::ERR_CONNECTION_REFUSED @ http://localhost:5173/@vite/client:1034
[75841804ms] [ERROR] WebSocket connection to 'ws://localhost:5173/' failed: Error in connection establishment: net::ERR_CONNECTION_REFUSED @ http://localhost:5173/@vite/client:1034
[75849469ms] [ERROR] WebSocket connection to 'ws://localhost:5173/' failed: Error in connection establishment: net::ERR_CONNECTION_REFUSED @ http://localhost:5173/@vite/client:1034
[75856247ms] [ERROR] WebSocket connection to 'ws://localhost:5173/' failed: Error in connection establishment: net::ERR_CONNECTION_REFUSED @ http://localhost:5173/@vite/client:1034
[75863893ms] [ERROR] WebSocket connection to 'ws://localhost:5173/' failed: Error in connection establishment: net::ERR_CONNECTION_REFUSED @ http://localhost:5173/@vite/client:1034
[75870451ms] [ERROR] WebSocket connection to 'ws://localhost:5173/' failed: Error in connection establishment: net::ERR_CONNECTION_REFUSED @ http://localhost:5173/@vite/client:1034
[75877997ms] [ERROR] WebSocket connection to 'ws://localhost:5173/' failed: Error in connection establishment: net::ERR_CONNECTION_REFUSED @ http://localhost:5173/@vite/client:1034
[75885036ms] [ERROR] WebSocket connection to 'ws://localhost:5173/' failed: Error in connection establishment: net::ERR_CONNECTION_REFUSED @ http://localhost:5173/@vite/client:1034
[75891692ms] [ERROR] WebSocket connection to 'ws://localhost:5173/' failed: Error in connection establishment: net::ERR_CONNECTION_REFUSED @ http://localhost:5173/@vite/client:1034
[75899940ms] [ERROR] WebSocket connection to 'ws://localhost:5173/' failed: Error in connection establishment: net::ERR_CONNECTION_REFUSED @ http://localhost:5173/@vite/client:1034
[75908287ms] [ERROR] WebSocket connection to 'ws://localhost:5173/' failed: Error in connection establishment: net::ERR_CONNECTION_REFUSED @ http://localhost:5173/@vite/client:1034
[75914758ms] [ERROR] WebSocket connection to 'ws://localhost:5173/' failed: Error in connection establishment: net::ERR_CONNECTION_REFUSED @ http://localhost:5173/@vite/client:1034
[75921844ms] [ERROR] WebSocket connection to 'ws://localhost:5173/' failed: Error in connection establishment: net::ERR_CONNECTION_REFUSED @ http://localhost:5173/@vite/client:1034
[75928190ms] [ERROR] WebSocket connection to 'ws://localhost:5173/' failed: Error in connection establishment: net::ERR_CONNECTION_REFUSED @ http://localhost:5173/@vite/client:1034
[75934702ms] [ERROR] WebSocket connection to 'ws://localhost:5173/' failed: Error in connection establishment: net::ERR_CONNECTION_REFUSED @ http://localhost:5173/@vite/client:1034
[75941795ms] [ERROR] WebSocket connection to 'ws://localhost:5173/' failed: Error in connection establishment: net::ERR_CONNECTION_REFUSED @ http://localhost:5173/@vite/client:1034
[75950097ms] [ERROR] WebSocket connection to 'ws://localhost:5173/' failed: Error in connection establishment: net::ERR_CONNECTION_REFUSED @ http://localhost:5173/@vite/client:1034
[75957750ms] [ERROR] WebSocket connection to 'ws://localhost:5173/' failed: Error in connection establishment: net::ERR_CONNECTION_REFUSED @ http://localhost:5173/@vite/client:1034
[75964151ms] [ERROR] WebSocket connection to 'ws://localhost:5173/' failed: Error in connection establishment: net::ERR_CONNECTION_REFUSED @ http://localhost:5173/@vite/client:1034
[75971291ms] [ERROR] WebSocket connection to 'ws://localhost:5173/' failed: Error in connection establishment: net::ERR_CONNECTION_REFUSED @ http://localhost:5173/@vite/client:1034
[75978942ms] [ERROR] WebSocket connection to 'ws://localhost:5173/' failed: Error in connection establishment: net::ERR_CONNECTION_REFUSED @ http://localhost:5173/@vite/client:1034
[75986585ms] [ERROR] WebSocket connection to 'ws://localhost:5173/' failed: Error in connection establishment: net::ERR_CONNECTION_REFUSED @ http://localhost:5173/@vite/client:1034
[75994841ms] [ERROR] WebSocket connection to 'ws://localhost:5173/' failed: Error in connection establishment: net::ERR_CONNECTION_REFUSED @ http://localhost:5173/@vite/client:1034
[75999599ms] [ERROR] WebSocket connection to 'ws://localhost:5173/' failed: Error in connection establishment: net::ERR_CONNECTION_REFUSED @ http://localhost:5173/@vite/client:1034
[76007696ms] [ERROR] WebSocket connection to 'ws://localhost:5173/' failed: Error in connection establishment: net::ERR_CONNECTION_REFUSED @ http://localhost:5173/@vite/client:1034
[76015209ms] [ERROR] WebSocket connection to 'ws://localhost:5173/' failed: Error in connection establishment: net::ERR_CONNECTION_REFUSED @ http://localhost:5173/@vite/client:1034
[76020593ms] [ERROR] WebSocket connection to 'ws://localhost:5173/' failed: Error in connection establishment: net::ERR_CONNECTION_REFUSED @ http://localhost:5173/@vite/client:1034
[76027848ms] [ERROR] WebSocket connection to 'ws://localhost:5173/' failed: Error in connection establishment: net::ERR_CONNECTION_REFUSED @ http://localhost:5173/@vite/client:1034
[76035882ms] [ERROR] WebSocket connection to 'ws://localhost:5173/' failed: Error in connection establishment: net::ERR_CONNECTION_REFUSED @ http://localhost:5173/@vite/client:1034
[76041543ms] [ERROR] WebSocket connection to 'ws://localhost:5173/' failed: Error in connection establishment: net::ERR_CONNECTION_REFUSED @ http://localhost:5173/@vite/client:1034
[76048513ms] [ERROR] WebSocket connection to 'ws://localhost:5173/' failed: Error in connection establishment: net::ERR_CONNECTION_REFUSED @ http://localhost:5173/@vite/client:1034
[76055753ms] [ERROR] WebSocket connection to 'ws://localhost:5173/' failed: Error in connection establishment: net::ERR_CONNECTION_REFUSED @ http://localhost:5173/@vite/client:1034
[76063199ms] [ERROR] WebSocket connection to 'ws://localhost:5173/' failed: Error in connection establishment: net::ERR_CONNECTION_REFUSED @ http://localhost:5173/@vite/client:1034
[76071615ms] [ERROR] WebSocket connection to 'ws://localhost:5173/' failed: Error in connection establishment: net::ERR_CONNECTION_REFUSED @ http://localhost:5173/@vite/client:1034
[76079163ms] [ERROR] WebSocket connection to 'ws://localhost:5173/' failed: Error in connection establishment: net::ERR_CONNECTION_REFUSED @ http://localhost:5173/@vite/client:1034
[76086056ms] [ERROR] WebSocket connection to 'ws://localhost:5173/' failed: Error in connection establishment: net::ERR_CONNECTION_REFUSED @ http://localhost:5173/@vite/client:1034
[76093703ms] [ERROR] WebSocket connection to 'ws://localhost:5173/' failed: Error in connection establishment: net::ERR_CONNECTION_REFUSED @ http://localhost:5173/@vite/client:1034
[76100167ms] [ERROR] WebSocket connection to 'ws://localhost:5173/' failed: Error in connection establishment: net::ERR_CONNECTION_REFUSED @ http://localhost:5173/@vite/client:1034
[76105896ms] [ERROR] WebSocket connection to 'ws://localhost:5173/' failed: Error in connection establishment: net::ERR_CONNECTION_REFUSED @ http://localhost:5173/@vite/client:1034
[76114338ms] [ERROR] WebSocket connection to 'ws://localhost:5173/' failed: Error in connection establishment: net::ERR_CONNECTION_REFUSED @ http://localhost:5173/@vite/client:1034
[76119353ms] [ERROR] WebSocket connection to 'ws://localhost:5173/' failed: Error in connection establishment: net::ERR_CONNECTION_REFUSED @ http://localhost:5173/@vite/client:1034
[76122992ms] [ERROR] WebSocket connection to 'ws://localhost:5173/' failed: Error in connection establishment: net::ERR_CONNECTION_REFUSED @ http://localhost:5173/@vite/client:1034
[76126543ms] [ERROR] WebSocket connection to 'ws://localhost:5173/' failed: Error in connection establishment: net::ERR_CONNECTION_REFUSED @ http://localhost:5173/@vite/client:1034
[76130297ms] [ERROR] WebSocket connection to 'ws://localhost:5173/' failed: Error in connection establishment: net::ERR_CONNECTION_REFUSED @ http://localhost:5173/@vite/client:1034
[76133963ms] [ERROR] WebSocket connection to 'ws://localhost:5173/' failed: Error in connection establishment: net::ERR_CONNECTION_REFUSED @ http://localhost:5173/@vite/client:1034
[76137791ms] [ERROR] WebSocket connection to 'ws://localhost:5173/' failed: Error in connection establishment: net::ERR_CONNECTION_REFUSED @ http://localhost:5173/@vite/client:1034
[76141488ms] [ERROR] WebSocket connection to 'ws://localhost:5173/' failed: Error in connection establishment: net::ERR_CONNECTION_REFUSED @ http://localhost:5173/@vite/client:1034
[76145296ms] [ERROR] WebSocket connection to 'ws://localhost:5173/' failed: Error in connection establishment: net::ERR_CONNECTION_REFUSED @ http://localhost:5173/@vite/client:1034
[76148999ms] [ERROR] WebSocket connection to 'ws://localhost:5173/' failed: Error in connection establishment: net::ERR_CONNECTION_REFUSED @ http://localhost:5173/@vite/client:1034
[76152563ms] [ERROR] WebSocket connection to 'ws://localhost:5173/' failed: Error in connection establishment: net::ERR_CONNECTION_REFUSED @ http://localhost:5173/@vite/client:1034
[76156199ms] [ERROR] WebSocket connection to 'ws://localhost:5173/' failed: Error in connection establishment: net::ERR_CONNECTION_REFUSED @ http://localhost:5173/@vite/client:1034
[76159902ms] [ERROR] WebSocket connection to 'ws://localhost:5173/' failed: Error in connection establishment: net::ERR_CONNECTION_REFUSED @ http://localhost:5173/@vite/client:1034
[76163646ms] [ERROR] WebSocket connection to 'ws://localhost:5173/' failed: Error in connection establishment: net::ERR_CONNECTION_REFUSED @ http://localhost:5173/@vite/client:1034
[76167196ms] [ERROR] WebSocket connection to 'ws://localhost:5173/' failed: Error in connection establishment: net::ERR_CONNECTION_REFUSED @ http://localhost:5173/@vite/client:1034
[76171142ms] [ERROR] WebSocket connection to 'ws://localhost:5173/' failed: Error in connection establishment: net::ERR_CONNECTION_REFUSED @ http://localhost:5173/@vite/client:1034
[76175597ms] [ERROR] WebSocket connection to 'ws://localhost:5173/' failed: Error in connection establishment: net::ERR_CONNECTION_REFUSED @ http://localhost:5173/@vite/client:1034
[76179915ms] [ERROR] WebSocket connection to 'ws://localhost:5173/' failed: Error in connection establishment: net::ERR_CONNECTION_REFUSED @ http://localhost:5173/@vite/client:1034
[76185497ms] [ERROR] WebSocket connection to 'ws://localhost:5173/' failed: Error in connection establishment: net::ERR_CONNECTION_REFUSED @ http://localhost:5173/@vite/client:1034
[76190763ms] [ERROR] WebSocket connection to 'ws://localhost:5173/' failed: Error in connection establishment: net::ERR_CONNECTION_REFUSED @ http://localhost:5173/@vite/client:1034
[76198146ms] [ERROR] WebSocket connection to 'ws://localhost:5173/' failed: Error in connection establishment: net::ERR_CONNECTION_REFUSED @ http://localhost:5173/@vite/client:1034
[76205644ms] [ERROR] WebSocket connection to 'ws://localhost:5173/' failed: Error in connection establishment: net::ERR_CONNECTION_REFUSED @ http://localhost:5173/@vite/client:1034
[76212394ms] [ERROR] WebSocket connection to 'ws://localhost:5173/' failed: Error in connection establishment: net::ERR_CONNECTION_REFUSED @ http://localhost:5173/@vite/client:1034
[76219997ms] [ERROR] WebSocket connection to 'ws://localhost:5173/' failed: Error in connection establishment: net::ERR_CONNECTION_REFUSED @ http://localhost:5173/@vite/client:1034
[76226029ms] [ERROR] WebSocket connection to 'ws://localhost:5173/' failed: Error in connection establishment: net::ERR_CONNECTION_REFUSED @ http://localhost:5173/@vite/client:1034
[76233596ms] [ERROR] WebSocket connection to 'ws://localhost:5173/' failed: Error in connection establishment: net::ERR_CONNECTION_REFUSED @ http://localhost:5173/@vite/client:1034
[76241247ms] [ERROR] WebSocket connection to 'ws://localhost:5173/' failed: Error in connection establishment: net::ERR_CONNECTION_REFUSED @ http://localhost:5173/@vite/client:1034
[76246737ms] [ERROR] WebSocket connection to 'ws://localhost:5173/' failed: Error in connection establishment: net::ERR_CONNECTION_REFUSED @ http://localhost:5173/@vite/client:1034
[76252464ms] [ERROR] WebSocket connection to 'ws://localhost:5173/' failed: Error in connection establishment: net::ERR_CONNECTION_REFUSED @ http://localhost:5173/@vite/client:1034
[76257148ms] [ERROR] WebSocket connection to 'ws://localhost:5173/' failed: Error in connection establishment: net::ERR_CONNECTION_REFUSED @ http://localhost:5173/@vite/client:1034
[76264163ms] [ERROR] WebSocket connection to 'ws://localhost:5173/' failed: Error in connection establishment: net::ERR_CONNECTION_REFUSED @ http://localhost:5173/@vite/client:1034
[76269644ms] [ERROR] WebSocket connection to 'ws://localhost:5173/' failed: Error in connection establishment: net::ERR_CONNECTION_REFUSED @ http://localhost:5173/@vite/client:1034
[76274767ms] [ERROR] WebSocket connection to 'ws://localhost:5173/' failed: Error in connection establishment: net::ERR_CONNECTION_REFUSED @ http://localhost:5173/@vite/client:1034
[76280596ms] [ERROR] WebSocket connection to 'ws://localhost:5173/' failed: Error in connection establishment: net::ERR_CONNECTION_REFUSED @ http://localhost:5173/@vite/client:1034
[76287263ms] [ERROR] WebSocket connection to 'ws://localhost:5173/' failed: Error in connection establishment: net::ERR_CONNECTION_REFUSED @ http://localhost:5173/@vite/client:1034
[76294844ms] [ERROR] WebSocket connection to 'ws://localhost:5173/' failed: Error in connection establishment: net::ERR_CONNECTION_REFUSED @ http://localhost:5173/@vite/client:1034
[76300851ms] [ERROR] WebSocket connection to 'ws://localhost:5173/' failed: Error in connection establishment: net::ERR_CONNECTION_REFUSED @ http://localhost:5173/@vite/client:1034
[76306998ms] [ERROR] WebSocket connection to 'ws://localhost:5173/' failed: Error in connection establishment: net::ERR_CONNECTION_REFUSED @ http://localhost:5173/@vite/client:1034
[76316001ms] [ERROR] WebSocket connection to 'ws://localhost:5173/' failed: Error in connection establishment: net::ERR_CONNECTION_REFUSED @ http://localhost:5173/@vite/client:1034
[76324141ms] [ERROR] WebSocket connection to 'ws://localhost:5173/' failed: Error in connection establishment: net::ERR_CONNECTION_REFUSED @ http://localhost:5173/@vite/client:1034
[76332063ms] [ERROR] WebSocket connection to 'ws://localhost:5173/' failed: Error in connection establishment: net::ERR_CONNECTION_REFUSED @ http://localhost:5173/@vite/client:1034
[76338000ms] [ERROR] WebSocket connection to 'ws://localhost:5173/' failed: Error in connection establishment: net::ERR_CONNECTION_REFUSED @ http://localhost:5173/@vite/client:1034
[76345298ms] [ERROR] WebSocket connection to 'ws://localhost:5173/' failed: Error in connection establishment: net::ERR_CONNECTION_REFUSED @ http://localhost:5173/@vite/client:1034
[76350197ms] [ERROR] WebSocket connection to 'ws://localhost:5173/' failed: Error in connection establishment: net::ERR_CONNECTION_REFUSED @ http://localhost:5173/@vite/client:1034
[76357241ms] [ERROR] WebSocket connection to 'ws://localhost:5173/' failed: Error in connection establishment: net::ERR_CONNECTION_REFUSED @ http://localhost:5173/@vite/client:1034
[76363997ms] [ERROR] WebSocket connection to 'ws://localhost:5173/' failed: Error in connection establishment: net::ERR_CONNECTION_REFUSED @ http://localhost:5173/@vite/client:1034
[76371365ms] [ERROR] WebSocket connection to 'ws://localhost:5173/' failed: Error in connection establishment: net::ERR_CONNECTION_REFUSED @ http://localhost:5173/@vite/client:1034
[76378959ms] [ERROR] WebSocket connection to 'ws://localhost:5173/' failed: Error in connection establishment: net::ERR_CONNECTION_REFUSED @ http://localhost:5173/@vite/client:1034
[76386050ms] [ERROR] WebSocket connection to 'ws://localhost:5173/' failed: Error in connection establishment: net::ERR_CONNECTION_REFUSED @ http://localhost:5173/@vite/client:1034
[76392961ms] [ERROR] WebSocket connection to 'ws://localhost:5173/' failed: Error in connection establishment: net::ERR_CONNECTION_REFUSED @ http://localhost:5173/@vite/client:1034
[76400706ms] [ERROR] WebSocket connection to 'ws://localhost:5173/' failed: Error in connection establishment: net::ERR_CONNECTION_REFUSED @ http://localhost:5173/@vite/client:1034
[76407498ms] [ERROR] WebSocket connection to 'ws://localhost:5173/' failed: Error in connection establishment: net::ERR_CONNECTION_REFUSED @ http://localhost:5173/@vite/client:1034
[76412146ms] [ERROR] WebSocket connection to 'ws://localhost:5173/' failed: Error in connection establishment: net::ERR_CONNECTION_REFUSED @ http://localhost:5173/@vite/client:1034
[76418599ms] [ERROR] WebSocket connection to 'ws://localhost:5173/' failed: Error in connection establishment: net::ERR_CONNECTION_REFUSED @ http://localhost:5173/@vite/client:1034
[76427049ms] [ERROR] WebSocket connection to 'ws://localhost:5173/' failed: Error in connection establishment: net::ERR_CONNECTION_REFUSED @ http://localhost:5173/@vite/client:1034
[76434294ms] [ERROR] WebSocket connection to 'ws://localhost:5173/' failed: Error in connection establishment: net::ERR_CONNECTION_REFUSED @ http://localhost:5173/@vite/client:1034
[76440403ms] [ERROR] WebSocket connection to 'ws://localhost:5173/' failed: Error in connection establishment: net::ERR_CONNECTION_REFUSED @ http://localhost:5173/@vite/client:1034
[76449098ms] [ERROR] WebSocket connection to 'ws://localhost:5173/' failed: Error in connection establishment: net::ERR_CONNECTION_REFUSED @ http://localhost:5173/@vite/client:1034
[76456996ms] [ERROR] WebSocket connection to 'ws://localhost:5173/' failed: Error in connection establishment: net::ERR_CONNECTION_REFUSED @ http://localhost:5173/@vite/client:1034
[76463385ms] [ERROR] WebSocket connection to 'ws://localhost:5173/' failed: Error in connection establishment: net::ERR_CONNECTION_REFUSED @ http://localhost:5173/@vite/client:1034
[76470896ms] [ERROR] WebSocket connection to 'ws://localhost:5173/' failed: Error in connection establishment: net::ERR_CONNECTION_REFUSED @ http://localhost:5173/@vite/client:1034
[76479723ms] [ERROR] WebSocket connection to 'ws://localhost:5173/' failed: Error in connection establishment: net::ERR_CONNECTION_REFUSED @ http://localhost:5173/@vite/client:1034
[76483441ms] [ERROR] WebSocket connection to 'ws://localhost:5173/' failed: Error in connection establishment: net::ERR_CONNECTION_REFUSED @ http://localhost:5173/@vite/client:1034
[76486998ms] [ERROR] WebSocket connection to 'ws://localhost:5173/' failed: Error in connection establishment: net::ERR_CONNECTION_REFUSED @ http://localhost:5173/@vite/client:1034
[76490560ms] [ERROR] WebSocket connection to 'ws://localhost:5173/' failed: Error in connection establishment: net::ERR_CONNECTION_REFUSED @ http://localhost:5173/@vite/client:1034
[76494095ms] [ERROR] WebSocket connection to 'ws://localhost:5173/' failed: Error in connection establishment: net::ERR_CONNECTION_REFUSED @ http://localhost:5173/@vite/client:1034
[76497760ms] [ERROR] WebSocket connection to 'ws://localhost:5173/' failed: Error in connection establishment: net::ERR_CONNECTION_REFUSED @ http://localhost:5173/@vite/client:1034
[76501489ms] [ERROR] WebSocket connection to 'ws://localhost:5173/' failed: Error in connection establishment: net::ERR_CONNECTION_REFUSED @ http://localhost:5173/@vite/client:1034
[76505152ms] [ERROR] WebSocket connection to 'ws://localhost:5173/' failed: Error in connection establishment: net::ERR_CONNECTION_REFUSED @ http://localhost:5173/@vite/client:1034
[76508986ms] [ERROR] WebSocket connection to 'ws://localhost:5173/' failed: Error in connection establishment: net::ERR_CONNECTION_REFUSED @ http://localhost:5173/@vite/client:1034
[76512562ms] [ERROR] WebSocket connection to 'ws://localhost:5173/' failed: Error in connection establishment: net::ERR_CONNECTION_REFUSED @ http://localhost:5173/@vite/client:1034
[76516198ms] [ERROR] WebSocket connection to 'ws://localhost:5173/' failed: Error in connection establishment: net::ERR_CONNECTION_REFUSED @ http://localhost:5173/@vite/client:1034
[76519868ms] [ERROR] WebSocket connection to 'ws://localhost:5173/' failed: Error in connection establishment: net::ERR_CONNECTION_REFUSED @ http://localhost:5173/@vite/client:1034
[76524299ms] [ERROR] WebSocket connection to 'ws://localhost:5173/' failed: Error in connection establishment: net::ERR_CONNECTION_REFUSED @ http://localhost:5173/@vite/client:1034
[76528789ms] [ERROR] WebSocket connection to 'ws://localhost:5173/' failed: Error in connection establishment: net::ERR_CONNECTION_REFUSED @ http://localhost:5173/@vite/client:1034
[76533086ms] [ERROR] WebSocket connection to 'ws://localhost:5173/' failed: Error in connection establishment: net::ERR_CONNECTION_REFUSED @ http://localhost:5173/@vite/client:1034
[76537395ms] [ERROR] WebSocket connection to 'ws://localhost:5173/' failed: Error in connection establishment: net::ERR_CONNECTION_REFUSED @ http://localhost:5173/@vite/client:1034
[76542762ms] [ERROR] WebSocket connection to 'ws://localhost:5173/' failed: Error in connection establishment: net::ERR_CONNECTION_REFUSED @ http://localhost:5173/@vite/client:1034
[76547650ms] [ERROR] WebSocket connection to 'ws://localhost:5173/' failed: Error in connection establishment: net::ERR_CONNECTION_REFUSED @ http://localhost:5173/@vite/client:1034
[76553109ms] [ERROR] WebSocket connection to 'ws://localhost:5173/' failed: Error in connection establishment: net::ERR_CONNECTION_REFUSED @ http://localhost:5173/@vite/client:1034
[76558198ms] [ERROR] WebSocket connection to 'ws://localhost:5173/' failed: Error in connection establishment: net::ERR_CONNECTION_REFUSED @ http://localhost:5173/@vite/client:1034
[76565550ms] [ERROR] WebSocket connection to 'ws://localhost:5173/' failed: Error in connection establishment: net::ERR_CONNECTION_REFUSED @ http://localhost:5173/@vite/client:1034
[76571144ms] [ERROR] WebSocket connection to 'ws://localhost:5173/' failed: Error in connection establishment: net::ERR_CONNECTION_REFUSED @ http://localhost:5173/@vite/client:1034
[76577795ms] [ERROR] WebSocket connection to 'ws://localhost:5173/' failed: Error in connection establishment: net::ERR_CONNECTION_REFUSED @ http://localhost:5173/@vite/client:1034
[76584644ms] [ERROR] WebSocket connection to 'ws://localhost:5173/' failed: Error in connection establishment: net::ERR_CONNECTION_REFUSED @ http://localhost:5173/@vite/client:1034
[76590260ms] [ERROR] WebSocket connection to 'ws://localhost:5173/' failed: Error in connection establishment: net::ERR_CONNECTION_REFUSED @ http://localhost:5173/@vite/client:1034
[76597943ms] [ERROR] WebSocket connection to 'ws://localhost:5173/' failed: Error in connection establishment: net::ERR_CONNECTION_REFUSED @ http://localhost:5173/@vite/client:1034
[76604409ms] [ERROR] WebSocket connection to 'ws://localhost:5173/' failed: Error in connection establishment: net::ERR_CONNECTION_REFUSED @ http://localhost:5173/@vite/client:1034
[76612862ms] [ERROR] WebSocket connection to 'ws://localhost:5173/' failed: Error in connection establishment: net::ERR_CONNECTION_REFUSED @ http://localhost:5173/@vite/client:1034
[76621289ms] [ERROR] WebSocket connection to 'ws://localhost:5173/' failed: Error in connection establishment: net::ERR_CONNECTION_REFUSED @ http://localhost:5173/@vite/client:1034
[76626896ms] [ERROR] WebSocket connection to 'ws://localhost:5173/' failed: Error in connection establishment: net::ERR_CONNECTION_REFUSED @ http://localhost:5173/@vite/client:1034
[76633984ms] [ERROR] WebSocket connection to 'ws://localhost:5173/' failed: Error in connection establishment: net::ERR_CONNECTION_REFUSED @ http://localhost:5173/@vite/client:1034
[76642289ms] [ERROR] WebSocket connection to 'ws://localhost:5173/' failed: Error in connection establishment: net::ERR_CONNECTION_REFUSED @ http://localhost:5173/@vite/client:1034
[76648861ms] [ERROR] WebSocket connection to 'ws://localhost:5173/' failed: Error in connection establishment: net::ERR_CONNECTION_REFUSED @ http://localhost:5173/@vite/client:1034
[76657166ms] [ERROR] WebSocket connection to 'ws://localhost:5173/' failed: Error in connection establishment: net::ERR_CONNECTION_REFUSED @ http://localhost:5173/@vite/client:1034
[76664830ms] [ERROR] WebSocket connection to 'ws://localhost:5173/' failed: Error in connection establishment: net::ERR_CONNECTION_REFUSED @ http://localhost:5173/@vite/client:1034
[76670751ms] [ERROR] WebSocket connection to 'ws://localhost:5173/' failed: Error in connection establishment: net::ERR_CONNECTION_REFUSED @ http://localhost:5173/@vite/client:1034
[76676041ms] [ERROR] WebSocket connection to 'ws://localhost:5173/' failed: Error in connection establishment: net::ERR_CONNECTION_REFUSED @ http://localhost:5173/@vite/client:1034
[76681460ms] [ERROR] WebSocket connection to 'ws://localhost:5173/' failed: Error in connection establishment: net::ERR_CONNECTION_REFUSED @ http://localhost:5173/@vite/client:1034
[76689241ms] [ERROR] WebSocket connection to 'ws://localhost:5173/' failed: Error in connection establishment: net::ERR_CONNECTION_REFUSED @ http://localhost:5173/@vite/client:1034
[76697597ms] [ERROR] WebSocket connection to 'ws://localhost:5173/' failed: Error in connection establishment: net::ERR_CONNECTION_REFUSED @ http://localhost:5173/@vite/client:1034
[76702598ms] [ERROR] WebSocket connection to 'ws://localhost:5173/' failed: Error in connection establishment: net::ERR_CONNECTION_REFUSED @ http://localhost:5173/@vite/client:1034
[76710798ms] [ERROR] WebSocket connection to 'ws://localhost:5173/' failed: Error in connection establishment: net::ERR_CONNECTION_REFUSED @ http://localhost:5173/@vite/client:1034
[76718463ms] [ERROR] WebSocket connection to 'ws://localhost:5173/' failed: Error in connection establishment: net::ERR_CONNECTION_REFUSED @ http://localhost:5173/@vite/client:1034
[76725798ms] [ERROR] WebSocket connection to 'ws://localhost:5173/' failed: Error in connection establishment: net::ERR_CONNECTION_REFUSED @ http://localhost:5173/@vite/client:1034
[76731289ms] [ERROR] WebSocket connection to 'ws://localhost:5173/' failed: Error in connection establishment: net::ERR_CONNECTION_REFUSED @ http://localhost:5173/@vite/client:1034
[76737163ms] [ERROR] WebSocket connection to 'ws://localhost:5173/' failed: Error in connection establishment: net::ERR_CONNECTION_REFUSED @ http://localhost:5173/@vite/client:1034
[76742489ms] [ERROR] WebSocket connection to 'ws://localhost:5173/' failed: Error in connection establishment: net::ERR_CONNECTION_REFUSED @ http://localhost:5173/@vite/client:1034
[76747263ms] [ERROR] WebSocket connection to 'ws://localhost:5173/' failed: Error in connection establishment: net::ERR_CONNECTION_REFUSED @ http://localhost:5173/@vite/client:1034
[76755791ms] [ERROR] WebSocket connection to 'ws://localhost:5173/' failed: Error in connection establishment: net::ERR_CONNECTION_REFUSED @ http://localhost:5173/@vite/client:1034
[76760612ms] [ERROR] WebSocket connection to 'ws://localhost:5173/' failed: Error in connection establishment: net::ERR_CONNECTION_REFUSED @ http://localhost:5173/@vite/client:1034
[76768110ms] [ERROR] WebSocket connection to 'ws://localhost:5173/' failed: Error in connection establishment: net::ERR_CONNECTION_REFUSED @ http://localhost:5173/@vite/client:1034
[76774359ms] [ERROR] WebSocket connection to 'ws://localhost:5173/' failed: Error in connection establishment: net::ERR_CONNECTION_REFUSED @ http://localhost:5173/@vite/client:1034
[76782120ms] [ERROR] WebSocket connection to 'ws://localhost:5173/' failed: Error in connection establishment: net::ERR_CONNECTION_REFUSED @ http://localhost:5173/@vite/client:1034
[76790317ms] [ERROR] WebSocket connection to 'ws://localhost:5173/' failed: Error in connection establishment: net::ERR_CONNECTION_REFUSED @ http://localhost:5173/@vite/client:1034
[76798210ms] [ERROR] WebSocket connection to 'ws://localhost:5173/' failed: Error in connection establishment: net::ERR_CONNECTION_REFUSED @ http://localhost:5173/@vite/client:1034
[76804416ms] [ERROR] WebSocket connection to 'ws://localhost:5173/' failed: Error in connection establishment: net::ERR_CONNECTION_REFUSED @ http://localhost:5173/@vite/client:1034
[76809722ms] [ERROR] WebSocket connection to 'ws://localhost:5173/' failed: Error in connection establishment: net::ERR_CONNECTION_REFUSED @ http://localhost:5173/@vite/client:1034
[76814942ms] [ERROR] WebSocket connection to 'ws://localhost:5173/' failed: Error in connection establishment: net::ERR_CONNECTION_REFUSED @ http://localhost:5173/@vite/client:1034
[76822713ms] [ERROR] WebSocket connection to 'ws://localhost:5173/' failed: Error in connection establishment: net::ERR_CONNECTION_REFUSED @ http://localhost:5173/@vite/client:1034
[76829214ms] [ERROR] WebSocket connection to 'ws://localhost:5173/' failed: Error in connection establishment: net::ERR_CONNECTION_REFUSED @ http://localhost:5173/@vite/client:1034
[76836696ms] [ERROR] WebSocket connection to 'ws://localhost:5173/' failed: Error in connection establishment: net::ERR_CONNECTION_REFUSED @ http://localhost:5173/@vite/client:1034
[76845050ms] [ERROR] WebSocket connection to 'ws://localhost:5173/' failed: Error in connection establishment: net::ERR_CONNECTION_REFUSED @ http://localhost:5173/@vite/client:1034
[76849830ms] [ERROR] WebSocket connection to 'ws://localhost:5173/' failed: Error in connection establishment: net::ERR_CONNECTION_REFUSED @ http://localhost:5173/@vite/client:1034
[76856137ms] [ERROR] WebSocket connection to 'ws://localhost:5173/' failed: Error in connection establishment: net::ERR_CONNECTION_REFUSED @ http://localhost:5173/@vite/client:1034
[76862913ms] [ERROR] WebSocket connection to 'ws://localhost:5173/' failed: Error in connection establishment: net::ERR_CONNECTION_REFUSED @ http://localhost:5173/@vite/client:1034
[76871387ms] [ERROR] WebSocket connection to 'ws://localhost:5173/' failed: Error in connection establishment: net::ERR_CONNECTION_REFUSED @ http://localhost:5173/@vite/client:1034
[76878495ms] [ERROR] WebSocket connection to 'ws://localhost:5173/' failed: Error in connection establishment: net::ERR_CONNECTION_REFUSED @ http://localhost:5173/@vite/client:1034
[76883632ms] [ERROR] WebSocket connection to 'ws://localhost:5173/' failed: Error in connection establishment: net::ERR_CONNECTION_REFUSED @ http://localhost:5173/@vite/client:1034
[76890303ms] [ERROR] WebSocket connection to 'ws://localhost:5173/' failed: Error in connection establishment: net::ERR_CONNECTION_REFUSED @ http://localhost:5173/@vite/client:1034
[76897133ms] [ERROR] WebSocket connection to 'ws://localhost:5173/' failed: Error in connection establishment: net::ERR_CONNECTION_REFUSED @ http://localhost:5173/@vite/client:1034
[76904560ms] [ERROR] WebSocket connection to 'ws://localhost:5173/' failed: Error in connection establishment: net::ERR_CONNECTION_REFUSED @ http://localhost:5173/@vite/client:1034
[76910560ms] [ERROR] WebSocket connection to 'ws://localhost:5173/' failed: Error in connection establishment: net::ERR_CONNECTION_REFUSED @ http://localhost:5173/@vite/client:1034
[76916925ms] [ERROR] WebSocket connection to 'ws://localhost:5173/' failed: Error in connection establishment: net::ERR_CONNECTION_REFUSED @ http://localhost:5173/@vite/client:1034
[76924342ms] [ERROR] WebSocket connection to 'ws://localhost:5173/' failed: Error in connection establishment: net::ERR_CONNECTION_REFUSED @ http://localhost:5173/@vite/client:1034
[76929656ms] [ERROR] WebSocket connection to 'ws://localhost:5173/' failed: Error in connection establishment: net::ERR_CONNECTION_REFUSED @ http://localhost:5173/@vite/client:1034
[76935930ms] [ERROR] WebSocket connection to 'ws://localhost:5173/' failed: Error in connection establishment: net::ERR_CONNECTION_REFUSED @ http://localhost:5173/@vite/client:1034
[76941352ms] [ERROR] WebSocket connection to 'ws://localhost:5173/' failed: Error in connection establishment: net::ERR_CONNECTION_REFUSED @ http://localhost:5173/@vite/client:1034
[76946365ms] [ERROR] WebSocket connection to 'ws://localhost:5173/' failed: Error in connection establishment: net::ERR_CONNECTION_REFUSED @ http://localhost:5173/@vite/client:1034
[76952396ms] [ERROR] WebSocket connection to 'ws://localhost:5173/' failed: Error in connection establishment: net::ERR_CONNECTION_REFUSED @ http://localhost:5173/@vite/client:1034
[76960351ms] [ERROR] WebSocket connection to 'ws://localhost:5173/' failed: Error in connection establishment: net::ERR_CONNECTION_REFUSED @ http://localhost:5173/@vite/client:1034
[76965376ms] [ERROR] WebSocket connection to 'ws://localhost:5173/' failed: Error in connection establishment: net::ERR_CONNECTION_REFUSED @ http://localhost:5173/@vite/client:1034
[76971249ms] [ERROR] WebSocket connection to 'ws://localhost:5173/' failed: Error in connection establishment: net::ERR_CONNECTION_REFUSED @ http://localhost:5173/@vite/client:1034
[76977164ms] [ERROR] WebSocket connection to 'ws://localhost:5173/' failed: Error in connection establishment: net::ERR_CONNECTION_REFUSED @ http://localhost:5173/@vite/client:1034
[76982914ms] [ERROR] WebSocket connection to 'ws://localhost:5173/' failed: Error in connection establishment: net::ERR_CONNECTION_REFUSED @ http://localhost:5173/@vite/client:1034
[76988475ms] [ERROR] WebSocket connection to 'ws://localhost:5173/' failed: Error in connection establishment: net::ERR_CONNECTION_REFUSED @ http://localhost:5173/@vite/client:1034
[76994717ms] [ERROR] WebSocket connection to 'ws://localhost:5173/' failed: Error in connection establishment: net::ERR_CONNECTION_REFUSED @ http://localhost:5173/@vite/client:1034
[77001147ms] [ERROR] WebSocket connection to 'ws://localhost:5173/' failed: Error in connection establishment: net::ERR_CONNECTION_REFUSED @ http://localhost:5173/@vite/client:1034
[77008178ms] [ERROR] WebSocket connection to 'ws://localhost:5173/' failed: Error in connection establishment: net::ERR_CONNECTION_REFUSED @ http://localhost:5173/@vite/client:1034
[77013148ms] [ERROR] WebSocket connection to 'ws://localhost:5173/' failed: Error in connection establishment: net::ERR_CONNECTION_REFUSED @ http://localhost:5173/@vite/client:1034
[77021257ms] [ERROR] WebSocket connection to 'ws://localhost:5173/' failed: Error in connection establishment: net::ERR_CONNECTION_REFUSED @ http://localhost:5173/@vite/client:1034
[77027040ms] [ERROR] WebSocket connection to 'ws://localhost:5173/' failed: Error in connection establishment: net::ERR_CONNECTION_REFUSED @ http://localhost:5173/@vite/client:1034
[77035121ms] [ERROR] WebSocket connection to 'ws://localhost:5173/' failed: Error in connection establishment: net::ERR_CONNECTION_REFUSED @ http://localhost:5173/@vite/client:1034
[77040809ms] [ERROR] WebSocket connection to 'ws://localhost:5173/' failed: Error in connection establishment: net::ERR_CONNECTION_REFUSED @ http://localhost:5173/@vite/client:1034
[77049026ms] [ERROR] WebSocket connection to 'ws://localhost:5173/' failed: Error in connection establishment: net::ERR_CONNECTION_REFUSED @ http://localhost:5173/@vite/client:1034
[77054212ms] [ERROR] WebSocket connection to 'ws://localhost:5173/' failed: Error in connection establishment: net::ERR_CONNECTION_REFUSED @ http://localhost:5173/@vite/client:1034
[77062832ms] [ERROR] WebSocket connection to 'ws://localhost:5173/' failed: Error in connection establishment: net::ERR_CONNECTION_REFUSED @ http://localhost:5173/@vite/client:1034
[77070780ms] [ERROR] WebSocket connection to 'ws://localhost:5173/' failed: Error in connection establishment: net::ERR_CONNECTION_REFUSED @ http://localhost:5173/@vite/client:1034
[77078285ms] [ERROR] WebSocket connection to 'ws://localhost:5173/' failed: Error in connection establishment: net::ERR_CONNECTION_REFUSED @ http://localhost:5173/@vite/client:1034
[77086021ms] [ERROR] WebSocket connection to 'ws://localhost:5173/' failed: Error in connection establishment: net::ERR_CONNECTION_REFUSED @ http://localhost:5173/@vite/client:1034
[77093761ms] [ERROR] WebSocket connection to 'ws://localhost:5173/' failed: Error in connection establishment: net::ERR_CONNECTION_REFUSED @ http://localhost:5173/@vite/client:1034
[77101319ms] [ERROR] WebSocket connection to 'ws://localhost:5173/' failed: Error in connection establishment: net::ERR_CONNECTION_REFUSED @ http://localhost:5173/@vite/client:1034
[77107514ms] [ERROR] WebSocket connection to 'ws://localhost:5173/' failed: Error in connection establishment: net::ERR_CONNECTION_REFUSED @ http://localhost:5173/@vite/client:1034
[77113071ms] [ERROR] WebSocket connection to 'ws://localhost:5173/' failed: Error in connection establishment: net::ERR_CONNECTION_REFUSED @ http://localhost:5173/@vite/client:1034
[77120528ms] [ERROR] WebSocket connection to 'ws://localhost:5173/' failed: Error in connection establishment: net::ERR_CONNECTION_REFUSED @ http://localhost:5173/@vite/client:1034
[77126870ms] [ERROR] WebSocket connection to 'ws://localhost:5173/' failed: Error in connection establishment: net::ERR_CONNECTION_REFUSED @ http://localhost:5173/@vite/client:1034
[77132784ms] [ERROR] WebSocket connection to 'ws://localhost:5173/' failed: Error in connection establishment: net::ERR_CONNECTION_REFUSED @ http://localhost:5173/@vite/client:1034
[77140336ms] [ERROR] WebSocket connection to 'ws://localhost:5173/' failed: Error in connection establishment: net::ERR_CONNECTION_REFUSED @ http://localhost:5173/@vite/client:1034
[77148676ms] [ERROR] WebSocket connection to 'ws://localhost:5173/' failed: Error in connection establishment: net::ERR_CONNECTION_REFUSED @ http://localhost:5173/@vite/client:1034
[77154331ms] [ERROR] WebSocket connection to 'ws://localhost:5173/' failed: Error in connection establishment: net::ERR_CONNECTION_REFUSED @ http://localhost:5173/@vite/client:1034
[77160726ms] [ERROR] WebSocket connection to 'ws://localhost:5173/' failed: Error in connection establishment: net::ERR_CONNECTION_REFUSED @ http://localhost:5173/@vite/client:1034
[77167308ms] [ERROR] WebSocket connection to 'ws://localhost:5173/' failed: Error in connection establishment: net::ERR_CONNECTION_REFUSED @ http://localhost:5173/@vite/client:1034
[77171879ms] [ERROR] WebSocket connection to 'ws://localhost:5173/' failed: Error in connection establishment: net::ERR_CONNECTION_REFUSED @ http://localhost:5173/@vite/client:1034
[77176445ms] [ERROR] WebSocket connection to 'ws://localhost:5173/' failed: Error in connection establishment: net::ERR_CONNECTION_REFUSED @ http://localhost:5173/@vite/client:1034
[77184119ms] [ERROR] WebSocket connection to 'ws://localhost:5173/' failed: Error in connection establishment: net::ERR_CONNECTION_REFUSED @ http://localhost:5173/@vite/client:1034
[77189556ms] [ERROR] WebSocket connection to 'ws://localhost:5173/' failed: Error in connection establishment: net::ERR_CONNECTION_REFUSED @ http://localhost:5173/@vite/client:1034
[77197899ms] [ERROR] WebSocket connection to 'ws://localhost:5173/' failed: Error in connection establishment: net::ERR_CONNECTION_REFUSED @ http://localhost:5173/@vite/client:1034
[77205104ms] [ERROR] WebSocket connection to 'ws://localhost:5173/' failed: Error in connection establishment: net::ERR_CONNECTION_REFUSED @ http://localhost:5173/@vite/client:1034
[77211343ms] [ERROR] WebSocket connection to 'ws://localhost:5173/' failed: Error in connection establishment: net::ERR_CONNECTION_REFUSED @ http://localhost:5173/@vite/client:1034
[77216006ms] [ERROR] WebSocket connection to 'ws://localhost:5173/' failed: Error in connection establishment: net::ERR_CONNECTION_REFUSED @ http://localhost:5173/@vite/client:1034
[77220739ms] [ERROR] WebSocket connection to 'ws://localhost:5173/' failed: Error in connection establishment: net::ERR_CONNECTION_REFUSED @ http://localhost:5173/@vite/client:1034
[77228220ms] [ERROR] WebSocket connection to 'ws://localhost:5173/' failed: Error in connection establishment: net::ERR_CONNECTION_REFUSED @ http://localhost:5173/@vite/client:1034
[77235560ms] [ERROR] WebSocket connection to 'ws://localhost:5173/' failed: Error in connection establishment: net::ERR_CONNECTION_REFUSED @ http://localhost:5173/@vite/client:1034
[77241028ms] [ERROR] WebSocket connection to 'ws://localhost:5173/' failed: Error in connection establishment: net::ERR_CONNECTION_REFUSED @ http://localhost:5173/@vite/client:1034
[77249179ms] [ERROR] WebSocket connection to 'ws://localhost:5173/' failed: Error in connection establishment: net::ERR_CONNECTION_REFUSED @ http://localhost:5173/@vite/client:1034
[77255776ms] [ERROR] WebSocket connection to 'ws://localhost:5173/' failed: Error in connection establishment: net::ERR_CONNECTION_REFUSED @ http://localhost:5173/@vite/client:1034
[77262123ms] [ERROR] WebSocket connection to 'ws://localhost:5173/' failed: Error in connection establishment: net::ERR_CONNECTION_REFUSED @ http://localhost:5173/@vite/client:1034
[77269340ms] [ERROR] WebSocket connection to 'ws://localhost:5173/' failed: Error in connection establishment: net::ERR_CONNECTION_REFUSED @ http://localhost:5173/@vite/client:1034
[77274583ms] [ERROR] WebSocket connection to 'ws://localhost:5173/' failed: Error in connection establishment: net::ERR_CONNECTION_REFUSED @ http://localhost:5173/@vite/client:1034
[77279970ms] [ERROR] WebSocket connection to 'ws://localhost:5173/' failed: Error in connection establishment: net::ERR_CONNECTION_REFUSED @ http://localhost:5173/@vite/client:1034
[77286986ms] [ERROR] WebSocket connection to 'ws://localhost:5173/' failed: Error in connection establishment: net::ERR_CONNECTION_REFUSED @ http://localhost:5173/@vite/client:1034
[77295280ms] [ERROR] WebSocket connection to 'ws://localhost:5173/' failed: Error in connection establishment: net::ERR_CONNECTION_REFUSED @ http://localhost:5173/@vite/client:1034
[77301430ms] [ERROR] WebSocket connection to 'ws://localhost:5173/' failed: Error in connection establishment: net::ERR_CONNECTION_REFUSED @ http://localhost:5173/@vite/client:1034
[77307982ms] [ERROR] WebSocket connection to 'ws://localhost:5173/' failed: Error in connection establishment: net::ERR_CONNECTION_REFUSED @ http://localhost:5173/@vite/client:1034
[77315644ms] [ERROR] WebSocket connection to 'ws://localhost:5173/' failed: Error in connection establishment: net::ERR_CONNECTION_REFUSED @ http://localhost:5173/@vite/client:1034
[77320089ms] [ERROR] WebSocket connection to 'ws://localhost:5173/' failed: Error in connection establishment: net::ERR_CONNECTION_REFUSED @ http://localhost:5173/@vite/client:1034
[77325984ms] [ERROR] WebSocket connection to 'ws://localhost:5173/' failed: Error in connection establishment: net::ERR_CONNECTION_REFUSED @ http://localhost:5173/@vite/client:1034
[77331517ms] [ERROR] WebSocket connection to 'ws://localhost:5173/' failed: Error in connection establishment: net::ERR_CONNECTION_REFUSED @ http://localhost:5173/@vite/client:1034
[77336721ms] [ERROR] WebSocket connection to 'ws://localhost:5173/' failed: Error in connection establishment: net::ERR_CONNECTION_REFUSED @ http://localhost:5173/@vite/client:1034
[77343211ms] [ERROR] WebSocket connection to 'ws://localhost:5173/' failed: Error in connection establishment: net::ERR_CONNECTION_REFUSED @ http://localhost:5173/@vite/client:1034
[77350442ms] [ERROR] WebSocket connection to 'ws://localhost:5173/' failed: Error in connection establishment: net::ERR_CONNECTION_REFUSED @ http://localhost:5173/@vite/client:1034
[77355175ms] [ERROR] WebSocket connection to 'ws://localhost:5173/' failed: Error in connection establishment: net::ERR_CONNECTION_REFUSED @ http://localhost:5173/@vite/client:1034
[77359719ms] [ERROR] WebSocket connection to 'ws://localhost:5173/' failed: Error in connection establishment: net::ERR_CONNECTION_REFUSED @ http://localhost:5173/@vite/client:1034
[77366843ms] [ERROR] WebSocket connection to 'ws://localhost:5173/' failed: Error in connection establishment: net::ERR_CONNECTION_REFUSED @ http://localhost:5173/@vite/client:1034
[77372815ms] [ERROR] WebSocket connection to 'ws://localhost:5173/' failed: Error in connection establishment: net::ERR_CONNECTION_REFUSED @ http://localhost:5173/@vite/client:1034
[77379117ms] [ERROR] WebSocket connection to 'ws://localhost:5173/' failed: Error in connection establishment: net::ERR_CONNECTION_REFUSED @ http://localhost:5173/@vite/client:1034
[77384630ms] [ERROR] WebSocket connection to 'ws://localhost:5173/' failed: Error in connection establishment: net::ERR_CONNECTION_REFUSED @ http://localhost:5173/@vite/client:1034
[77390811ms] [ERROR] WebSocket connection to 'ws://localhost:5173/' failed: Error in connection establishment: net::ERR_CONNECTION_REFUSED @ http://localhost:5173/@vite/client:1034
[77399186ms] [ERROR] WebSocket connection to 'ws://localhost:5173/' failed: Error in connection establishment: net::ERR_CONNECTION_REFUSED @ http://localhost:5173/@vite/client:1034
[77406506ms] [ERROR] WebSocket connection to 'ws://localhost:5173/' failed: Error in connection establishment: net::ERR_CONNECTION_REFUSED @ http://localhost:5173/@vite/client:1034
[77410949ms] [ERROR] WebSocket connection to 'ws://localhost:5173/' failed: Error in connection establishment: net::ERR_CONNECTION_REFUSED @ http://localhost:5173/@vite/client:1034
[77416488ms] [ERROR] WebSocket connection to 'ws://localhost:5173/' failed: Error in connection establishment: net::ERR_CONNECTION_REFUSED @ http://localhost:5173/@vite/client:1034
[77422471ms] [ERROR] WebSocket connection to 'ws://localhost:5173/' failed: Error in connection establishment: net::ERR_CONNECTION_REFUSED @ http://localhost:5173/@vite/client:1034
[77428025ms] [ERROR] WebSocket connection to 'ws://localhost:5173/' failed: Error in connection establishment: net::ERR_CONNECTION_REFUSED @ http://localhost:5173/@vite/client:1034
[77433956ms] [ERROR] WebSocket connection to 'ws://localhost:5173/' failed: Error in connection establishment: net::ERR_CONNECTION_REFUSED @ http://localhost:5173/@vite/client:1034
[77439947ms] [ERROR] WebSocket connection to 'ws://localhost:5173/' failed: Error in connection establishment: net::ERR_CONNECTION_REFUSED @ http://localhost:5173/@vite/client:1034
[77446496ms] [ERROR] WebSocket connection to 'ws://localhost:5173/' failed: Error in connection establishment: net::ERR_CONNECTION_REFUSED @ http://localhost:5173/@vite/client:1034
[77453257ms] [ERROR] WebSocket connection to 'ws://localhost:5173/' failed: Error in connection establishment: net::ERR_CONNECTION_REFUSED @ http://localhost:5173/@vite/client:1034
[77461328ms] [ERROR] WebSocket connection to 'ws://localhost:5173/' failed: Error in connection establishment: net::ERR_CONNECTION_REFUSED @ http://localhost:5173/@vite/client:1034
[77468928ms] [ERROR] WebSocket connection to 'ws://localhost:5173/' failed: Error in connection establishment: net::ERR_CONNECTION_REFUSED @ http://localhost:5173/@vite/client:1034
[77475938ms] [ERROR] WebSocket connection to 'ws://localhost:5173/' failed: Error in connection establishment: net::ERR_CONNECTION_REFUSED @ http://localhost:5173/@vite/client:1034
[77481822ms] [ERROR] WebSocket connection to 'ws://localhost:5173/' failed: Error in connection establishment: net::ERR_CONNECTION_REFUSED @ http://localhost:5173/@vite/client:1034
[77487261ms] [ERROR] WebSocket connection to 'ws://localhost:5173/' failed: Error in connection establishment: net::ERR_CONNECTION_REFUSED @ http://localhost:5173/@vite/client:1034
[77492469ms] [ERROR] WebSocket connection to 'ws://localhost:5173/' failed: Error in connection establishment: net::ERR_CONNECTION_REFUSED @ http://localhost:5173/@vite/client:1034
[77499961ms] [ERROR] WebSocket connection to 'ws://localhost:5173/' failed: Error in connection establishment: net::ERR_CONNECTION_REFUSED @ http://localhost:5173/@vite/client:1034
[77507108ms] [ERROR] WebSocket connection to 'ws://localhost:5173/' failed: Error in connection establishment: net::ERR_CONNECTION_REFUSED @ http://localhost:5173/@vite/client:1034
[77514439ms] [ERROR] WebSocket connection to 'ws://localhost:5173/' failed: Error in connection establishment: net::ERR_CONNECTION_REFUSED @ http://localhost:5173/@vite/client:1034
[77522725ms] [ERROR] WebSocket connection to 'ws://localhost:5173/' failed: Error in connection establishment: net::ERR_CONNECTION_REFUSED @ http://localhost:5173/@vite/client:1034
[77529547ms] [ERROR] WebSocket connection to 'ws://localhost:5173/' failed: Error in connection establishment: net::ERR_CONNECTION_REFUSED @ http://localhost:5173/@vite/client:1034
[77535016ms] [ERROR] WebSocket connection to 'ws://localhost:5173/' failed: Error in connection establishment: net::ERR_CONNECTION_REFUSED @ http://localhost:5173/@vite/client:1034
[77540319ms] [ERROR] WebSocket connection to 'ws://localhost:5173/' failed: Error in connection establishment: net::ERR_CONNECTION_REFUSED @ http://localhost:5173/@vite/client:1034
[77546125ms] [ERROR] WebSocket connection to 'ws://localhost:5173/' failed: Error in connection establishment: net::ERR_CONNECTION_REFUSED @ http://localhost:5173/@vite/client:1034
[77553194ms] [ERROR] WebSocket connection to 'ws://localhost:5173/' failed: Error in connection establishment: net::ERR_CONNECTION_REFUSED @ http://localhost:5173/@vite/client:1034
[77559696ms] [ERROR] WebSocket connection to 'ws://localhost:5173/' failed: Error in connection establishment: net::ERR_CONNECTION_REFUSED @ http://localhost:5173/@vite/client:1034
[77567002ms] [ERROR] WebSocket connection to 'ws://localhost:5173/' failed: Error in connection establishment: net::ERR_CONNECTION_REFUSED @ http://localhost:5173/@vite/client:1034
[77571832ms] [ERROR] WebSocket connection to 'ws://localhost:5173/' failed: Error in connection establishment: net::ERR_CONNECTION_REFUSED @ http://localhost:5173/@vite/client:1034
[77578165ms] [ERROR] WebSocket connection to 'ws://localhost:5173/' failed: Error in connection establishment: net::ERR_CONNECTION_REFUSED @ http://localhost:5173/@vite/client:1034
[77586366ms] [ERROR] WebSocket connection to 'ws://localhost:5173/' failed: Error in connection establishment: net::ERR_CONNECTION_REFUSED @ http://localhost:5173/@vite/client:1034
[77591209ms] [ERROR] WebSocket connection to 'ws://localhost:5173/' failed: Error in connection establishment: net::ERR_CONNECTION_REFUSED @ http://localhost:5173/@vite/client:1034
[77596460ms] [ERROR] WebSocket connection to 'ws://localhost:5173/' failed: Error in connection establishment: net::ERR_CONNECTION_REFUSED @ http://localhost:5173/@vite/client:1034
[77604133ms] [ERROR] WebSocket connection to 'ws://localhost:5173/' failed: Error in connection establishment: net::ERR_CONNECTION_REFUSED @ http://localhost:5173/@vite/client:1034
[77610288ms] [ERROR] WebSocket connection to 'ws://localhost:5173/' failed: Error in connection establishment: net::ERR_CONNECTION_REFUSED @ http://localhost:5173/@vite/client:1034
[77615929ms] [ERROR] WebSocket connection to 'ws://localhost:5173/' failed: Error in connection establishment: net::ERR_CONNECTION_REFUSED @ http://localhost:5173/@vite/client:1034
[77623136ms] [ERROR] WebSocket connection to 'ws://localhost:5173/' failed: Error in connection establishment: net::ERR_CONNECTION_REFUSED @ http://localhost:5173/@vite/client:1034
[77630472ms] [ERROR] WebSocket connection to 'ws://localhost:5173/' failed: Error in connection establishment: net::ERR_CONNECTION_REFUSED @ http://localhost:5173/@vite/client:1034
[77637171ms] [ERROR] WebSocket connection to 'ws://localhost:5173/' failed: Error in connection establishment: net::ERR_CONNECTION_REFUSED @ http://localhost:5173/@vite/client:1034
[77645164ms] [ERROR] WebSocket connection to 'ws://localhost:5173/' failed: Error in connection establishment: net::ERR_CONNECTION_REFUSED @ http://localhost:5173/@vite/client:1034
[77653240ms] [ERROR] WebSocket connection to 'ws://localhost:5173/' failed: Error in connection establishment: net::ERR_CONNECTION_REFUSED @ http://localhost:5173/@vite/client:1034
[77661009ms] [ERROR] WebSocket connection to 'ws://localhost:5173/' failed: Error in connection establishment: net::ERR_CONNECTION_REFUSED @ http://localhost:5173/@vite/client:1034
[77665579ms] [ERROR] WebSocket connection to 'ws://localhost:5173/' failed: Error in connection establishment: net::ERR_CONNECTION_REFUSED @ http://localhost:5173/@vite/client:1034
[77670078ms] [ERROR] WebSocket connection to 'ws://localhost:5173/' failed: Error in connection establishment: net::ERR_CONNECTION_REFUSED @ http://localhost:5173/@vite/client:1034
[77677350ms] [ERROR] WebSocket connection to 'ws://localhost:5173/' failed: Error in connection establishment: net::ERR_CONNECTION_REFUSED @ http://localhost:5173/@vite/client:1034
[77683745ms] [ERROR] WebSocket connection to 'ws://localhost:5173/' failed: Error in connection establishment: net::ERR_CONNECTION_REFUSED @ http://localhost:5173/@vite/client:1034
[77688555ms] [ERROR] WebSocket connection to 'ws://localhost:5173/' failed: Error in connection establishment: net::ERR_CONNECTION_REFUSED @ http://localhost:5173/@vite/client:1034
[77694473ms] [ERROR] WebSocket connection to 'ws://localhost:5173/' failed: Error in connection establishment: net::ERR_CONNECTION_REFUSED @ http://localhost:5173/@vite/client:1034
[77699445ms] [ERROR] WebSocket connection to 'ws://localhost:5173/' failed: Error in connection establishment: net::ERR_CONNECTION_REFUSED @ http://localhost:5173/@vite/client:1034
[77707130ms] [ERROR] WebSocket connection to 'ws://localhost:5173/' failed: Error in connection establishment: net::ERR_CONNECTION_REFUSED @ http://localhost:5173/@vite/client:1034
[77713440ms] [ERROR] WebSocket connection to 'ws://localhost:5173/' failed: Error in connection establishment: net::ERR_CONNECTION_REFUSED @ http://localhost:5173/@vite/client:1034
[77718847ms] [ERROR] WebSocket connection to 'ws://localhost:5173/' failed: Error in connection establishment: net::ERR_CONNECTION_REFUSED @ http://localhost:5173/@vite/client:1034
[77724460ms] [ERROR] WebSocket connection to 'ws://localhost:5173/' failed: Error in connection establishment: net::ERR_CONNECTION_REFUSED @ http://localhost:5173/@vite/client:1034
[77730911ms] [ERROR] WebSocket connection to 'ws://localhost:5173/' failed: Error in connection establishment: net::ERR_CONNECTION_REFUSED @ http://localhost:5173/@vite/client:1034
[77738936ms] [ERROR] WebSocket connection to 'ws://localhost:5173/' failed: Error in connection establishment: net::ERR_CONNECTION_REFUSED @ http://localhost:5173/@vite/client:1034
[77746583ms] [ERROR] WebSocket connection to 'ws://localhost:5173/' failed: Error in connection establishment: net::ERR_CONNECTION_REFUSED @ http://localhost:5173/@vite/client:1034
[77751030ms] [ERROR] WebSocket connection to 'ws://localhost:5173/' failed: Error in connection establishment: net::ERR_CONNECTION_REFUSED @ http://localhost:5173/@vite/client:1034
[77755562ms] [ERROR] WebSocket connection to 'ws://localhost:5173/' failed: Error in connection establishment: net::ERR_CONNECTION_REFUSED @ http://localhost:5173/@vite/client:1034
[77762986ms] [ERROR] WebSocket connection to 'ws://localhost:5173/' failed: Error in connection establishment: net::ERR_CONNECTION_REFUSED @ http://localhost:5173/@vite/client:1034
[77768780ms] [ERROR] WebSocket connection to 'ws://localhost:5173/' failed: Error in connection establishment: net::ERR_CONNECTION_REFUSED @ http://localhost:5173/@vite/client:1034
[77774000ms] [ERROR] WebSocket connection to 'ws://localhost:5173/' failed: Error in connection establishment: net::ERR_CONNECTION_REFUSED @ http://localhost:5173/@vite/client:1034
[77780789ms] [ERROR] WebSocket connection to 'ws://localhost:5173/' failed: Error in connection establishment: net::ERR_CONNECTION_REFUSED @ http://localhost:5173/@vite/client:1034
[77787960ms] [ERROR] WebSocket connection to 'ws://localhost:5173/' failed: Error in connection establishment: net::ERR_CONNECTION_REFUSED @ http://localhost:5173/@vite/client:1034
[77794199ms] [ERROR] WebSocket connection to 'ws://localhost:5173/' failed: Error in connection establishment: net::ERR_CONNECTION_REFUSED @ http://localhost:5173/@vite/client:1034
[77801675ms] [ERROR] WebSocket connection to 'ws://localhost:5173/' failed: Error in connection establishment: net::ERR_CONNECTION_REFUSED @ http://localhost:5173/@vite/client:1034
[77807961ms] [ERROR] WebSocket connection to 'ws://localhost:5173/' failed: Error in connection establishment: net::ERR_CONNECTION_REFUSED @ http://localhost:5173/@vite/client:1034
[77815903ms] [ERROR] WebSocket connection to 'ws://localhost:5173/' failed: Error in connection establishment: net::ERR_CONNECTION_REFUSED @ http://localhost:5173/@vite/client:1034
[77823975ms] [ERROR] WebSocket connection to 'ws://localhost:5173/' failed: Error in connection establishment: net::ERR_CONNECTION_REFUSED @ http://localhost:5173/@vite/client:1034
[77830739ms] [ERROR] WebSocket connection to 'ws://localhost:5173/' failed: Error in connection establishment: net::ERR_CONNECTION_REFUSED @ http://localhost:5173/@vite/client:1034
[77838405ms] [ERROR] WebSocket connection to 'ws://localhost:5173/' failed: Error in connection establishment: net::ERR_CONNECTION_REFUSED @ http://localhost:5173/@vite/client:1034
[77843996ms] [ERROR] WebSocket connection to 'ws://localhost:5173/' failed: Error in connection establishment: net::ERR_CONNECTION_REFUSED @ http://localhost:5173/@vite/client:1034
[77849239ms] [ERROR] WebSocket connection to 'ws://localhost:5173/' failed: Error in connection establishment: net::ERR_CONNECTION_REFUSED @ http://localhost:5173/@vite/client:1034
[77856922ms] [ERROR] WebSocket connection to 'ws://localhost:5173/' failed: Error in connection establishment: net::ERR_CONNECTION_REFUSED @ http://localhost:5173/@vite/client:1034
[77862444ms] [ERROR] WebSocket connection to 'ws://localhost:5173/' failed: Error in connection establishment: net::ERR_CONNECTION_REFUSED @ http://localhost:5173/@vite/client:1034
[77870003ms] [ERROR] WebSocket connection to 'ws://localhost:5173/' failed: Error in connection establishment: net::ERR_CONNECTION_REFUSED @ http://localhost:5173/@vite/client:1034
[77876950ms] [ERROR] WebSocket connection to 'ws://localhost:5173/' failed: Error in connection establishment: net::ERR_CONNECTION_REFUSED @ http://localhost:5173/@vite/client:1034
[77882350ms] [ERROR] WebSocket connection to 'ws://localhost:5173/' failed: Error in connection establishment: net::ERR_CONNECTION_REFUSED @ http://localhost:5173/@vite/client:1034
[77887574ms] [ERROR] WebSocket connection to 'ws://localhost:5173/' failed: Error in connection establishment: net::ERR_CONNECTION_REFUSED @ http://localhost:5173/@vite/client:1034
[77894874ms] [ERROR] WebSocket connection to 'ws://localhost:5173/' failed: Error in connection establishment: net::ERR_CONNECTION_REFUSED @ http://localhost:5173/@vite/client:1034
[77901929ms] [ERROR] WebSocket connection to 'ws://localhost:5173/' failed: Error in connection establishment: net::ERR_CONNECTION_REFUSED @ http://localhost:5173/@vite/client:1034
[77909866ms] [ERROR] WebSocket connection to 'ws://localhost:5173/' failed: Error in connection establishment: net::ERR_CONNECTION_REFUSED @ http://localhost:5173/@vite/client:1034
[77915373ms] [ERROR] WebSocket connection to 'ws://localhost:5173/' failed: Error in connection establishment: net::ERR_CONNECTION_REFUSED @ http://localhost:5173/@vite/client:1034
[77921615ms] [ERROR] WebSocket connection to 'ws://localhost:5173/' failed: Error in connection establishment: net::ERR_CONNECTION_REFUSED @ http://localhost:5173/@vite/client:1034
[77929911ms] [ERROR] WebSocket connection to 'ws://localhost:5173/' failed: Error in connection establishment: net::ERR_CONNECTION_REFUSED @ http://localhost:5173/@vite/client:1034
[77937851ms] [ERROR] WebSocket connection to 'ws://localhost:5173/' failed: Error in connection establishment: net::ERR_CONNECTION_REFUSED @ http://localhost:5173/@vite/client:1034
[77943310ms] [ERROR] WebSocket connection to 'ws://localhost:5173/' failed: Error in connection establishment: net::ERR_CONNECTION_REFUSED @ http://localhost:5173/@vite/client:1034
[77948240ms] [ERROR] WebSocket connection to 'ws://localhost:5173/' failed: Error in connection establishment: net::ERR_CONNECTION_REFUSED @ http://localhost:5173/@vite/client:1034
[77955753ms] [ERROR] WebSocket connection to 'ws://localhost:5173/' failed: Error in connection establishment: net::ERR_CONNECTION_REFUSED @ http://localhost:5173/@vite/client:1034
[77963193ms] [ERROR] WebSocket connection to 'ws://localhost:5173/' failed: Error in connection establishment: net::ERR_CONNECTION_REFUSED @ http://localhost:5173/@vite/client:1034
[77968539ms] [ERROR] WebSocket connection to 'ws://localhost:5173/' failed: Error in connection establishment: net::ERR_CONNECTION_REFUSED @ http://localhost:5173/@vite/client:1034
[77975697ms] [ERROR] WebSocket connection to 'ws://localhost:5173/' failed: Error in connection establishment: net::ERR_CONNECTION_REFUSED @ http://localhost:5173/@vite/client:1034
[77980947ms] [ERROR] WebSocket connection to 'ws://localhost:5173/' failed: Error in connection establishment: net::ERR_CONNECTION_REFUSED @ http://localhost:5173/@vite/client:1034
[77987865ms] [ERROR] WebSocket connection to 'ws://localhost:5173/' failed: Error in connection establishment: net::ERR_CONNECTION_REFUSED @ http://localhost:5173/@vite/client:1034
[77995425ms] [ERROR] WebSocket connection to 'ws://localhost:5173/' failed: Error in connection establishment: net::ERR_CONNECTION_REFUSED @ http://localhost:5173/@vite/client:1034
[78000501ms] [ERROR] WebSocket connection to 'ws://localhost:5173/' failed: Error in connection establishment: net::ERR_CONNECTION_REFUSED @ http://localhost:5173/@vite/client:1034
[78007349ms] [ERROR] WebSocket connection to 'ws://localhost:5173/' failed: Error in connection establishment: net::ERR_CONNECTION_REFUSED @ http://localhost:5173/@vite/client:1034
[78014347ms] [ERROR] WebSocket connection to 'ws://localhost:5173/' failed: Error in connection establishment: net::ERR_CONNECTION_REFUSED @ http://localhost:5173/@vite/client:1034
[78019224ms] [ERROR] WebSocket connection to 'ws://localhost:5173/' failed: Error in connection establishment: net::ERR_CONNECTION_REFUSED @ http://localhost:5173/@vite/client:1034
[78024150ms] [ERROR] WebSocket connection to 'ws://localhost:5173/' failed: Error in connection establishment: net::ERR_CONNECTION_REFUSED @ http://localhost:5173/@vite/client:1034
[78032080ms] [ERROR] WebSocket connection to 'ws://localhost:5173/' failed: Error in connection establishment: net::ERR_CONNECTION_REFUSED @ http://localhost:5173/@vite/client:1034
[78040576ms] [ERROR] WebSocket connection to 'ws://localhost:5173/' failed: Error in connection establishment: net::ERR_CONNECTION_REFUSED @ http://localhost:5173/@vite/client:1034
[78044273ms] [ERROR] WebSocket connection to 'ws://localhost:5173/' failed: Error in connection establishment: net::ERR_CONNECTION_REFUSED @ http://localhost:5173/@vite/client:1034
[78047978ms] [ERROR] WebSocket connection to 'ws://localhost:5173/' failed: Error in connection establishment: net::ERR_CONNECTION_REFUSED @ http://localhost:5173/@vite/client:1034
[78051500ms] [ERROR] WebSocket connection to 'ws://localhost:5173/' failed: Error in connection establishment: net::ERR_CONNECTION_REFUSED @ http://localhost:5173/@vite/client:1034
[78054849ms] [ERROR] WebSocket connection to 'ws://localhost:5173/' failed: Error in connection establishment: net::ERR_CONNECTION_REFUSED @ http://localhost:5173/@vite/client:1034
[78058209ms] [ERROR] WebSocket connection to 'ws://localhost:5173/' failed: Error in connection establishment: net::ERR_CONNECTION_REFUSED @ http://localhost:5173/@vite/client:1034
[78061567ms] [ERROR] WebSocket connection to 'ws://localhost:5173/' failed: Error in connection establishment: net::ERR_CONNECTION_REFUSED @ http://localhost:5173/@vite/client:1034
[78064967ms] [ERROR] WebSocket connection to 'ws://localhost:5173/' failed: Error in connection establishment: net::ERR_CONNECTION_REFUSED @ http://localhost:5173/@vite/client:1034
[78068373ms] [ERROR] WebSocket connection to 'ws://localhost:5173/' failed: Error in connection establishment: net::ERR_CONNECTION_REFUSED @ http://localhost:5173/@vite/client:1034
[78071756ms] [ERROR] WebSocket connection to 'ws://localhost:5173/' failed: Error in connection establishment: net::ERR_CONNECTION_REFUSED @ http://localhost:5173/@vite/client:1034
[78075164ms] [ERROR] WebSocket connection to 'ws://localhost:5173/' failed: Error in connection establishment: net::ERR_CONNECTION_REFUSED @ http://localhost:5173/@vite/client:1034
[78078543ms] [ERROR] WebSocket connection to 'ws://localhost:5173/' failed: Error in connection establishment: net::ERR_CONNECTION_REFUSED @ http://localhost:5173/@vite/client:1034
[78082040ms] [ERROR] WebSocket connection to 'ws://localhost:5173/' failed: Error in connection establishment: net::ERR_CONNECTION_REFUSED @ http://localhost:5173/@vite/client:1034
[78085537ms] [ERROR] WebSocket connection to 'ws://localhost:5173/' failed: Error in connection establishment: net::ERR_CONNECTION_REFUSED @ http://localhost:5173/@vite/client:1034
[78089052ms] [ERROR] WebSocket connection to 'ws://localhost:5173/' failed: Error in connection establishment: net::ERR_CONNECTION_REFUSED @ http://localhost:5173/@vite/client:1034
[78093085ms] [ERROR] WebSocket connection to 'ws://localhost:5173/' failed: Error in connection establishment: net::ERR_CONNECTION_REFUSED @ http://localhost:5173/@vite/client:1034
[78098362ms] [ERROR] WebSocket connection to 'ws://localhost:5173/' failed: Error in connection establishment: net::ERR_CONNECTION_REFUSED @ http://localhost:5173/@vite/client:1034
[78106237ms] [ERROR] WebSocket connection to 'ws://localhost:5173/' failed: Error in connection establishment: net::ERR_CONNECTION_REFUSED @ http://localhost:5173/@vite/client:1034
[78112673ms] [ERROR] WebSocket connection to 'ws://localhost:5173/' failed: Error in connection establishment: net::ERR_CONNECTION_REFUSED @ http://localhost:5173/@vite/client:1034
[78119835ms] [ERROR] WebSocket connection to 'ws://localhost:5173/' failed: Error in connection establishment: net::ERR_CONNECTION_REFUSED @ http://localhost:5173/@vite/client:1034
[78128241ms] [ERROR] WebSocket connection to 'ws://localhost:5173/' failed: Error in connection establishment: net::ERR_CONNECTION_REFUSED @ http://localhost:5173/@vite/client:1034
[78134163ms] [ERROR] WebSocket connection to 'ws://localhost:5173/' failed: Error in connection establishment: net::ERR_CONNECTION_REFUSED @ http://localhost:5173/@vite/client:1034
[78139506ms] [ERROR] WebSocket connection to 'ws://localhost:5173/' failed: Error in connection establishment: net::ERR_CONNECTION_REFUSED @ http://localhost:5173/@vite/client:1034
[78147825ms] [ERROR] WebSocket connection to 'ws://localhost:5173/' failed: Error in connection establishment: net::ERR_CONNECTION_REFUSED @ http://localhost:5173/@vite/client:1034
[78153573ms] [ERROR] WebSocket connection to 'ws://localhost:5173/' failed: Error in connection establishment: net::ERR_CONNECTION_REFUSED @ http://localhost:5173/@vite/client:1034
[78158920ms] [ERROR] WebSocket connection to 'ws://localhost:5173/' failed: Error in connection establishment: net::ERR_CONNECTION_REFUSED @ http://localhost:5173/@vite/client:1034
[78163771ms] [ERROR] WebSocket connection to 'ws://localhost:5173/' failed: Error in connection establishment: net::ERR_CONNECTION_REFUSED @ http://localhost:5173/@vite/client:1034
[78171257ms] [ERROR] WebSocket connection to 'ws://localhost:5173/' failed: Error in connection establishment: net::ERR_CONNECTION_REFUSED @ http://localhost:5173/@vite/client:1034
[78176425ms] [ERROR] WebSocket connection to 'ws://localhost:5173/' failed: Error in connection establishment: net::ERR_CONNECTION_REFUSED @ http://localhost:5173/@vite/client:1034
[78180825ms] [ERROR] WebSocket connection to 'ws://localhost:5173/' failed: Error in connection establishment: net::ERR_CONNECTION_REFUSED @ http://localhost:5173/@vite/client:1034
[78188075ms] [ERROR] WebSocket connection to 'ws://localhost:5173/' failed: Error in connection establishment: net::ERR_CONNECTION_REFUSED @ http://localhost:5173/@vite/client:1034
[78193756ms] [ERROR] WebSocket connection to 'ws://localhost:5173/' failed: Error in connection establishment: net::ERR_CONNECTION_REFUSED @ http://localhost:5173/@vite/client:1034
[78201034ms] [ERROR] WebSocket connection to 'ws://localhost:5173/' failed: Error in connection establishment: net::ERR_CONNECTION_REFUSED @ http://localhost:5173/@vite/client:1034
[78206624ms] [ERROR] WebSocket connection to 'ws://localhost:5173/' failed: Error in connection establishment: net::ERR_CONNECTION_REFUSED @ http://localhost:5173/@vite/client:1034
[78213371ms] [ERROR] WebSocket connection to 'ws://localhost:5173/' failed: Error in connection establishment: net::ERR_CONNECTION_REFUSED @ http://localhost:5173/@vite/client:1034
[78218383ms] [ERROR] WebSocket connection to 'ws://localhost:5173/' failed: Error in connection establishment: net::ERR_CONNECTION_REFUSED @ http://localhost:5173/@vite/client:1034
[78224932ms] [ERROR] WebSocket connection to 'ws://localhost:5173/' failed: Error in connection establishment: net::ERR_CONNECTION_REFUSED @ http://localhost:5173/@vite/client:1034
[78229610ms] [ERROR] WebSocket connection to 'ws://localhost:5173/' failed: Error in connection establishment: net::ERR_CONNECTION_REFUSED @ http://localhost:5173/@vite/client:1034
[78234171ms] [ERROR] WebSocket connection to 'ws://localhost:5173/' failed: Error in connection establishment: net::ERR_CONNECTION_REFUSED @ http://localhost:5173/@vite/client:1034
[78240143ms] [ERROR] WebSocket connection to 'ws://localhost:5173/' failed: Error in connection establishment: net::ERR_CONNECTION_REFUSED @ http://localhost:5173/@vite/client:1034
[78247111ms] [ERROR] WebSocket connection to 'ws://localhost:5173/' failed: Error in connection establishment: net::ERR_CONNECTION_REFUSED @ http://localhost:5173/@vite/client:1034
[78253856ms] [ERROR] WebSocket connection to 'ws://localhost:5173/' failed: Error in connection establishment: net::ERR_CONNECTION_REFUSED @ http://localhost:5173/@vite/client:1034
[78259616ms] [ERROR] WebSocket connection to 'ws://localhost:5173/' failed: Error in connection establishment: net::ERR_CONNECTION_REFUSED @ http://localhost:5173/@vite/client:1034
[78264149ms] [ERROR] WebSocket connection to 'ws://localhost:5173/' failed: Error in connection establishment: net::ERR_CONNECTION_REFUSED @ http://localhost:5173/@vite/client:1034
[78269397ms] [ERROR] WebSocket connection to 'ws://localhost:5173/' failed: Error in connection establishment: net::ERR_CONNECTION_REFUSED @ http://localhost:5173/@vite/client:1034
[78275427ms] [ERROR] WebSocket connection to 'ws://localhost:5173/' failed: Error in connection establishment: net::ERR_CONNECTION_REFUSED @ http://localhost:5173/@vite/client:1034
[78281304ms] [ERROR] WebSocket connection to 'ws://localhost:5173/' failed: Error in connection establishment: net::ERR_CONNECTION_REFUSED @ http://localhost:5173/@vite/client:1034
[78284707ms] [ERROR] WebSocket connection to 'ws://localhost:5173/' failed: Error in connection establishment: net::ERR_CONNECTION_REFUSED @ http://localhost:5173/@vite/client:1034
[78288075ms] [ERROR] WebSocket connection to 'ws://localhost:5173/' failed: Error in connection establishment: net::ERR_CONNECTION_REFUSED @ http://localhost:5173/@vite/client:1034
[78291419ms] [ERROR] WebSocket connection to 'ws://localhost:5173/' failed: Error in connection establishment: net::ERR_CONNECTION_REFUSED @ http://localhost:5173/@vite/client:1034
[78294911ms] [ERROR] WebSocket connection to 'ws://localhost:5173/' failed: Error in connection establishment: net::ERR_CONNECTION_REFUSED @ http://localhost:5173/@vite/client:1034
[78298343ms] [ERROR] WebSocket connection to 'ws://localhost:5173/' failed: Error in connection establishment: net::ERR_CONNECTION_REFUSED @ http://localhost:5173/@vite/client:1034
[78301724ms] [ERROR] WebSocket connection to 'ws://localhost:5173/' failed: Error in connection establishment: net::ERR_CONNECTION_REFUSED @ http://localhost:5173/@vite/client:1034
[78305131ms] [ERROR] WebSocket connection to 'ws://localhost:5173/' failed: Error in connection establishment: net::ERR_CONNECTION_REFUSED @ http://localhost:5173/@vite/client:1034
[78308507ms] [ERROR] WebSocket connection to 'ws://localhost:5173/' failed: Error in connection establishment: net::ERR_CONNECTION_REFUSED @ http://localhost:5173/@vite/client:1034
[78311865ms] [ERROR] WebSocket connection to 'ws://localhost:5173/' failed: Error in connection establishment: net::ERR_CONNECTION_REFUSED @ http://localhost:5173/@vite/client:1034
[78315271ms] [ERROR] WebSocket connection to 'ws://localhost:5173/' failed: Error in connection establishment: net::ERR_CONNECTION_REFUSED @ http://localhost:5173/@vite/client:1034
[78318754ms] [ERROR] WebSocket connection to 'ws://localhost:5173/' failed: Error in connection establishment: net::ERR_CONNECTION_REFUSED @ http://localhost:5173/@vite/client:1034
[78322226ms] [ERROR] WebSocket connection to 'ws://localhost:5173/' failed: Error in connection establishment: net::ERR_CONNECTION_REFUSED @ http://localhost:5173/@vite/client:1034
[78325764ms] [ERROR] WebSocket connection to 'ws://localhost:5173/' failed: Error in connection establishment: net::ERR_CONNECTION_REFUSED @ http://localhost:5173/@vite/client:1034
[78329788ms] [ERROR] WebSocket connection to 'ws://localhost:5173/' failed: Error in connection establishment: net::ERR_CONNECTION_REFUSED @ http://localhost:5173/@vite/client:1034
[78334324ms] [ERROR] WebSocket connection to 'ws://localhost:5173/' failed: Error in connection establishment: net::ERR_CONNECTION_REFUSED @ http://localhost:5173/@vite/client:1034
[78338354ms] [ERROR] WebSocket connection to 'ws://localhost:5173/' failed: Error in connection establishment: net::ERR_CONNECTION_REFUSED @ http://localhost:5173/@vite/client:1034
[78344350ms] [ERROR] WebSocket connection to 'ws://localhost:5173/' failed: Error in connection establishment: net::ERR_CONNECTION_REFUSED @ http://localhost:5173/@vite/client:1034
[78352537ms] [ERROR] WebSocket connection to 'ws://localhost:5173/' failed: Error in connection establishment: net::ERR_CONNECTION_REFUSED @ http://localhost:5173/@vite/client:1034
[78357059ms] [ERROR] WebSocket connection to 'ws://localhost:5173/' failed: Error in connection establishment: net::ERR_CONNECTION_REFUSED @ http://localhost:5173/@vite/client:1034
[78361702ms] [ERROR] WebSocket connection to 'ws://localhost:5173/' failed: Error in connection establishment: net::ERR_CONNECTION_REFUSED @ http://localhost:5173/@vite/client:1034
[78366517ms] [ERROR] WebSocket connection to 'ws://localhost:5173/' failed: Error in connection establishment: net::ERR_CONNECTION_REFUSED @ http://localhost:5173/@vite/client:1034
[78373288ms] [ERROR] WebSocket connection to 'ws://localhost:5173/' failed: Error in connection establishment: net::ERR_CONNECTION_REFUSED @ http://localhost:5173/@vite/client:1034
[78380621ms] [ERROR] WebSocket connection to 'ws://localhost:5173/' failed: Error in connection establishment: net::ERR_CONNECTION_REFUSED @ http://localhost:5173/@vite/client:1034
[78385272ms] [ERROR] WebSocket connection to 'ws://localhost:5173/' failed: Error in connection establishment: net::ERR_CONNECTION_REFUSED @ http://localhost:5173/@vite/client:1034
[78389954ms] [ERROR] WebSocket connection to 'ws://localhost:5173/' failed: Error in connection establishment: net::ERR_CONNECTION_REFUSED @ http://localhost:5173/@vite/client:1034
[78397966ms] [ERROR] WebSocket connection to 'ws://localhost:5173/' failed: Error in connection establishment: net::ERR_CONNECTION_REFUSED @ http://localhost:5173/@vite/client:1034
[78405556ms] [ERROR] WebSocket connection to 'ws://localhost:5173/' failed: Error in connection establishment: net::ERR_CONNECTION_REFUSED @ http://localhost:5173/@vite/client:1034
[78410325ms] [ERROR] WebSocket connection to 'ws://localhost:5173/' failed: Error in connection establishment: net::ERR_CONNECTION_REFUSED @ http://localhost:5173/@vite/client:1034
[78415429ms] [ERROR] WebSocket connection to 'ws://localhost:5173/' failed: Error in connection establishment: net::ERR_CONNECTION_REFUSED @ http://localhost:5173/@vite/client:1034
[78423166ms] [ERROR] WebSocket connection to 'ws://localhost:5173/' failed: Error in connection establishment: net::ERR_CONNECTION_REFUSED @ http://localhost:5173/@vite/client:1034
[78428787ms] [ERROR] WebSocket connection to 'ws://localhost:5173/' failed: Error in connection establishment: net::ERR_CONNECTION_REFUSED @ http://localhost:5173/@vite/client:1034
[78435139ms] [ERROR] WebSocket connection to 'ws://localhost:5173/' failed: Error in connection establishment: net::ERR_CONNECTION_REFUSED @ http://localhost:5173/@vite/client:1034
[78442618ms] [ERROR] WebSocket connection to 'ws://localhost:5173/' failed: Error in connection establishment: net::ERR_CONNECTION_REFUSED @ http://localhost:5173/@vite/client:1034
[78451131ms] [ERROR] WebSocket connection to 'ws://localhost:5173/' failed: Error in connection establishment: net::ERR_CONNECTION_REFUSED @ http://localhost:5173/@vite/client:1034
[78459125ms] [ERROR] WebSocket connection to 'ws://localhost:5173/' failed: Error in connection establishment: net::ERR_CONNECTION_REFUSED @ http://localhost:5173/@vite/client:1034
[78465329ms] [ERROR] WebSocket connection to 'ws://localhost:5173/' failed: Error in connection establishment: net::ERR_CONNECTION_REFUSED @ http://localhost:5173/@vite/client:1034
[78470234ms] [ERROR] WebSocket connection to 'ws://localhost:5173/' failed: Error in connection establishment: net::ERR_CONNECTION_REFUSED @ http://localhost:5173/@vite/client:1034
[78475855ms] [ERROR] WebSocket connection to 'ws://localhost:5173/' failed: Error in connection establishment: net::ERR_CONNECTION_REFUSED @ http://localhost:5173/@vite/client:1034
[78483950ms] [ERROR] WebSocket connection to 'ws://localhost:5173/' failed: Error in connection establishment: net::ERR_CONNECTION_REFUSED @ http://localhost:5173/@vite/client:1034
[78490021ms] [ERROR] WebSocket connection to 'ws://localhost:5173/' failed: Error in connection establishment: net::ERR_CONNECTION_REFUSED @ http://localhost:5173/@vite/client:1034
[78497183ms] [ERROR] WebSocket connection to 'ws://localhost:5173/' failed: Error in connection establishment: net::ERR_CONNECTION_REFUSED @ http://localhost:5173/@vite/client:1034
[78502032ms] [ERROR] WebSocket connection to 'ws://localhost:5173/' failed: Error in connection establishment: net::ERR_CONNECTION_REFUSED @ http://localhost:5173/@vite/client:1034
[78508584ms] [ERROR] WebSocket connection to 'ws://localhost:5173/' failed: Error in connection establishment: net::ERR_CONNECTION_REFUSED @ http://localhost:5173/@vite/client:1034
[78516959ms] [ERROR] WebSocket connection to 'ws://localhost:5173/' failed: Error in connection establishment: net::ERR_CONNECTION_REFUSED @ http://localhost:5173/@vite/client:1034
[78523247ms] [ERROR] WebSocket connection to 'ws://localhost:5173/' failed: Error in connection establishment: net::ERR_CONNECTION_REFUSED @ http://localhost:5173/@vite/client:1034
[78527962ms] [ERROR] WebSocket connection to 'ws://localhost:5173/' failed: Error in connection establishment: net::ERR_CONNECTION_REFUSED @ http://localhost:5173/@vite/client:1034
[78533632ms] [ERROR] WebSocket connection to 'ws://localhost:5173/' failed: Error in connection establishment: net::ERR_CONNECTION_REFUSED @ http://localhost:5173/@vite/client:1034
[78539193ms] [ERROR] WebSocket connection to 'ws://localhost:5173/' failed: Error in connection establishment: net::ERR_CONNECTION_REFUSED @ http://localhost:5173/@vite/client:1034
[78543832ms] [ERROR] WebSocket connection to 'ws://localhost:5173/' failed: Error in connection establishment: net::ERR_CONNECTION_REFUSED @ http://localhost:5173/@vite/client:1034
[78549861ms] [ERROR] WebSocket connection to 'ws://localhost:5173/' failed: Error in connection establishment: net::ERR_CONNECTION_REFUSED @ http://localhost:5173/@vite/client:1034
[78555210ms] [ERROR] WebSocket connection to 'ws://localhost:5173/' failed: Error in connection establishment: net::ERR_CONNECTION_REFUSED @ http://localhost:5173/@vite/client:1034
[78562089ms] [ERROR] WebSocket connection to 'ws://localhost:5173/' failed: Error in connection establishment: net::ERR_CONNECTION_REFUSED @ http://localhost:5173/@vite/client:1034
[78569383ms] [ERROR] WebSocket connection to 'ws://localhost:5173/' failed: Error in connection establishment: net::ERR_CONNECTION_REFUSED @ http://localhost:5173/@vite/client:1034
[78575157ms] [ERROR] WebSocket connection to 'ws://localhost:5173/' failed: Error in connection establishment: net::ERR_CONNECTION_REFUSED @ http://localhost:5173/@vite/client:1034
[78581619ms] [ERROR] WebSocket connection to 'ws://localhost:5173/' failed: Error in connection establishment: net::ERR_CONNECTION_REFUSED @ http://localhost:5173/@vite/client:1034
[78589173ms] [ERROR] WebSocket connection to 'ws://localhost:5173/' failed: Error in connection establishment: net::ERR_CONNECTION_REFUSED @ http://localhost:5173/@vite/client:1034
[78596508ms] [ERROR] WebSocket connection to 'ws://localhost:5173/' failed: Error in connection establishment: net::ERR_CONNECTION_REFUSED @ http://localhost:5173/@vite/client:1034
[78603253ms] [ERROR] WebSocket connection to 'ws://localhost:5173/' failed: Error in connection establishment: net::ERR_CONNECTION_REFUSED @ http://localhost:5173/@vite/client:1034
[78610112ms] [ERROR] WebSocket connection to 'ws://localhost:5173/' failed: Error in connection establishment: net::ERR_CONNECTION_REFUSED @ http://localhost:5173/@vite/client:1034
[78615755ms] [ERROR] WebSocket connection to 'ws://localhost:5173/' failed: Error in connection establishment: net::ERR_CONNECTION_REFUSED @ http://localhost:5173/@vite/client:1034
[78622838ms] [ERROR] WebSocket connection to 'ws://localhost:5173/' failed: Error in connection establishment: net::ERR_CONNECTION_REFUSED @ http://localhost:5173/@vite/client:1034
[78630551ms] [ERROR] WebSocket connection to 'ws://localhost:5173/' failed: Error in connection establishment: net::ERR_CONNECTION_REFUSED @ http://localhost:5173/@vite/client:1034
[78638018ms] [ERROR] WebSocket connection to 'ws://localhost:5173/' failed: Error in connection establishment: net::ERR_CONNECTION_REFUSED @ http://localhost:5173/@vite/client:1034
[78643638ms] [ERROR] WebSocket connection to 'ws://localhost:5173/' failed: Error in connection establishment: net::ERR_CONNECTION_REFUSED @ http://localhost:5173/@vite/client:1034
[78649697ms] [ERROR] WebSocket connection to 'ws://localhost:5173/' failed: Error in connection establishment: net::ERR_CONNECTION_REFUSED @ http://localhost:5173/@vite/client:1034
[78655706ms] [ERROR] WebSocket connection to 'ws://localhost:5173/' failed: Error in connection establishment: net::ERR_CONNECTION_REFUSED @ http://localhost:5173/@vite/client:1034
[78661786ms] [ERROR] WebSocket connection to 'ws://localhost:5173/' failed: Error in connection establishment: net::ERR_CONNECTION_REFUSED @ http://localhost:5173/@vite/client:1034
[78667204ms] [ERROR] WebSocket connection to 'ws://localhost:5173/' failed: Error in connection establishment: net::ERR_CONNECTION_REFUSED @ http://localhost:5173/@vite/client:1034
[78671920ms] [ERROR] WebSocket connection to 'ws://localhost:5173/' failed: Error in connection establishment: net::ERR_CONNECTION_REFUSED @ http://localhost:5173/@vite/client:1034
[78678645ms] [ERROR] WebSocket connection to 'ws://localhost:5173/' failed: Error in connection establishment: net::ERR_CONNECTION_REFUSED @ http://localhost:5173/@vite/client:1034
[78684665ms] [ERROR] WebSocket connection to 'ws://localhost:5173/' failed: Error in connection establishment: net::ERR_CONNECTION_REFUSED @ http://localhost:5173/@vite/client:1034
[78690942ms] [ERROR] WebSocket connection to 'ws://localhost:5173/' failed: Error in connection establishment: net::ERR_CONNECTION_REFUSED @ http://localhost:5173/@vite/client:1034
[78697077ms] [ERROR] WebSocket connection to 'ws://localhost:5173/' failed: Error in connection establishment: net::ERR_CONNECTION_REFUSED @ http://localhost:5173/@vite/client:1034
[78703444ms] [ERROR] WebSocket connection to 'ws://localhost:5173/' failed: Error in connection establishment: net::ERR_CONNECTION_REFUSED @ http://localhost:5173/@vite/client:1034
[78710115ms] [ERROR] WebSocket connection to 'ws://localhost:5173/' failed: Error in connection establishment: net::ERR_CONNECTION_REFUSED @ http://localhost:5173/@vite/client:1034
[78717947ms] [ERROR] WebSocket connection to 'ws://localhost:5173/' failed: Error in connection establishment: net::ERR_CONNECTION_REFUSED @ http://localhost:5173/@vite/client:1034
[78725743ms] [ERROR] WebSocket connection to 'ws://localhost:5173/' failed: Error in connection establishment: net::ERR_CONNECTION_REFUSED @ http://localhost:5173/@vite/client:1034
[78731976ms] [ERROR] WebSocket connection to 'ws://localhost:5173/' failed: Error in connection establishment: net::ERR_CONNECTION_REFUSED @ http://localhost:5173/@vite/client:1034
[78738038ms] [ERROR] WebSocket connection to 'ws://localhost:5173/' failed: Error in connection establishment: net::ERR_CONNECTION_REFUSED @ http://localhost:5173/@vite/client:1034
[78744551ms] [ERROR] WebSocket connection to 'ws://localhost:5173/' failed: Error in connection establishment: net::ERR_CONNECTION_REFUSED @ http://localhost:5173/@vite/client:1034
[78750958ms] [ERROR] WebSocket connection to 'ws://localhost:5173/' failed: Error in connection establishment: net::ERR_CONNECTION_REFUSED @ http://localhost:5173/@vite/client:1034
[78759206ms] [ERROR] WebSocket connection to 'ws://localhost:5173/' failed: Error in connection establishment: net::ERR_CONNECTION_REFUSED @ http://localhost:5173/@vite/client:1034
[78766530ms] [ERROR] WebSocket connection to 'ws://localhost:5173/' failed: Error in connection establishment: net::ERR_CONNECTION_REFUSED @ http://localhost:5173/@vite/client:1034
[78774868ms] [ERROR] WebSocket connection to 'ws://localhost:5173/' failed: Error in connection establishment: net::ERR_CONNECTION_REFUSED @ http://localhost:5173/@vite/client:1034
[78779486ms] [ERROR] WebSocket connection to 'ws://localhost:5173/' failed: Error in connection establishment: net::ERR_CONNECTION_REFUSED @ http://localhost:5173/@vite/client:1034
[78785986ms] [ERROR] WebSocket connection to 'ws://localhost:5173/' failed: Error in connection establishment: net::ERR_CONNECTION_REFUSED @ http://localhost:5173/@vite/client:1034
[78791194ms] [ERROR] WebSocket connection to 'ws://localhost:5173/' failed: Error in connection establishment: net::ERR_CONNECTION_REFUSED @ http://localhost:5173/@vite/client:1034
[78799456ms] [ERROR] WebSocket connection to 'ws://localhost:5173/' failed: Error in connection establishment: net::ERR_CONNECTION_REFUSED @ http://localhost:5173/@vite/client:1034
[78803897ms] [ERROR] WebSocket connection to 'ws://localhost:5173/' failed: Error in connection establishment: net::ERR_CONNECTION_REFUSED @ http://localhost:5173/@vite/client:1034
[78808706ms] [ERROR] WebSocket connection to 'ws://localhost:5173/' failed: Error in connection establishment: net::ERR_CONNECTION_REFUSED @ http://localhost:5173/@vite/client:1034
[78813925ms] [ERROR] WebSocket connection to 'ws://localhost:5173/' failed: Error in connection establishment: net::ERR_CONNECTION_REFUSED @ http://localhost:5173/@vite/client:1034
[78819485ms] [ERROR] WebSocket connection to 'ws://localhost:5173/' failed: Error in connection establishment: net::ERR_CONNECTION_REFUSED @ http://localhost:5173/@vite/client:1034
[78824426ms] [ERROR] WebSocket connection to 'ws://localhost:5173/' failed: Error in connection establishment: net::ERR_CONNECTION_REFUSED @ http://localhost:5173/@vite/client:1034
[78831441ms] [ERROR] WebSocket connection to 'ws://localhost:5173/' failed: Error in connection establishment: net::ERR_CONNECTION_REFUSED @ http://localhost:5173/@vite/client:1034
[78838859ms] [ERROR] WebSocket connection to 'ws://localhost:5173/' failed: Error in connection establishment: net::ERR_CONNECTION_REFUSED @ http://localhost:5173/@vite/client:1034
[78845308ms] [ERROR] WebSocket connection to 'ws://localhost:5173/' failed: Error in connection establishment: net::ERR_CONNECTION_REFUSED @ http://localhost:5173/@vite/client:1034
[78852563ms] [ERROR] WebSocket connection to 'ws://localhost:5173/' failed: Error in connection establishment: net::ERR_CONNECTION_REFUSED @ http://localhost:5173/@vite/client:1034
[78861037ms] [ERROR] WebSocket connection to 'ws://localhost:5173/' failed: Error in connection establishment: net::ERR_CONNECTION_REFUSED @ http://localhost:5173/@vite/client:1034
[78869757ms] [ERROR] WebSocket connection to 'ws://localhost:5173/' failed: Error in connection establishment: net::ERR_CONNECTION_REFUSED @ http://localhost:5173/@vite/client:1034
[78875744ms] [ERROR] WebSocket connection to 'ws://localhost:5173/' failed: Error in connection establishment: net::ERR_CONNECTION_REFUSED @ http://localhost:5173/@vite/client:1034
[78882841ms] [ERROR] WebSocket connection to 'ws://localhost:5173/' failed: Error in connection establishment: net::ERR_CONNECTION_REFUSED @ http://localhost:5173/@vite/client:1034
[78889842ms] [ERROR] WebSocket connection to 'ws://localhost:5173/' failed: Error in connection establishment: net::ERR_CONNECTION_REFUSED @ http://localhost:5173/@vite/client:1034
[78897347ms] [ERROR] WebSocket connection to 'ws://localhost:5173/' failed: Error in connection establishment: net::ERR_CONNECTION_REFUSED @ http://localhost:5173/@vite/client:1034
[78905630ms] [ERROR] WebSocket connection to 'ws://localhost:5173/' failed: Error in connection establishment: net::ERR_CONNECTION_REFUSED @ http://localhost:5173/@vite/client:1034
[78913834ms] [ERROR] WebSocket connection to 'ws://localhost:5173/' failed: Error in connection establishment: net::ERR_CONNECTION_REFUSED @ http://localhost:5173/@vite/client:1034
[78919751ms] [ERROR] WebSocket connection to 'ws://localhost:5173/' failed: Error in connection establishment: net::ERR_CONNECTION_REFUSED @ http://localhost:5173/@vite/client:1034
[78927379ms] [ERROR] WebSocket connection to 'ws://localhost:5173/' failed: Error in connection establishment: net::ERR_CONNECTION_REFUSED @ http://localhost:5173/@vite/client:1034
[78934850ms] [ERROR] WebSocket connection to 'ws://localhost:5173/' failed: Error in connection establishment: net::ERR_CONNECTION_REFUSED @ http://localhost:5173/@vite/client:1034
[78943227ms] [ERROR] WebSocket connection to 'ws://localhost:5173/' failed: Error in connection establishment: net::ERR_CONNECTION_REFUSED @ http://localhost:5173/@vite/client:1034
[78948437ms] [ERROR] WebSocket connection to 'ws://localhost:5173/' failed: Error in connection establishment: net::ERR_CONNECTION_REFUSED @ http://localhost:5173/@vite/client:1034
[78954177ms] [ERROR] WebSocket connection to 'ws://localhost:5173/' failed: Error in connection establishment: net::ERR_CONNECTION_REFUSED @ http://localhost:5173/@vite/client:1034
[78960730ms] [ERROR] WebSocket connection to 'ws://localhost:5173/' failed: Error in connection establishment: net::ERR_CONNECTION_REFUSED @ http://localhost:5173/@vite/client:1034
[78967133ms] [ERROR] WebSocket connection to 'ws://localhost:5173/' failed: Error in connection establishment: net::ERR_CONNECTION_REFUSED @ http://localhost:5173/@vite/client:1034
[78974829ms] [ERROR] WebSocket connection to 'ws://localhost:5173/' failed: Error in connection establishment: net::ERR_CONNECTION_REFUSED @ http://localhost:5173/@vite/client:1034
[78980197ms] [ERROR] WebSocket connection to 'ws://localhost:5173/' failed: Error in connection establishment: net::ERR_CONNECTION_REFUSED @ http://localhost:5173/@vite/client:1034
[78985368ms] [ERROR] WebSocket connection to 'ws://localhost:5173/' failed: Error in connection establishment: net::ERR_CONNECTION_REFUSED @ http://localhost:5173/@vite/client:1034
[78989976ms] [ERROR] WebSocket connection to 'ws://localhost:5173/' failed: Error in connection establishment: net::ERR_CONNECTION_REFUSED @ http://localhost:5173/@vite/client:1034
[78994905ms] [ERROR] WebSocket connection to 'ws://localhost:5173/' failed: Error in connection establishment: net::ERR_CONNECTION_REFUSED @ http://localhost:5173/@vite/client:1034
[78999437ms] [ERROR] WebSocket connection to 'ws://localhost:5173/' failed: Error in connection establishment: net::ERR_CONNECTION_REFUSED @ http://localhost:5173/@vite/client:1034
[79006848ms] [ERROR] WebSocket connection to 'ws://localhost:5173/' failed: Error in connection establishment: net::ERR_CONNECTION_REFUSED @ http://localhost:5173/@vite/client:1034
[79012750ms] [ERROR] WebSocket connection to 'ws://localhost:5173/' failed: Error in connection establishment: net::ERR_CONNECTION_REFUSED @ http://localhost:5173/@vite/client:1034
[79019070ms] [ERROR] WebSocket connection to 'ws://localhost:5173/' failed: Error in connection establishment: net::ERR_CONNECTION_REFUSED @ http://localhost:5173/@vite/client:1034
[79024026ms] [ERROR] WebSocket connection to 'ws://localhost:5173/' failed: Error in connection establishment: net::ERR_CONNECTION_REFUSED @ http://localhost:5173/@vite/client:1034
[79029984ms] [ERROR] WebSocket connection to 'ws://localhost:5173/' failed: Error in connection establishment: net::ERR_CONNECTION_REFUSED @ http://localhost:5173/@vite/client:1034
[79036418ms] [ERROR] WebSocket connection to 'ws://localhost:5173/' failed: Error in connection establishment: net::ERR_CONNECTION_REFUSED @ http://localhost:5173/@vite/client:1034
[79041743ms] [ERROR] WebSocket connection to 'ws://localhost:5173/' failed: Error in connection establishment: net::ERR_CONNECTION_REFUSED @ http://localhost:5173/@vite/client:1034
[79047366ms] [ERROR] WebSocket connection to 'ws://localhost:5173/' failed: Error in connection establishment: net::ERR_CONNECTION_REFUSED @ http://localhost:5173/@vite/client:1034
[79053802ms] [ERROR] WebSocket connection to 'ws://localhost:5173/' failed: Error in connection establishment: net::ERR_CONNECTION_REFUSED @ http://localhost:5173/@vite/client:1034
[79059583ms] [ERROR] WebSocket connection to 'ws://localhost:5173/' failed: Error in connection establishment: net::ERR_CONNECTION_REFUSED @ http://localhost:5173/@vite/client:1034
[79066589ms] [ERROR] WebSocket connection to 'ws://localhost:5173/' failed: Error in connection establishment: net::ERR_CONNECTION_REFUSED @ http://localhost:5173/@vite/client:1034
[79071267ms] [ERROR] WebSocket connection to 'ws://localhost:5173/' failed: Error in connection establishment: net::ERR_CONNECTION_REFUSED @ http://localhost:5173/@vite/client:1034
[79076299ms] [ERROR] WebSocket connection to 'ws://localhost:5173/' failed: Error in connection establishment: net::ERR_CONNECTION_REFUSED @ http://localhost:5173/@vite/client:1034
[79083080ms] [ERROR] WebSocket connection to 'ws://localhost:5173/' failed: Error in connection establishment: net::ERR_CONNECTION_REFUSED @ http://localhost:5173/@vite/client:1034
[79088094ms] [ERROR] WebSocket connection to 'ws://localhost:5173/' failed: Error in connection establishment: net::ERR_CONNECTION_REFUSED @ http://localhost:5173/@vite/client:1034
[79093929ms] [ERROR] WebSocket connection to 'ws://localhost:5173/' failed: Error in connection establishment: net::ERR_CONNECTION_REFUSED @ http://localhost:5173/@vite/client:1034
[79099590ms] [ERROR] WebSocket connection to 'ws://localhost:5173/' failed: Error in connection establishment: net::ERR_CONNECTION_REFUSED @ http://localhost:5173/@vite/client:1034
[79107038ms] [ERROR] WebSocket connection to 'ws://localhost:5173/' failed: Error in connection establishment: net::ERR_CONNECTION_REFUSED @ http://localhost:5173/@vite/client:1034
[79111488ms] [ERROR] WebSocket connection to 'ws://localhost:5173/' failed: Error in connection establishment: net::ERR_CONNECTION_REFUSED @ http://localhost:5173/@vite/client:1034
[79117898ms] [ERROR] WebSocket connection to 'ws://localhost:5173/' failed: Error in connection establishment: net::ERR_CONNECTION_REFUSED @ http://localhost:5173/@vite/client:1034
[79124834ms] [ERROR] WebSocket connection to 'ws://localhost:5173/' failed: Error in connection establishment: net::ERR_CONNECTION_REFUSED @ http://localhost:5173/@vite/client:1034
[79131674ms] [ERROR] WebSocket connection to 'ws://localhost:5173/' failed: Error in connection establishment: net::ERR_CONNECTION_REFUSED @ http://localhost:5173/@vite/client:1034
[79137984ms] [ERROR] WebSocket connection to 'ws://localhost:5173/' failed: Error in connection establishment: net::ERR_CONNECTION_REFUSED @ http://localhost:5173/@vite/client:1034
[79144875ms] [ERROR] WebSocket connection to 'ws://localhost:5173/' failed: Error in connection establishment: net::ERR_CONNECTION_REFUSED @ http://localhost:5173/@vite/client:1034
[79149321ms] [ERROR] WebSocket connection to 'ws://localhost:5173/' failed: Error in connection establishment: net::ERR_CONNECTION_REFUSED @ http://localhost:5173/@vite/client:1034
[79156260ms] [ERROR] WebSocket connection to 'ws://localhost:5173/' failed: Error in connection establishment: net::ERR_CONNECTION_REFUSED @ http://localhost:5173/@vite/client:1034
[79162492ms] [ERROR] WebSocket connection to 'ws://localhost:5173/' failed: Error in connection establishment: net::ERR_CONNECTION_REFUSED @ http://localhost:5173/@vite/client:1034
[79168922ms] [ERROR] WebSocket connection to 'ws://localhost:5173/' failed: Error in connection establishment: net::ERR_CONNECTION_REFUSED @ http://localhost:5173/@vite/client:1034
[79173293ms] [ERROR] WebSocket connection to 'ws://localhost:5173/' failed: Error in connection establishment: net::ERR_CONNECTION_REFUSED @ http://localhost:5173/@vite/client:1034
[79178179ms] [ERROR] WebSocket connection to 'ws://localhost:5173/' failed: Error in connection establishment: net::ERR_CONNECTION_REFUSED @ http://localhost:5173/@vite/client:1034
[79182856ms] [ERROR] WebSocket connection to 'ws://localhost:5173/' failed: Error in connection establishment: net::ERR_CONNECTION_REFUSED @ http://localhost:5173/@vite/client:1034
[79188866ms] [ERROR] WebSocket connection to 'ws://localhost:5173/' failed: Error in connection establishment: net::ERR_CONNECTION_REFUSED @ http://localhost:5173/@vite/client:1034
[79194831ms] [ERROR] WebSocket connection to 'ws://localhost:5173/' failed: Error in connection establishment: net::ERR_CONNECTION_REFUSED @ http://localhost:5173/@vite/client:1034
[79201321ms] [ERROR] WebSocket connection to 'ws://localhost:5173/' failed: Error in connection establishment: net::ERR_CONNECTION_REFUSED @ http://localhost:5173/@vite/client:1034
[79207054ms] [ERROR] WebSocket connection to 'ws://localhost:5173/' failed: Error in connection establishment: net::ERR_CONNECTION_REFUSED @ http://localhost:5173/@vite/client:1034
[79213613ms] [ERROR] WebSocket connection to 'ws://localhost:5173/' failed: Error in connection establishment: net::ERR_CONNECTION_REFUSED @ http://localhost:5173/@vite/client:1034
[79220501ms] [ERROR] WebSocket connection to 'ws://localhost:5173/' failed: Error in connection establishment: net::ERR_CONNECTION_REFUSED @ http://localhost:5173/@vite/client:1034
[79227133ms] [ERROR] WebSocket connection to 'ws://localhost:5173/' failed: Error in connection establishment: net::ERR_CONNECTION_REFUSED @ http://localhost:5173/@vite/client:1034
[79234943ms] [ERROR] WebSocket connection to 'ws://localhost:5173/' failed: Error in connection establishment: net::ERR_CONNECTION_REFUSED @ http://localhost:5173/@vite/client:1034
[79241747ms] [ERROR] WebSocket connection to 'ws://localhost:5173/' failed: Error in connection establishment: net::ERR_CONNECTION_REFUSED @ http://localhost:5173/@vite/client:1034
[79245319ms] [ERROR] WebSocket connection to 'ws://localhost:5173/' failed: Error in connection establishment: net::ERR_CONNECTION_REFUSED @ http://localhost:5173/@vite/client:1034
[79248849ms] [ERROR] WebSocket connection to 'ws://localhost:5173/' failed: Error in connection establishment: net::ERR_CONNECTION_REFUSED @ http://localhost:5173/@vite/client:1034
[79252490ms] [ERROR] WebSocket connection to 'ws://localhost:5173/' failed: Error in connection establishment: net::ERR_CONNECTION_REFUSED @ http://localhost:5173/@vite/client:1034
[79256119ms] [ERROR] WebSocket connection to 'ws://localhost:5173/' failed: Error in connection establishment: net::ERR_CONNECTION_REFUSED @ http://localhost:5173/@vite/client:1034
[79259737ms] [ERROR] WebSocket connection to 'ws://localhost:5173/' failed: Error in connection establishment: net::ERR_CONNECTION_REFUSED @ http://localhost:5173/@vite/client:1034
[79263430ms] [ERROR] WebSocket connection to 'ws://localhost:5173/' failed: Error in connection establishment: net::ERR_CONNECTION_REFUSED @ http://localhost:5173/@vite/client:1034
[79267045ms] [ERROR] WebSocket connection to 'ws://localhost:5173/' failed: Error in connection establishment: net::ERR_CONNECTION_REFUSED @ http://localhost:5173/@vite/client:1034
[79270751ms] [ERROR] WebSocket connection to 'ws://localhost:5173/' failed: Error in connection establishment: net::ERR_CONNECTION_REFUSED @ http://localhost:5173/@vite/client:1034
[79274435ms] [ERROR] WebSocket connection to 'ws://localhost:5173/' failed: Error in connection establishment: net::ERR_CONNECTION_REFUSED @ http://localhost:5173/@vite/client:1034
[79278233ms] [ERROR] WebSocket connection to 'ws://localhost:5173/' failed: Error in connection establishment: net::ERR_CONNECTION_REFUSED @ http://localhost:5173/@vite/client:1034
[79282037ms] [ERROR] WebSocket connection to 'ws://localhost:5173/' failed: Error in connection establishment: net::ERR_CONNECTION_REFUSED @ http://localhost:5173/@vite/client:1034
[79285987ms] [ERROR] WebSocket connection to 'ws://localhost:5173/' failed: Error in connection establishment: net::ERR_CONNECTION_REFUSED @ http://localhost:5173/@vite/client:1034
[79289841ms] [ERROR] WebSocket connection to 'ws://localhost:5173/' failed: Error in connection establishment: net::ERR_CONNECTION_REFUSED @ http://localhost:5173/@vite/client:1034
[79294243ms] [ERROR] WebSocket connection to 'ws://localhost:5173/' failed: Error in connection establishment: net::ERR_CONNECTION_REFUSED @ http://localhost:5173/@vite/client:1034
[79298852ms] [ERROR] WebSocket connection to 'ws://localhost:5173/' failed: Error in connection establishment: net::ERR_CONNECTION_REFUSED @ http://localhost:5173/@vite/client:1034
[79303348ms] [ERROR] WebSocket connection to 'ws://localhost:5173/' failed: Error in connection establishment: net::ERR_CONNECTION_REFUSED @ http://localhost:5173/@vite/client:1034
[79310033ms] [ERROR] WebSocket connection to 'ws://localhost:5173/' failed: Error in connection establishment: net::ERR_CONNECTION_REFUSED @ http://localhost:5173/@vite/client:1034
[79316432ms] [ERROR] WebSocket connection to 'ws://localhost:5173/' failed: Error in connection establishment: net::ERR_CONNECTION_REFUSED @ http://localhost:5173/@vite/client:1034
[79321792ms] [ERROR] WebSocket connection to 'ws://localhost:5173/' failed: Error in connection establishment: net::ERR_CONNECTION_REFUSED @ http://localhost:5173/@vite/client:1034
[79328842ms] [ERROR] WebSocket connection to 'ws://localhost:5173/' failed: Error in connection establishment: net::ERR_CONNECTION_REFUSED @ http://localhost:5173/@vite/client:1034
[79336229ms] [ERROR] WebSocket connection to 'ws://localhost:5173/' failed: Error in connection establishment: net::ERR_CONNECTION_REFUSED @ http://localhost:5173/@vite/client:1034
[79343446ms] [ERROR] WebSocket connection to 'ws://localhost:5173/' failed: Error in connection establishment: net::ERR_CONNECTION_REFUSED @ http://localhost:5173/@vite/client:1034
[79348529ms] [ERROR] WebSocket connection to 'ws://localhost:5173/' failed: Error in connection establishment: net::ERR_CONNECTION_REFUSED @ http://localhost:5173/@vite/client:1034
[79356394ms] [ERROR] WebSocket connection to 'ws://localhost:5173/' failed: Error in connection establishment: net::ERR_CONNECTION_REFUSED @ http://localhost:5173/@vite/client:1034
[79361294ms] [ERROR] WebSocket connection to 'ws://localhost:5173/' failed: Error in connection establishment: net::ERR_CONNECTION_REFUSED @ http://localhost:5173/@vite/client:1034
[79368346ms] [ERROR] WebSocket connection to 'ws://localhost:5173/' failed: Error in connection establishment: net::ERR_CONNECTION_REFUSED @ http://localhost:5173/@vite/client:1034
[79372994ms] [ERROR] WebSocket connection to 'ws://localhost:5173/' failed: Error in connection establishment: net::ERR_CONNECTION_REFUSED @ http://localhost:5173/@vite/client:1034
[79381484ms] [ERROR] WebSocket connection to 'ws://localhost:5173/' failed: Error in connection establishment: net::ERR_CONNECTION_REFUSED @ http://localhost:5173/@vite/client:1034
[79387749ms] [ERROR] WebSocket connection to 'ws://localhost:5173/' failed: Error in connection establishment: net::ERR_CONNECTION_REFUSED @ http://localhost:5173/@vite/client:1034
[79392544ms] [ERROR] WebSocket connection to 'ws://localhost:5173/' failed: Error in connection establishment: net::ERR_CONNECTION_REFUSED @ http://localhost:5173/@vite/client:1034
[79398995ms] [ERROR] WebSocket connection to 'ws://localhost:5173/' failed: Error in connection establishment: net::ERR_CONNECTION_REFUSED @ http://localhost:5173/@vite/client:1034
[79403831ms] [ERROR] WebSocket connection to 'ws://localhost:5173/' failed: Error in connection establishment: net::ERR_CONNECTION_REFUSED @ http://localhost:5173/@vite/client:1034
[79411487ms] [ERROR] WebSocket connection to 'ws://localhost:5173/' failed: Error in connection establishment: net::ERR_CONNECTION_REFUSED @ http://localhost:5173/@vite/client:1034
[79420324ms] [ERROR] WebSocket connection to 'ws://localhost:5173/' failed: Error in connection establishment: net::ERR_CONNECTION_REFUSED @ http://localhost:5173/@vite/client:1034
[79427635ms] [ERROR] WebSocket connection to 'ws://localhost:5173/' failed: Error in connection establishment: net::ERR_CONNECTION_REFUSED @ http://localhost:5173/@vite/client:1034
[79434121ms] [ERROR] WebSocket connection to 'ws://localhost:5173/' failed: Error in connection establishment: net::ERR_CONNECTION_REFUSED @ http://localhost:5173/@vite/client:1034
[79442019ms] [ERROR] WebSocket connection to 'ws://localhost:5173/' failed: Error in connection establishment: net::ERR_CONNECTION_REFUSED @ http://localhost:5173/@vite/client:1034
[79446856ms] [ERROR] WebSocket connection to 'ws://localhost:5173/' failed: Error in connection establishment: net::ERR_CONNECTION_REFUSED @ http://localhost:5173/@vite/client:1034
[79453651ms] [ERROR] WebSocket connection to 'ws://localhost:5173/' failed: Error in connection establishment: net::ERR_CONNECTION_REFUSED @ http://localhost:5173/@vite/client:1034
[79459819ms] [ERROR] WebSocket connection to 'ws://localhost:5173/' failed: Error in connection establishment: net::ERR_CONNECTION_REFUSED @ http://localhost:5173/@vite/client:1034
[79468052ms] [ERROR] WebSocket connection to 'ws://localhost:5173/' failed: Error in connection establishment: net::ERR_CONNECTION_REFUSED @ http://localhost:5173/@vite/client:1034
[79475220ms] [ERROR] WebSocket connection to 'ws://localhost:5173/' failed: Error in connection establishment: net::ERR_CONNECTION_REFUSED @ http://localhost:5173/@vite/client:1034
[79481594ms] [ERROR] WebSocket connection to 'ws://localhost:5173/' failed: Error in connection establishment: net::ERR_CONNECTION_REFUSED @ http://localhost:5173/@vite/client:1034
[79488400ms] [ERROR] WebSocket connection to 'ws://localhost:5173/' failed: Error in connection establishment: net::ERR_CONNECTION_REFUSED @ http://localhost:5173/@vite/client:1034
[79494499ms] [ERROR] WebSocket connection to 'ws://localhost:5173/' failed: Error in connection establishment: net::ERR_CONNECTION_REFUSED @ http://localhost:5173/@vite/client:1034
[79502820ms] [ERROR] WebSocket connection to 'ws://localhost:5173/' failed: Error in connection establishment: net::ERR_CONNECTION_REFUSED @ http://localhost:5173/@vite/client:1034
[79510888ms] [ERROR] WebSocket connection to 'ws://localhost:5173/' failed: Error in connection establishment: net::ERR_CONNECTION_REFUSED @ http://localhost:5173/@vite/client:1034
[79519029ms] [ERROR] WebSocket connection to 'ws://localhost:5173/' failed: Error in connection establishment: net::ERR_CONNECTION_REFUSED @ http://localhost:5173/@vite/client:1034
[79527344ms] [ERROR] WebSocket connection to 'ws://localhost:5173/' failed: Error in connection establishment: net::ERR_CONNECTION_REFUSED @ http://localhost:5173/@vite/client:1034
[79535329ms] [ERROR] WebSocket connection to 'ws://localhost:5173/' failed: Error in connection establishment: net::ERR_CONNECTION_REFUSED @ http://localhost:5173/@vite/client:1034
[79543448ms] [ERROR] WebSocket connection to 'ws://localhost:5173/' failed: Error in connection establishment: net::ERR_CONNECTION_REFUSED @ http://localhost:5173/@vite/client:1034
[79548996ms] [ERROR] WebSocket connection to 'ws://localhost:5173/' failed: Error in connection establishment: net::ERR_CONNECTION_REFUSED @ http://localhost:5173/@vite/client:1034
[79554390ms] [ERROR] WebSocket connection to 'ws://localhost:5173/' failed: Error in connection establishment: net::ERR_CONNECTION_REFUSED @ http://localhost:5173/@vite/client:1034
[79562845ms] [ERROR] WebSocket connection to 'ws://localhost:5173/' failed: Error in connection establishment: net::ERR_CONNECTION_REFUSED @ http://localhost:5173/@vite/client:1034
[79568748ms] [ERROR] WebSocket connection to 'ws://localhost:5173/' failed: Error in connection establishment: net::ERR_CONNECTION_REFUSED @ http://localhost:5173/@vite/client:1034
[79577031ms] [ERROR] WebSocket connection to 'ws://localhost:5173/' failed: Error in connection establishment: net::ERR_CONNECTION_REFUSED @ http://localhost:5173/@vite/client:1034
[79581948ms] [ERROR] WebSocket connection to 'ws://localhost:5173/' failed: Error in connection establishment: net::ERR_CONNECTION_REFUSED @ http://localhost:5173/@vite/client:1034
[79587699ms] [ERROR] WebSocket connection to 'ws://localhost:5173/' failed: Error in connection establishment: net::ERR_CONNECTION_REFUSED @ http://localhost:5173/@vite/client:1034
[79596143ms] [ERROR] WebSocket connection to 'ws://localhost:5173/' failed: Error in connection establishment: net::ERR_CONNECTION_REFUSED @ http://localhost:5173/@vite/client:1034
[79604433ms] [ERROR] WebSocket connection to 'ws://localhost:5173/' failed: Error in connection establishment: net::ERR_CONNECTION_REFUSED @ http://localhost:5173/@vite/client:1034
[79611844ms] [ERROR] WebSocket connection to 'ws://localhost:5173/' failed: Error in connection establishment: net::ERR_CONNECTION_REFUSED @ http://localhost:5173/@vite/client:1034
[79618233ms] [ERROR] WebSocket connection to 'ws://localhost:5173/' failed: Error in connection establishment: net::ERR_CONNECTION_REFUSED @ http://localhost:5173/@vite/client:1034
[79624644ms] [ERROR] WebSocket connection to 'ws://localhost:5173/' failed: Error in connection establishment: net::ERR_CONNECTION_REFUSED @ http://localhost:5173/@vite/client:1034
[79631937ms] [ERROR] WebSocket connection to 'ws://localhost:5173/' failed: Error in connection establishment: net::ERR_CONNECTION_REFUSED @ http://localhost:5173/@vite/client:1034
[79640097ms] [ERROR] WebSocket connection to 'ws://localhost:5173/' failed: Error in connection establishment: net::ERR_CONNECTION_REFUSED @ http://localhost:5173/@vite/client:1034
[79646583ms] [ERROR] WebSocket connection to 'ws://localhost:5173/' failed: Error in connection establishment: net::ERR_CONNECTION_REFUSED @ http://localhost:5173/@vite/client:1034
[79653148ms] [ERROR] WebSocket connection to 'ws://localhost:5173/' failed: Error in connection establishment: net::ERR_CONNECTION_REFUSED @ http://localhost:5173/@vite/client:1034
[79661095ms] [ERROR] WebSocket connection to 'ws://localhost:5173/' failed: Error in connection establishment: net::ERR_CONNECTION_REFUSED @ http://localhost:5173/@vite/client:1034
[79668596ms] [ERROR] WebSocket connection to 'ws://localhost:5173/' failed: Error in connection establishment: net::ERR_CONNECTION_REFUSED @ http://localhost:5173/@vite/client:1034
[79675136ms] [ERROR] WebSocket connection to 'ws://localhost:5173/' failed: Error in connection establishment: net::ERR_CONNECTION_REFUSED @ http://localhost:5173/@vite/client:1034
[79680633ms] [ERROR] WebSocket connection to 'ws://localhost:5173/' failed: Error in connection establishment: net::ERR_CONNECTION_REFUSED @ http://localhost:5173/@vite/client:1034
[79686795ms] [ERROR] WebSocket connection to 'ws://localhost:5173/' failed: Error in connection establishment: net::ERR_CONNECTION_REFUSED @ http://localhost:5173/@vite/client:1034
[79694849ms] [ERROR] WebSocket connection to 'ws://localhost:5173/' failed: Error in connection establishment: net::ERR_CONNECTION_REFUSED @ http://localhost:5173/@vite/client:1034
[79701435ms] [ERROR] WebSocket connection to 'ws://localhost:5173/' failed: Error in connection establishment: net::ERR_CONNECTION_REFUSED @ http://localhost:5173/@vite/client:1034
[79709098ms] [ERROR] WebSocket connection to 'ws://localhost:5173/' failed: Error in connection establishment: net::ERR_CONNECTION_REFUSED @ http://localhost:5173/@vite/client:1034
[79716842ms] [ERROR] WebSocket connection to 'ws://localhost:5173/' failed: Error in connection establishment: net::ERR_CONNECTION_REFUSED @ http://localhost:5173/@vite/client:1034
[79724748ms] [ERROR] WebSocket connection to 'ws://localhost:5173/' failed: Error in connection establishment: net::ERR_CONNECTION_REFUSED @ http://localhost:5173/@vite/client:1034
[79730850ms] [ERROR] WebSocket connection to 'ws://localhost:5173/' failed: Error in connection establishment: net::ERR_CONNECTION_REFUSED @ http://localhost:5173/@vite/client:1034
[79736735ms] [ERROR] WebSocket connection to 'ws://localhost:5173/' failed: Error in connection establishment: net::ERR_CONNECTION_REFUSED @ http://localhost:5173/@vite/client:1034
[79744649ms] [ERROR] WebSocket connection to 'ws://localhost:5173/' failed: Error in connection establishment: net::ERR_CONNECTION_REFUSED @ http://localhost:5173/@vite/client:1034
[79750828ms] [ERROR] WebSocket connection to 'ws://localhost:5173/' failed: Error in connection establishment: net::ERR_CONNECTION_REFUSED @ http://localhost:5173/@vite/client:1034
[79755835ms] [ERROR] WebSocket connection to 'ws://localhost:5173/' failed: Error in connection establishment: net::ERR_CONNECTION_REFUSED @ http://localhost:5173/@vite/client:1034
[79761437ms] [ERROR] WebSocket connection to 'ws://localhost:5173/' failed: Error in connection establishment: net::ERR_CONNECTION_REFUSED @ http://localhost:5173/@vite/client:1034
[79770021ms] [ERROR] WebSocket connection to 'ws://localhost:5173/' failed: Error in connection establishment: net::ERR_CONNECTION_REFUSED @ http://localhost:5173/@vite/client:1034
[79777239ms] [ERROR] WebSocket connection to 'ws://localhost:5173/' failed: Error in connection establishment: net::ERR_CONNECTION_REFUSED @ http://localhost:5173/@vite/client:1034
[79783554ms] [ERROR] WebSocket connection to 'ws://localhost:5173/' failed: Error in connection establishment: net::ERR_CONNECTION_REFUSED @ http://localhost:5173/@vite/client:1034
[79788432ms] [ERROR] WebSocket connection to 'ws://localhost:5173/' failed: Error in connection establishment: net::ERR_CONNECTION_REFUSED @ http://localhost:5173/@vite/client:1034
[79795739ms] [ERROR] WebSocket connection to 'ws://localhost:5173/' failed: Error in connection establishment: net::ERR_CONNECTION_REFUSED @ http://localhost:5173/@vite/client:1034
[79801448ms] [ERROR] WebSocket connection to 'ws://localhost:5173/' failed: Error in connection establishment: net::ERR_CONNECTION_REFUSED @ http://localhost:5173/@vite/client:1034
[79809846ms] [ERROR] WebSocket connection to 'ws://localhost:5173/' failed: Error in connection establishment: net::ERR_CONNECTION_REFUSED @ http://localhost:5173/@vite/client:1034
[79815217ms] [ERROR] WebSocket connection to 'ws://localhost:5173/' failed: Error in connection establishment: net::ERR_CONNECTION_REFUSED @ http://localhost:5173/@vite/client:1034
[79821236ms] [ERROR] WebSocket connection to 'ws://localhost:5173/' failed: Error in connection establishment: net::ERR_CONNECTION_REFUSED @ http://localhost:5173/@vite/client:1034
[79825824ms] [ERROR] WebSocket connection to 'ws://localhost:5173/' failed: Error in connection establishment: net::ERR_CONNECTION_REFUSED @ http://localhost:5173/@vite/client:1034
[79834235ms] [ERROR] WebSocket connection to 'ws://localhost:5173/' failed: Error in connection establishment: net::ERR_CONNECTION_REFUSED @ http://localhost:5173/@vite/client:1034
[79841095ms] [ERROR] WebSocket connection to 'ws://localhost:5173/' failed: Error in connection establishment: net::ERR_CONNECTION_REFUSED @ http://localhost:5173/@vite/client:1034
[79849550ms] [ERROR] WebSocket connection to 'ws://localhost:5173/' failed: Error in connection establishment: net::ERR_CONNECTION_REFUSED @ http://localhost:5173/@vite/client:1034
[79856083ms] [ERROR] WebSocket connection to 'ws://localhost:5173/' failed: Error in connection establishment: net::ERR_CONNECTION_REFUSED @ http://localhost:5173/@vite/client:1034
[79862349ms] [ERROR] WebSocket connection to 'ws://localhost:5173/' failed: Error in connection establishment: net::ERR_CONNECTION_REFUSED @ http://localhost:5173/@vite/client:1034
[79870989ms] [ERROR] WebSocket connection to 'ws://localhost:5173/' failed: Error in connection establishment: net::ERR_CONNECTION_REFUSED @ http://localhost:5173/@vite/client:1034
[79877936ms] [ERROR] WebSocket connection to 'ws://localhost:5173/' failed: Error in connection establishment: net::ERR_CONNECTION_REFUSED @ http://localhost:5173/@vite/client:1034
[79883431ms] [ERROR] WebSocket connection to 'ws://localhost:5173/' failed: Error in connection establishment: net::ERR_CONNECTION_REFUSED @ http://localhost:5173/@vite/client:1034
[79889350ms] [ERROR] WebSocket connection to 'ws://localhost:5173/' failed: Error in connection establishment: net::ERR_CONNECTION_REFUSED @ http://localhost:5173/@vite/client:1034
[79897332ms] [ERROR] WebSocket connection to 'ws://localhost:5173/' failed: Error in connection establishment: net::ERR_CONNECTION_REFUSED @ http://localhost:5173/@vite/client:1034
[79904532ms] [ERROR] WebSocket connection to 'ws://localhost:5173/' failed: Error in connection establishment: net::ERR_CONNECTION_REFUSED @ http://localhost:5173/@vite/client:1034
[79912338ms] [ERROR] WebSocket connection to 'ws://localhost:5173/' failed: Error in connection establishment: net::ERR_CONNECTION_REFUSED @ http://localhost:5173/@vite/client:1034
[79918749ms] [ERROR] WebSocket connection to 'ws://localhost:5173/' failed: Error in connection establishment: net::ERR_CONNECTION_REFUSED @ http://localhost:5173/@vite/client:1034
[79927028ms] [ERROR] WebSocket connection to 'ws://localhost:5173/' failed: Error in connection establishment: net::ERR_CONNECTION_REFUSED @ http://localhost:5173/@vite/client:1034
[79932516ms] [ERROR] WebSocket connection to 'ws://localhost:5173/' failed: Error in connection establishment: net::ERR_CONNECTION_REFUSED @ http://localhost:5173/@vite/client:1034
[79937662ms] [ERROR] WebSocket connection to 'ws://localhost:5173/' failed: Error in connection establishment: net::ERR_CONNECTION_REFUSED @ http://localhost:5173/@vite/client:1034
[79945100ms] [ERROR] WebSocket connection to 'ws://localhost:5173/' failed: Error in connection establishment: net::ERR_CONNECTION_REFUSED @ http://localhost:5173/@vite/client:1034
[79952748ms] [ERROR] WebSocket connection to 'ws://localhost:5173/' failed: Error in connection establishment: net::ERR_CONNECTION_REFUSED @ http://localhost:5173/@vite/client:1034
[79959754ms] [ERROR] WebSocket connection to 'ws://localhost:5173/' failed: Error in connection establishment: net::ERR_CONNECTION_REFUSED @ http://localhost:5173/@vite/client:1034
[79967139ms] [ERROR] WebSocket connection to 'ws://localhost:5173/' failed: Error in connection establishment: net::ERR_CONNECTION_REFUSED @ http://localhost:5173/@vite/client:1034
[79973736ms] [ERROR] WebSocket connection to 'ws://localhost:5173/' failed: Error in connection establishment: net::ERR_CONNECTION_REFUSED @ http://localhost:5173/@vite/client:1034
[79980600ms] [ERROR] WebSocket connection to 'ws://localhost:5173/' failed: Error in connection establishment: net::ERR_CONNECTION_REFUSED @ http://localhost:5173/@vite/client:1034
[79987646ms] [ERROR] WebSocket connection to 'ws://localhost:5173/' failed: Error in connection establishment: net::ERR_CONNECTION_REFUSED @ http://localhost:5173/@vite/client:1034
[79996287ms] [ERROR] WebSocket connection to 'ws://localhost:5173/' failed: Error in connection establishment: net::ERR_CONNECTION_REFUSED @ http://localhost:5173/@vite/client:1034
[80001640ms] [ERROR] WebSocket connection to 'ws://localhost:5173/' failed: Error in connection establishment: net::ERR_CONNECTION_REFUSED @ http://localhost:5173/@vite/client:1034
[80007044ms] [ERROR] WebSocket connection to 'ws://localhost:5173/' failed: Error in connection establishment: net::ERR_CONNECTION_REFUSED @ http://localhost:5173/@vite/client:1034
[80015146ms] [ERROR] WebSocket connection to 'ws://localhost:5173/' failed: Error in connection establishment: net::ERR_CONNECTION_REFUSED @ http://localhost:5173/@vite/client:1034
[80020219ms] [ERROR] WebSocket connection to 'ws://localhost:5173/' failed: Error in connection establishment: net::ERR_CONNECTION_REFUSED @ http://localhost:5173/@vite/client:1034
[80025642ms] [ERROR] WebSocket connection to 'ws://localhost:5173/' failed: Error in connection establishment: net::ERR_CONNECTION_REFUSED @ http://localhost:5173/@vite/client:1034
[80031521ms] [ERROR] WebSocket connection to 'ws://localhost:5173/' failed: Error in connection establishment: net::ERR_CONNECTION_REFUSED @ http://localhost:5173/@vite/client:1034
[80038440ms] [ERROR] WebSocket connection to 'ws://localhost:5173/' failed: Error in connection establishment: net::ERR_CONNECTION_REFUSED @ http://localhost:5173/@vite/client:1034
[80045042ms] [ERROR] WebSocket connection to 'ws://localhost:5173/' failed: Error in connection establishment: net::ERR_CONNECTION_REFUSED @ http://localhost:5173/@vite/client:1034
[80051989ms] [ERROR] WebSocket connection to 'ws://localhost:5173/' failed: Error in connection establishment: net::ERR_CONNECTION_REFUSED @ http://localhost:5173/@vite/client:1034
[80056641ms] [ERROR] WebSocket connection to 'ws://localhost:5173/' failed: Error in connection establishment: net::ERR_CONNECTION_REFUSED @ http://localhost:5173/@vite/client:1034
[80065194ms] [ERROR] WebSocket connection to 'ws://localhost:5173/' failed: Error in connection establishment: net::ERR_CONNECTION_REFUSED @ http://localhost:5173/@vite/client:1034
[80071699ms] [ERROR] WebSocket connection to 'ws://localhost:5173/' failed: Error in connection establishment: net::ERR_CONNECTION_REFUSED @ http://localhost:5173/@vite/client:1034
[80078577ms] [ERROR] WebSocket connection to 'ws://localhost:5173/' failed: Error in connection establishment: net::ERR_CONNECTION_REFUSED @ http://localhost:5173/@vite/client:1034
[80087239ms] [ERROR] WebSocket connection to 'ws://localhost:5173/' failed: Error in connection establishment: net::ERR_CONNECTION_REFUSED @ http://localhost:5173/@vite/client:1034
[80095095ms] [ERROR] WebSocket connection to 'ws://localhost:5173/' failed: Error in connection establishment: net::ERR_CONNECTION_REFUSED @ http://localhost:5173/@vite/client:1034
[80101633ms] [ERROR] WebSocket connection to 'ws://localhost:5173/' failed: Error in connection establishment: net::ERR_CONNECTION_REFUSED @ http://localhost:5173/@vite/client:1034
[80106447ms] [ERROR] WebSocket connection to 'ws://localhost:5173/' failed: Error in connection establishment: net::ERR_CONNECTION_REFUSED @ http://localhost:5173/@vite/client:1034
[80113323ms] [ERROR] WebSocket connection to 'ws://localhost:5173/' failed: Error in connection establishment: net::ERR_CONNECTION_REFUSED @ http://localhost:5173/@vite/client:1034
[80119348ms] [ERROR] WebSocket connection to 'ws://localhost:5173/' failed: Error in connection establishment: net::ERR_CONNECTION_REFUSED @ http://localhost:5173/@vite/client:1034
[80124246ms] [ERROR] WebSocket connection to 'ws://localhost:5173/' failed: Error in connection establishment: net::ERR_CONNECTION_REFUSED @ http://localhost:5173/@vite/client:1034
[80132532ms] [ERROR] WebSocket connection to 'ws://localhost:5173/' failed: Error in connection establishment: net::ERR_CONNECTION_REFUSED @ http://localhost:5173/@vite/client:1034
[80138146ms] [ERROR] WebSocket connection to 'ws://localhost:5173/' failed: Error in connection establishment: net::ERR_CONNECTION_REFUSED @ http://localhost:5173/@vite/client:1034
[80143719ms] [ERROR] WebSocket connection to 'ws://localhost:5173/' failed: Error in connection establishment: net::ERR_CONNECTION_REFUSED @ http://localhost:5173/@vite/client:1034
[80151646ms] [ERROR] WebSocket connection to 'ws://localhost:5173/' failed: Error in connection establishment: net::ERR_CONNECTION_REFUSED @ http://localhost:5173/@vite/client:1034
[80160995ms] [ERROR] WebSocket connection to 'ws://localhost:5173/' failed: Error in connection establishment: net::ERR_CONNECTION_REFUSED @ http://localhost:5173/@vite/client:1034
[80166228ms] [ERROR] WebSocket connection to 'ws://localhost:5173/' failed: Error in connection establishment: net::ERR_CONNECTION_REFUSED @ http://localhost:5173/@vite/client:1034
[80174049ms] [ERROR] WebSocket connection to 'ws://localhost:5173/' failed: Error in connection establishment: net::ERR_CONNECTION_REFUSED @ http://localhost:5173/@vite/client:1034
[80179350ms] [ERROR] WebSocket connection to 'ws://localhost:5173/' failed: Error in connection establishment: net::ERR_CONNECTION_REFUSED @ http://localhost:5173/@vite/client:1034
[80187146ms] [ERROR] WebSocket connection to 'ws://localhost:5173/' failed: Error in connection establishment: net::ERR_CONNECTION_REFUSED @ http://localhost:5173/@vite/client:1034
[80194847ms] [ERROR] WebSocket connection to 'ws://localhost:5173/' failed: Error in connection establishment: net::ERR_CONNECTION_REFUSED @ http://localhost:5173/@vite/client:1034
[80203330ms] [ERROR] WebSocket connection to 'ws://localhost:5173/' failed: Error in connection establishment: net::ERR_CONNECTION_REFUSED @ http://localhost:5173/@vite/client:1034
[80209489ms] [ERROR] WebSocket connection to 'ws://localhost:5173/' failed: Error in connection establishment: net::ERR_CONNECTION_REFUSED @ http://localhost:5173/@vite/client:1034
[80217670ms] [ERROR] WebSocket connection to 'ws://localhost:5173/' failed: Error in connection establishment: net::ERR_CONNECTION_REFUSED @ http://localhost:5173/@vite/client:1034
[80223499ms] [ERROR] WebSocket connection to 'ws://localhost:5173/' failed: Error in connection establishment: net::ERR_CONNECTION_REFUSED @ http://localhost:5173/@vite/client:1034
[80229693ms] [ERROR] WebSocket connection to 'ws://localhost:5173/' failed: Error in connection establishment: net::ERR_CONNECTION_REFUSED @ http://localhost:5173/@vite/client:1034
[80234711ms] [ERROR] WebSocket connection to 'ws://localhost:5173/' failed: Error in connection establishment: net::ERR_CONNECTION_REFUSED @ http://localhost:5173/@vite/client:1034
[80239737ms] [ERROR] WebSocket connection to 'ws://localhost:5173/' failed: Error in connection establishment: net::ERR_CONNECTION_REFUSED @ http://localhost:5173/@vite/client:1034
[80246296ms] [ERROR] WebSocket connection to 'ws://localhost:5173/' failed: Error in connection establishment: net::ERR_CONNECTION_REFUSED @ http://localhost:5173/@vite/client:1034
[80253832ms] [ERROR] WebSocket connection to 'ws://localhost:5173/' failed: Error in connection establishment: net::ERR_CONNECTION_REFUSED @ http://localhost:5173/@vite/client:1034
[80258950ms] [ERROR] WebSocket connection to 'ws://localhost:5173/' failed: Error in connection establishment: net::ERR_CONNECTION_REFUSED @ http://localhost:5173/@vite/client:1034
[80266198ms] [ERROR] WebSocket connection to 'ws://localhost:5173/' failed: Error in connection establishment: net::ERR_CONNECTION_REFUSED @ http://localhost:5173/@vite/client:1034
[80271835ms] [ERROR] WebSocket connection to 'ws://localhost:5173/' failed: Error in connection establishment: net::ERR_CONNECTION_REFUSED @ http://localhost:5173/@vite/client:1034
[80278535ms] [ERROR] WebSocket connection to 'ws://localhost:5173/' failed: Error in connection establishment: net::ERR_CONNECTION_REFUSED @ http://localhost:5173/@vite/client:1034
[80285934ms] [ERROR] WebSocket connection to 'ws://localhost:5173/' failed: Error in connection establishment: net::ERR_CONNECTION_REFUSED @ http://localhost:5173/@vite/client:1034
[80294265ms] [ERROR] WebSocket connection to 'ws://localhost:5173/' failed: Error in connection establishment: net::ERR_CONNECTION_REFUSED @ http://localhost:5173/@vite/client:1034
[80300777ms] [ERROR] WebSocket connection to 'ws://localhost:5173/' failed: Error in connection establishment: net::ERR_CONNECTION_REFUSED @ http://localhost:5173/@vite/client:1034
[80306286ms] [ERROR] WebSocket connection to 'ws://localhost:5173/' failed: Error in connection establishment: net::ERR_CONNECTION_REFUSED @ http://localhost:5173/@vite/client:1034
[80313466ms] [ERROR] WebSocket connection to 'ws://localhost:5173/' failed: Error in connection establishment: net::ERR_CONNECTION_REFUSED @ http://localhost:5173/@vite/client:1034
[80320375ms] [ERROR] WebSocket connection to 'ws://localhost:5173/' failed: Error in connection establishment: net::ERR_CONNECTION_REFUSED @ http://localhost:5173/@vite/client:1034
[80326675ms] [ERROR] WebSocket connection to 'ws://localhost:5173/' failed: Error in connection establishment: net::ERR_CONNECTION_REFUSED @ http://localhost:5173/@vite/client:1034
[80334016ms] [ERROR] WebSocket connection to 'ws://localhost:5173/' failed: Error in connection establishment: net::ERR_CONNECTION_REFUSED @ http://localhost:5173/@vite/client:1034
[80340198ms] [ERROR] WebSocket connection to 'ws://localhost:5173/' failed: Error in connection establishment: net::ERR_CONNECTION_REFUSED @ http://localhost:5173/@vite/client:1034
[80348482ms] [ERROR] WebSocket connection to 'ws://localhost:5173/' failed: Error in connection establishment: net::ERR_CONNECTION_REFUSED @ http://localhost:5173/@vite/client:1034
[80355207ms] [ERROR] WebSocket connection to 'ws://localhost:5173/' failed: Error in connection establishment: net::ERR_CONNECTION_REFUSED @ http://localhost:5173/@vite/client:1034
[80361812ms] [ERROR] WebSocket connection to 'ws://localhost:5173/' failed: Error in connection establishment: net::ERR_CONNECTION_REFUSED @ http://localhost:5173/@vite/client:1034
[80368267ms] [ERROR] WebSocket connection to 'ws://localhost:5173/' failed: Error in connection establishment: net::ERR_CONNECTION_REFUSED @ http://localhost:5173/@vite/client:1034
[80373476ms] [ERROR] WebSocket connection to 'ws://localhost:5173/' failed: Error in connection establishment: net::ERR_CONNECTION_REFUSED @ http://localhost:5173/@vite/client:1034
[80379281ms] [ERROR] WebSocket connection to 'ws://localhost:5173/' failed: Error in connection establishment: net::ERR_CONNECTION_REFUSED @ http://localhost:5173/@vite/client:1034
[80385559ms] [ERROR] WebSocket connection to 'ws://localhost:5173/' failed: Error in connection establishment: net::ERR_CONNECTION_REFUSED @ http://localhost:5173/@vite/client:1034
[80390202ms] [ERROR] WebSocket connection to 'ws://localhost:5173/' failed: Error in connection establishment: net::ERR_CONNECTION_REFUSED @ http://localhost:5173/@vite/client:1034
[80397800ms] [ERROR] WebSocket connection to 'ws://localhost:5173/' failed: Error in connection establishment: net::ERR_CONNECTION_REFUSED @ http://localhost:5173/@vite/client:1034
[80403401ms] [ERROR] WebSocket connection to 'ws://localhost:5173/' failed: Error in connection establishment: net::ERR_CONNECTION_REFUSED @ http://localhost:5173/@vite/client:1034
[80411901ms] [ERROR] WebSocket connection to 'ws://localhost:5173/' failed: Error in connection establishment: net::ERR_CONNECTION_REFUSED @ http://localhost:5173/@vite/client:1034
[80418741ms] [ERROR] WebSocket connection to 'ws://localhost:5173/' failed: Error in connection establishment: net::ERR_CONNECTION_REFUSED @ http://localhost:5173/@vite/client:1034
[80426999ms] [ERROR] WebSocket connection to 'ws://localhost:5173/' failed: Error in connection establishment: net::ERR_CONNECTION_REFUSED @ http://localhost:5173/@vite/client:1034
[80432391ms] [ERROR] WebSocket connection to 'ws://localhost:5173/' failed: Error in connection establishment: net::ERR_CONNECTION_REFUSED @ http://localhost:5173/@vite/client:1034
[80440040ms] [ERROR] WebSocket connection to 'ws://localhost:5173/' failed: Error in connection establishment: net::ERR_CONNECTION_REFUSED @ http://localhost:5173/@vite/client:1034
[80447854ms] [ERROR] WebSocket connection to 'ws://localhost:5173/' failed: Error in connection establishment: net::ERR_CONNECTION_REFUSED @ http://localhost:5173/@vite/client:1034
[80456514ms] [ERROR] WebSocket connection to 'ws://localhost:5173/' failed: Error in connection establishment: net::ERR_CONNECTION_REFUSED @ http://localhost:5173/@vite/client:1034
[80462140ms] [ERROR] WebSocket connection to 'ws://localhost:5173/' failed: Error in connection establishment: net::ERR_CONNECTION_REFUSED @ http://localhost:5173/@vite/client:1034
[80468291ms] [ERROR] WebSocket connection to 'ws://localhost:5173/' failed: Error in connection establishment: net::ERR_CONNECTION_REFUSED @ http://localhost:5173/@vite/client:1034
[80473395ms] [ERROR] WebSocket connection to 'ws://localhost:5173/' failed: Error in connection establishment: net::ERR_CONNECTION_REFUSED @ http://localhost:5173/@vite/client:1034
[80480498ms] [ERROR] WebSocket connection to 'ws://localhost:5173/' failed: Error in connection establishment: net::ERR_CONNECTION_REFUSED @ http://localhost:5173/@vite/client:1034
[80486150ms] [ERROR] WebSocket connection to 'ws://localhost:5173/' failed: Error in connection establishment: net::ERR_CONNECTION_REFUSED @ http://localhost:5173/@vite/client:1034
[80493594ms] [ERROR] WebSocket connection to 'ws://localhost:5173/' failed: Error in connection establishment: net::ERR_CONNECTION_REFUSED @ http://localhost:5173/@vite/client:1034
[80499150ms] [ERROR] WebSocket connection to 'ws://localhost:5173/' failed: Error in connection establishment: net::ERR_CONNECTION_REFUSED @ http://localhost:5173/@vite/client:1034
[80504197ms] [ERROR] WebSocket connection to 'ws://localhost:5173/' failed: Error in connection establishment: net::ERR_CONNECTION_REFUSED @ http://localhost:5173/@vite/client:1034
[80511389ms] [ERROR] WebSocket connection to 'ws://localhost:5173/' failed: Error in connection establishment: net::ERR_CONNECTION_REFUSED @ http://localhost:5173/@vite/client:1034
[80518800ms] [ERROR] WebSocket connection to 'ws://localhost:5173/' failed: Error in connection establishment: net::ERR_CONNECTION_REFUSED @ http://localhost:5173/@vite/client:1034
[80523424ms] [ERROR] WebSocket connection to 'ws://localhost:5173/' failed: Error in connection establishment: net::ERR_CONNECTION_REFUSED @ http://localhost:5173/@vite/client:1034
[80528725ms] [ERROR] WebSocket connection to 'ws://localhost:5173/' failed: Error in connection establishment: net::ERR_CONNECTION_REFUSED @ http://localhost:5173/@vite/client:1034
[80534135ms] [ERROR] WebSocket connection to 'ws://localhost:5173/' failed: Error in connection establishment: net::ERR_CONNECTION_REFUSED @ http://localhost:5173/@vite/client:1034
[80539781ms] [ERROR] WebSocket connection to 'ws://localhost:5173/' failed: Error in connection establishment: net::ERR_CONNECTION_REFUSED @ http://localhost:5173/@vite/client:1034
[80544542ms] [ERROR] WebSocket connection to 'ws://localhost:5173/' failed: Error in connection establishment: net::ERR_CONNECTION_REFUSED @ http://localhost:5173/@vite/client:1034
[80551085ms] [ERROR] WebSocket connection to 'ws://localhost:5173/' failed: Error in connection establishment: net::ERR_CONNECTION_REFUSED @ http://localhost:5173/@vite/client:1034
[80557163ms] [ERROR] WebSocket connection to 'ws://localhost:5173/' failed: Error in connection establishment: net::ERR_CONNECTION_REFUSED @ http://localhost:5173/@vite/client:1034
[80561552ms] [ERROR] WebSocket connection to 'ws://localhost:5173/' failed: Error in connection establishment: net::ERR_CONNECTION_REFUSED @ http://localhost:5173/@vite/client:1034
[80569398ms] [ERROR] WebSocket connection to 'ws://localhost:5173/' failed: Error in connection establishment: net::ERR_CONNECTION_REFUSED @ http://localhost:5173/@vite/client:1034
[80577310ms] [ERROR] WebSocket connection to 'ws://localhost:5173/' failed: Error in connection establishment: net::ERR_CONNECTION_REFUSED @ http://localhost:5173/@vite/client:1034
[80585409ms] [ERROR] WebSocket connection to 'ws://localhost:5173/' failed: Error in connection establishment: net::ERR_CONNECTION_REFUSED @ http://localhost:5173/@vite/client:1034
[80590005ms] [ERROR] WebSocket connection to 'ws://localhost:5173/' failed: Error in connection establishment: net::ERR_CONNECTION_REFUSED @ http://localhost:5173/@vite/client:1034
[80595196ms] [ERROR] WebSocket connection to 'ws://localhost:5173/' failed: Error in connection establishment: net::ERR_CONNECTION_REFUSED @ http://localhost:5173/@vite/client:1034
[80603774ms] [ERROR] WebSocket connection to 'ws://localhost:5173/' failed: Error in connection establishment: net::ERR_CONNECTION_REFUSED @ http://localhost:5173/@vite/client:1034
[80612069ms] [ERROR] WebSocket connection to 'ws://localhost:5173/' failed: Error in connection establishment: net::ERR_CONNECTION_REFUSED @ http://localhost:5173/@vite/client:1034
[80617898ms] [ERROR] WebSocket connection to 'ws://localhost:5173/' failed: Error in connection establishment: net::ERR_CONNECTION_REFUSED @ http://localhost:5173/@vite/client:1034
[80626445ms] [ERROR] WebSocket connection to 'ws://localhost:5173/' failed: Error in connection establishment: net::ERR_CONNECTION_REFUSED @ http://localhost:5173/@vite/client:1034
[80634869ms] [ERROR] WebSocket connection to 'ws://localhost:5173/' failed: Error in connection establishment: net::ERR_CONNECTION_REFUSED @ http://localhost:5173/@vite/client:1034
[90660376ms] [ERROR] WebSocket connection to 'ws://localhost:5173/' failed: Error in connection establishment: net::ERR_CONNECTION_REFUSED @ http://localhost:5173/@vite/client:1034
[90664116ms] [ERROR] WebSocket connection to 'ws://localhost:5173/' failed: Error in connection establishment: net::ERR_CONNECTION_REFUSED @ http://localhost:5173/@vite/client:1034
[90668047ms] [ERROR] WebSocket connection to 'ws://localhost:5173/' failed: Error in connection establishment: net::ERR_CONNECTION_REFUSED @ http://localhost:5173/@vite/client:1034
[90671637ms] [ERROR] WebSocket connection to 'ws://localhost:5173/' failed: Error in connection establishment: net::ERR_CONNECTION_REFUSED @ http://localhost:5173/@vite/client:1034
[90675251ms] [ERROR] WebSocket connection to 'ws://localhost:5173/' failed: Error in connection establishment: net::ERR_CONNECTION_REFUSED @ http://localhost:5173/@vite/client:1034
[90679139ms] [ERROR] WebSocket connection to 'ws://localhost:5173/' failed: Error in connection establishment: net::ERR_CONNECTION_REFUSED @ http://localhost:5173/@vite/client:1034
[90682841ms] [ERROR] WebSocket connection to 'ws://localhost:5173/' failed: Error in connection establishment: net::ERR_CONNECTION_REFUSED @ http://localhost:5173/@vite/client:1034
[90686417ms] [ERROR] WebSocket connection to 'ws://localhost:5173/' failed: Error in connection establishment: net::ERR_CONNECTION_REFUSED @ http://localhost:5173/@vite/client:1034
[90690094ms] [ERROR] WebSocket connection to 'ws://localhost:5173/' failed: Error in connection establishment: net::ERR_CONNECTION_REFUSED @ http://localhost:5173/@vite/client:1034
[90693490ms] [ERROR] WebSocket connection to 'ws://localhost:5173/' failed: Error in connection establishment: net::ERR_CONNECTION_REFUSED @ http://localhost:5173/@vite/client:1034
[90696869ms] [ERROR] WebSocket connection to 'ws://localhost:5173/' failed: Error in connection establishment: net::ERR_CONNECTION_REFUSED @ http://localhost:5173/@vite/client:1034
[90700374ms] [ERROR] WebSocket connection to 'ws://localhost:5173/' failed: Error in connection establishment: net::ERR_CONNECTION_REFUSED @ http://localhost:5173/@vite/client:1034
[90703917ms] [ERROR] WebSocket connection to 'ws://localhost:5173/' failed: Error in connection establishment: net::ERR_CONNECTION_REFUSED @ http://localhost:5173/@vite/client:1034
[90707682ms] [ERROR] WebSocket connection to 'ws://localhost:5173/' failed: Error in connection establishment: net::ERR_CONNECTION_REFUSED @ http://localhost:5173/@vite/client:1034
[90712285ms] [ERROR] WebSocket connection to 'ws://localhost:5173/' failed: Error in connection establishment: net::ERR_CONNECTION_REFUSED @ http://localhost:5173/@vite/client:1034
[90716597ms] [ERROR] WebSocket connection to 'ws://localhost:5173/' failed: Error in connection establishment: net::ERR_CONNECTION_REFUSED @ http://localhost:5173/@vite/client:1034
[90721376ms] [ERROR] WebSocket connection to 'ws://localhost:5173/' failed: Error in connection establishment: net::ERR_CONNECTION_REFUSED @ http://localhost:5173/@vite/client:1034
[90729261ms] [ERROR] WebSocket connection to 'ws://localhost:5173/' failed: Error in connection establishment: net::ERR_CONNECTION_REFUSED @ http://localhost:5173/@vite/client:1034
[90734110ms] [ERROR] WebSocket connection to 'ws://localhost:5173/' failed: Error in connection establishment: net::ERR_CONNECTION_REFUSED @ http://localhost:5173/@vite/client:1034
[90738893ms] [ERROR] WebSocket connection to 'ws://localhost:5173/' failed: Error in connection establishment: net::ERR_CONNECTION_REFUSED @ http://localhost:5173/@vite/client:1034
[90743761ms] [ERROR] WebSocket connection to 'ws://localhost:5173/' failed: Error in connection establishment: net::ERR_CONNECTION_REFUSED @ http://localhost:5173/@vite/client:1034
[90750595ms] [ERROR] WebSocket connection to 'ws://localhost:5173/' failed: Error in connection establishment: net::ERR_CONNECTION_REFUSED @ http://localhost:5173/@vite/client:1034
[90758777ms] [ERROR] WebSocket connection to 'ws://localhost:5173/' failed: Error in connection establishment: net::ERR_CONNECTION_REFUSED @ http://localhost:5173/@vite/client:1034
[90764947ms] [ERROR] WebSocket connection to 'ws://localhost:5173/' failed: Error in connection establishment: net::ERR_CONNECTION_REFUSED @ http://localhost:5173/@vite/client:1034
[90771740ms] [ERROR] WebSocket connection to 'ws://localhost:5173/' failed: Error in connection establishment: net::ERR_CONNECTION_REFUSED @ http://localhost:5173/@vite/client:1034
[90777452ms] [ERROR] WebSocket connection to 'ws://localhost:5173/' failed: Error in connection establishment: net::ERR_CONNECTION_REFUSED @ http://localhost:5173/@vite/client:1034
[90780797ms] [ERROR] WebSocket connection to 'ws://localhost:5173/' failed: Error in connection establishment: net::ERR_CONNECTION_REFUSED @ http://localhost:5173/@vite/client:1034
[90784142ms] [ERROR] WebSocket connection to 'ws://localhost:5173/' failed: Error in connection establishment: net::ERR_CONNECTION_REFUSED @ http://localhost:5173/@vite/client:1034
[90787485ms] [ERROR] WebSocket connection to 'ws://localhost:5173/' failed: Error in connection establishment: net::ERR_CONNECTION_REFUSED @ http://localhost:5173/@vite/client:1034
[90790848ms] [ERROR] WebSocket connection to 'ws://localhost:5173/' failed: Error in connection establishment: net::ERR_CONNECTION_REFUSED @ http://localhost:5173/@vite/client:1034
[90794175ms] [ERROR] WebSocket connection to 'ws://localhost:5173/' failed: Error in connection establishment: net::ERR_CONNECTION_REFUSED @ http://localhost:5173/@vite/client:1034
[90797517ms] [ERROR] WebSocket connection to 'ws://localhost:5173/' failed: Error in connection establishment: net::ERR_CONNECTION_REFUSED @ http://localhost:5173/@vite/client:1034
[90800868ms] [ERROR] WebSocket connection to 'ws://localhost:5173/' failed: Error in connection establishment: net::ERR_CONNECTION_REFUSED @ http://localhost:5173/@vite/client:1034
[90804211ms] [ERROR] WebSocket connection to 'ws://localhost:5173/' failed: Error in connection establishment: net::ERR_CONNECTION_REFUSED @ http://localhost:5173/@vite/client:1034
[90807587ms] [ERROR] WebSocket connection to 'ws://localhost:5173/' failed: Error in connection establishment: net::ERR_CONNECTION_REFUSED @ http://localhost:5173/@vite/client:1034
[90810971ms] [ERROR] WebSocket connection to 'ws://localhost:5173/' failed: Error in connection establishment: net::ERR_CONNECTION_REFUSED @ http://localhost:5173/@vite/client:1034
[90814409ms] [ERROR] WebSocket connection to 'ws://localhost:5173/' failed: Error in connection establishment: net::ERR_CONNECTION_REFUSED @ http://localhost:5173/@vite/client:1034
[90817844ms] [ERROR] WebSocket connection to 'ws://localhost:5173/' failed: Error in connection establishment: net::ERR_CONNECTION_REFUSED @ http://localhost:5173/@vite/client:1034
[90821430ms] [ERROR] WebSocket connection to 'ws://localhost:5173/' failed: Error in connection establishment: net::ERR_CONNECTION_REFUSED @ http://localhost:5173/@vite/client:1034
[90825240ms] [ERROR] WebSocket connection to 'ws://localhost:5173/' failed: Error in connection establishment: net::ERR_CONNECTION_REFUSED @ http://localhost:5173/@vite/client:1034
[90829796ms] [ERROR] WebSocket connection to 'ws://localhost:5173/' failed: Error in connection establishment: net::ERR_CONNECTION_REFUSED @ http://localhost:5173/@vite/client:1034
[90835517ms] [ERROR] WebSocket connection to 'ws://localhost:5173/' failed: Error in connection establishment: net::ERR_CONNECTION_REFUSED @ http://localhost:5173/@vite/client:1034
[90843433ms] [ERROR] WebSocket connection to 'ws://localhost:5173/' failed: Error in connection establishment: net::ERR_CONNECTION_REFUSED @ http://localhost:5173/@vite/client:1034
[90848431ms] [ERROR] WebSocket connection to 'ws://localhost:5173/' failed: Error in connection establishment: net::ERR_CONNECTION_REFUSED @ http://localhost:5173/@vite/client:1034
[90855965ms] [ERROR] WebSocket connection to 'ws://localhost:5173/' failed: Error in connection establishment: net::ERR_CONNECTION_REFUSED @ http://localhost:5173/@vite/client:1034
[90861399ms] [ERROR] WebSocket connection to 'ws://localhost:5173/' failed: Error in connection establishment: net::ERR_CONNECTION_REFUSED @ http://localhost:5173/@vite/client:1034
[90866254ms] [ERROR] WebSocket connection to 'ws://localhost:5173/' failed: Error in connection establishment: net::ERR_CONNECTION_REFUSED @ http://localhost:5173/@vite/client:1034
[90871488ms] [ERROR] WebSocket connection to 'ws://localhost:5173/' failed: Error in connection establishment: net::ERR_CONNECTION_REFUSED @ http://localhost:5173/@vite/client:1034
[90876372ms] [ERROR] WebSocket connection to 'ws://localhost:5173/' failed: Error in connection establishment: net::ERR_CONNECTION_REFUSED @ http://localhost:5173/@vite/client:1034
[90881843ms] [ERROR] WebSocket connection to 'ws://localhost:5173/' failed: Error in connection establishment: net::ERR_CONNECTION_REFUSED @ http://localhost:5173/@vite/client:1034
[90887895ms] [ERROR] WebSocket connection to 'ws://localhost:5173/' failed: Error in connection establishment: net::ERR_CONNECTION_REFUSED @ http://localhost:5173/@vite/client:1034
[90896075ms] [ERROR] WebSocket connection to 'ws://localhost:5173/' failed: Error in connection establishment: net::ERR_CONNECTION_REFUSED @ http://localhost:5173/@vite/client:1034
[90901306ms] [ERROR] WebSocket connection to 'ws://localhost:5173/' failed: Error in connection establishment: net::ERR_CONNECTION_REFUSED @ http://localhost:5173/@vite/client:1034
[90907596ms] [ERROR] WebSocket connection to 'ws://localhost:5173/' failed: Error in connection establishment: net::ERR_CONNECTION_REFUSED @ http://localhost:5173/@vite/client:1034
[90915336ms] [ERROR] WebSocket connection to 'ws://localhost:5173/' failed: Error in connection establishment: net::ERR_CONNECTION_REFUSED @ http://localhost:5173/@vite/client:1034
[90921674ms] [ERROR] WebSocket connection to 'ws://localhost:5173/' failed: Error in connection establishment: net::ERR_CONNECTION_REFUSED @ http://localhost:5173/@vite/client:1034
[90929689ms] [ERROR] WebSocket connection to 'ws://localhost:5173/' failed: Error in connection establishment: net::ERR_CONNECTION_REFUSED @ http://localhost:5173/@vite/client:1034
[90935308ms] [ERROR] WebSocket connection to 'ws://localhost:5173/' failed: Error in connection establishment: net::ERR_CONNECTION_REFUSED @ http://localhost:5173/@vite/client:1034
[90943524ms] [ERROR] WebSocket connection to 'ws://localhost:5173/' failed: Error in connection establishment: net::ERR_CONNECTION_REFUSED @ http://localhost:5173/@vite/client:1034
[90948590ms] [ERROR] WebSocket connection to 'ws://localhost:5173/' failed: Error in connection establishment: net::ERR_CONNECTION_REFUSED @ http://localhost:5173/@vite/client:1034
[90954160ms] [ERROR] WebSocket connection to 'ws://localhost:5173/' failed: Error in connection establishment: net::ERR_CONNECTION_REFUSED @ http://localhost:5173/@vite/client:1034
[90960832ms] [ERROR] WebSocket connection to 'ws://localhost:5173/' failed: Error in connection establishment: net::ERR_CONNECTION_REFUSED @ http://localhost:5173/@vite/client:1034
[90967155ms] [ERROR] WebSocket connection to 'ws://localhost:5173/' failed: Error in connection establishment: net::ERR_CONNECTION_REFUSED @ http://localhost:5173/@vite/client:1034
[90972713ms] [ERROR] WebSocket connection to 'ws://localhost:5173/' failed: Error in connection establishment: net::ERR_CONNECTION_REFUSED @ http://localhost:5173/@vite/client:1034
[90980153ms] [ERROR] WebSocket connection to 'ws://localhost:5173/' failed: Error in connection establishment: net::ERR_CONNECTION_REFUSED @ http://localhost:5173/@vite/client:1034
[90985731ms] [ERROR] WebSocket connection to 'ws://localhost:5173/' failed: Error in connection establishment: net::ERR_CONNECTION_REFUSED @ http://localhost:5173/@vite/client:1034
[90990962ms] [ERROR] WebSocket connection to 'ws://localhost:5173/' failed: Error in connection establishment: net::ERR_CONNECTION_REFUSED @ http://localhost:5173/@vite/client:1034
[90997762ms] [ERROR] WebSocket connection to 'ws://localhost:5173/' failed: Error in connection establishment: net::ERR_CONNECTION_REFUSED @ http://localhost:5173/@vite/client:1034
[91006062ms] [ERROR] WebSocket connection to 'ws://localhost:5173/' failed: Error in connection establishment: net::ERR_CONNECTION_REFUSED @ http://localhost:5173/@vite/client:1034
[91014315ms] [ERROR] WebSocket connection to 'ws://localhost:5173/' failed: Error in connection establishment: net::ERR_CONNECTION_REFUSED @ http://localhost:5173/@vite/client:1034
[91022547ms] [ERROR] WebSocket connection to 'ws://localhost:5173/' failed: Error in connection establishment: net::ERR_CONNECTION_REFUSED @ http://localhost:5173/@vite/client:1034
[91027394ms] [ERROR] WebSocket connection to 'ws://localhost:5173/' failed: Error in connection establishment: net::ERR_CONNECTION_REFUSED @ http://localhost:5173/@vite/client:1034
[91034790ms] [ERROR] WebSocket connection to 'ws://localhost:5173/' failed: Error in connection establishment: net::ERR_CONNECTION_REFUSED @ http://localhost:5173/@vite/client:1034
[91041588ms] [ERROR] WebSocket connection to 'ws://localhost:5173/' failed: Error in connection establishment: net::ERR_CONNECTION_REFUSED @ http://localhost:5173/@vite/client:1034
[91046999ms] [ERROR] WebSocket connection to 'ws://localhost:5173/' failed: Error in connection establishment: net::ERR_CONNECTION_REFUSED @ http://localhost:5173/@vite/client:1034
[91051960ms] [ERROR] WebSocket connection to 'ws://localhost:5173/' failed: Error in connection establishment: net::ERR_CONNECTION_REFUSED @ http://localhost:5173/@vite/client:1034
[91059916ms] [ERROR] WebSocket connection to 'ws://localhost:5173/' failed: Error in connection establishment: net::ERR_CONNECTION_REFUSED @ http://localhost:5173/@vite/client:1034
[91068051ms] [ERROR] WebSocket connection to 'ws://localhost:5173/' failed: Error in connection establishment: net::ERR_CONNECTION_REFUSED @ http://localhost:5173/@vite/client:1034
[91075202ms] [ERROR] WebSocket connection to 'ws://localhost:5173/' failed: Error in connection establishment: net::ERR_CONNECTION_REFUSED @ http://localhost:5173/@vite/client:1034
[91083473ms] [ERROR] WebSocket connection to 'ws://localhost:5173/' failed: Error in connection establishment: net::ERR_CONNECTION_REFUSED @ http://localhost:5173/@vite/client:1034
[91088602ms] [ERROR] WebSocket connection to 'ws://localhost:5173/' failed: Error in connection establishment: net::ERR_CONNECTION_REFUSED @ http://localhost:5173/@vite/client:1034
[91094515ms] [ERROR] WebSocket connection to 'ws://localhost:5173/' failed: Error in connection establishment: net::ERR_CONNECTION_REFUSED @ http://localhost:5173/@vite/client:1034
[91100486ms] [ERROR] WebSocket connection to 'ws://localhost:5173/' failed: Error in connection establishment: net::ERR_CONNECTION_REFUSED @ http://localhost:5173/@vite/client:1034
[91108170ms] [ERROR] WebSocket connection to 'ws://localhost:5173/' failed: Error in connection establishment: net::ERR_CONNECTION_REFUSED @ http://localhost:5173/@vite/client:1034
[91115218ms] [ERROR] WebSocket connection to 'ws://localhost:5173/' failed: Error in connection establishment: net::ERR_CONNECTION_REFUSED @ http://localhost:5173/@vite/client:1034
[91122921ms] [ERROR] WebSocket connection to 'ws://localhost:5173/' failed: Error in connection establishment: net::ERR_CONNECTION_REFUSED @ http://localhost:5173/@vite/client:1034
[91130877ms] [ERROR] WebSocket connection to 'ws://localhost:5173/' failed: Error in connection establishment: net::ERR_CONNECTION_REFUSED @ http://localhost:5173/@vite/client:1034
[91136500ms] [ERROR] WebSocket connection to 'ws://localhost:5173/' failed: Error in connection establishment: net::ERR_CONNECTION_REFUSED @ http://localhost:5173/@vite/client:1034
[91143506ms] [ERROR] WebSocket connection to 'ws://localhost:5173/' failed: Error in connection establishment: net::ERR_CONNECTION_REFUSED @ http://localhost:5173/@vite/client:1034
[91151239ms] [ERROR] WebSocket connection to 'ws://localhost:5173/' failed: Error in connection establishment: net::ERR_CONNECTION_REFUSED @ http://localhost:5173/@vite/client:1034
[91156224ms] [ERROR] WebSocket connection to 'ws://localhost:5173/' failed: Error in connection establishment: net::ERR_CONNECTION_REFUSED @ http://localhost:5173/@vite/client:1034
[91163512ms] [ERROR] WebSocket connection to 'ws://localhost:5173/' failed: Error in connection establishment: net::ERR_CONNECTION_REFUSED @ http://localhost:5173/@vite/client:1034
[91171809ms] [ERROR] WebSocket connection to 'ws://localhost:5173/' failed: Error in connection establishment: net::ERR_CONNECTION_REFUSED @ http://localhost:5173/@vite/client:1034
[91177295ms] [ERROR] WebSocket connection to 'ws://localhost:5173/' failed: Error in connection establishment: net::ERR_CONNECTION_REFUSED @ http://localhost:5173/@vite/client:1034
[91182428ms] [ERROR] WebSocket connection to 'ws://localhost:5173/' failed: Error in connection establishment: net::ERR_CONNECTION_REFUSED @ http://localhost:5173/@vite/client:1034
[91189958ms] [ERROR] WebSocket connection to 'ws://localhost:5173/' failed: Error in connection establishment: net::ERR_CONNECTION_REFUSED @ http://localhost:5173/@vite/client:1034
[91195889ms] [ERROR] WebSocket connection to 'ws://localhost:5173/' failed: Error in connection establishment: net::ERR_CONNECTION_REFUSED @ http://localhost:5173/@vite/client:1034
[91202171ms] [ERROR] WebSocket connection to 'ws://localhost:5173/' failed: Error in connection establishment: net::ERR_CONNECTION_REFUSED @ http://localhost:5173/@vite/client:1034
[91206658ms] [ERROR] WebSocket connection to 'ws://localhost:5173/' failed: Error in connection establishment: net::ERR_CONNECTION_REFUSED @ http://localhost:5173/@vite/client:1034
[91212919ms] [ERROR] WebSocket connection to 'ws://localhost:5173/' failed: Error in connection establishment: net::ERR_CONNECTION_REFUSED @ http://localhost:5173/@vite/client:1034
[91220092ms] [ERROR] WebSocket connection to 'ws://localhost:5173/' failed: Error in connection establishment: net::ERR_CONNECTION_REFUSED @ http://localhost:5173/@vite/client:1034
[91228204ms] [ERROR] WebSocket connection to 'ws://localhost:5173/' failed: Error in connection establishment: net::ERR_CONNECTION_REFUSED @ http://localhost:5173/@vite/client:1034
[91236280ms] [ERROR] WebSocket connection to 'ws://localhost:5173/' failed: Error in connection establishment: net::ERR_CONNECTION_REFUSED @ http://localhost:5173/@vite/client:1034
[91243213ms] [ERROR] WebSocket connection to 'ws://localhost:5173/' failed: Error in connection establishment: net::ERR_CONNECTION_REFUSED @ http://localhost:5173/@vite/client:1034
[91247942ms] [ERROR] WebSocket connection to 'ws://localhost:5173/' failed: Error in connection establishment: net::ERR_CONNECTION_REFUSED @ http://localhost:5173/@vite/client:1034
[91253231ms] [ERROR] WebSocket connection to 'ws://localhost:5173/' failed: Error in connection establishment: net::ERR_CONNECTION_REFUSED @ http://localhost:5173/@vite/client:1034
[91260832ms] [ERROR] WebSocket connection to 'ws://localhost:5173/' failed: Error in connection establishment: net::ERR_CONNECTION_REFUSED @ http://localhost:5173/@vite/client:1034
[91266771ms] [ERROR] WebSocket connection to 'ws://localhost:5173/' failed: Error in connection establishment: net::ERR_CONNECTION_REFUSED @ http://localhost:5173/@vite/client:1034
[91274219ms] [ERROR] WebSocket connection to 'ws://localhost:5173/' failed: Error in connection establishment: net::ERR_CONNECTION_REFUSED @ http://localhost:5173/@vite/client:1034
[91282571ms] [ERROR] WebSocket connection to 'ws://localhost:5173/' failed: Error in connection establishment: net::ERR_CONNECTION_REFUSED @ http://localhost:5173/@vite/client:1034
[91289867ms] [ERROR] WebSocket connection to 'ws://localhost:5173/' failed: Error in connection establishment: net::ERR_CONNECTION_REFUSED @ http://localhost:5173/@vite/client:1034
[91295951ms] [ERROR] WebSocket connection to 'ws://localhost:5173/' failed: Error in connection establishment: net::ERR_CONNECTION_REFUSED @ http://localhost:5173/@vite/client:1034
[91303250ms] [ERROR] WebSocket connection to 'ws://localhost:5173/' failed: Error in connection establishment: net::ERR_CONNECTION_REFUSED @ http://localhost:5173/@vite/client:1034
[91308766ms] [ERROR] WebSocket connection to 'ws://localhost:5173/' failed: Error in connection establishment: net::ERR_CONNECTION_REFUSED @ http://localhost:5173/@vite/client:1034
[91314193ms] [ERROR] WebSocket connection to 'ws://localhost:5173/' failed: Error in connection establishment: net::ERR_CONNECTION_REFUSED @ http://localhost:5173/@vite/client:1034
[91318778ms] [ERROR] WebSocket connection to 'ws://localhost:5173/' failed: Error in connection establishment: net::ERR_CONNECTION_REFUSED @ http://localhost:5173/@vite/client:1034
[91326885ms] [ERROR] WebSocket connection to 'ws://localhost:5173/' failed: Error in connection establishment: net::ERR_CONNECTION_REFUSED @ http://localhost:5173/@vite/client:1034
[91333635ms] [ERROR] WebSocket connection to 'ws://localhost:5173/' failed: Error in connection establishment: net::ERR_CONNECTION_REFUSED @ http://localhost:5173/@vite/client:1034
[91339385ms] [ERROR] WebSocket connection to 'ws://localhost:5173/' failed: Error in connection establishment: net::ERR_CONNECTION_REFUSED @ http://localhost:5173/@vite/client:1034
[91346387ms] [ERROR] WebSocket connection to 'ws://localhost:5173/' failed: Error in connection establishment: net::ERR_CONNECTION_REFUSED @ http://localhost:5173/@vite/client:1034
[91351146ms] [ERROR] WebSocket connection to 'ws://localhost:5173/' failed: Error in connection establishment: net::ERR_CONNECTION_REFUSED @ http://localhost:5173/@vite/client:1034
[91355925ms] [ERROR] WebSocket connection to 'ws://localhost:5173/' failed: Error in connection establishment: net::ERR_CONNECTION_REFUSED @ http://localhost:5173/@vite/client:1034
[91360787ms] [ERROR] WebSocket connection to 'ws://localhost:5173/' failed: Error in connection establishment: net::ERR_CONNECTION_REFUSED @ http://localhost:5173/@vite/client:1034
[91365257ms] [ERROR] WebSocket connection to 'ws://localhost:5173/' failed: Error in connection establishment: net::ERR_CONNECTION_REFUSED @ http://localhost:5173/@vite/client:1034
[91371771ms] [ERROR] WebSocket connection to 'ws://localhost:5173/' failed: Error in connection establishment: net::ERR_CONNECTION_REFUSED @ http://localhost:5173/@vite/client:1034
[91379593ms] [ERROR] WebSocket connection to 'ws://localhost:5173/' failed: Error in connection establishment: net::ERR_CONNECTION_REFUSED @ http://localhost:5173/@vite/client:1034
[91387084ms] [ERROR] WebSocket connection to 'ws://localhost:5173/' failed: Error in connection establishment: net::ERR_CONNECTION_REFUSED @ http://localhost:5173/@vite/client:1034
[91395350ms] [ERROR] WebSocket connection to 'ws://localhost:5173/' failed: Error in connection establishment: net::ERR_CONNECTION_REFUSED @ http://localhost:5173/@vite/client:1034
[91399935ms] [ERROR] WebSocket connection to 'ws://localhost:5173/' failed: Error in connection establishment: net::ERR_CONNECTION_REFUSED @ http://localhost:5173/@vite/client:1034
[91405373ms] [ERROR] WebSocket connection to 'ws://localhost:5173/' failed: Error in connection establishment: net::ERR_CONNECTION_REFUSED @ http://localhost:5173/@vite/client:1034
[91411906ms] [ERROR] WebSocket connection to 'ws://localhost:5173/' failed: Error in connection establishment: net::ERR_CONNECTION_REFUSED @ http://localhost:5173/@vite/client:1034
[91419543ms] [ERROR] WebSocket connection to 'ws://localhost:5173/' failed: Error in connection establishment: net::ERR_CONNECTION_REFUSED @ http://localhost:5173/@vite/client:1034
[91424718ms] [ERROR] WebSocket connection to 'ws://localhost:5173/' failed: Error in connection establishment: net::ERR_CONNECTION_REFUSED @ http://localhost:5173/@vite/client:1034
[91429518ms] [ERROR] WebSocket connection to 'ws://localhost:5173/' failed: Error in connection establishment: net::ERR_CONNECTION_REFUSED @ http://localhost:5173/@vite/client:1034
[91436393ms] [ERROR] WebSocket connection to 'ws://localhost:5173/' failed: Error in connection establishment: net::ERR_CONNECTION_REFUSED @ http://localhost:5173/@vite/client:1034
[91443030ms] [ERROR] WebSocket connection to 'ws://localhost:5173/' failed: Error in connection establishment: net::ERR_CONNECTION_REFUSED @ http://localhost:5173/@vite/client:1034
[91447738ms] [ERROR] WebSocket connection to 'ws://localhost:5173/' failed: Error in connection establishment: net::ERR_CONNECTION_REFUSED @ http://localhost:5173/@vite/client:1034
[91454576ms] [ERROR] WebSocket connection to 'ws://localhost:5173/' failed: Error in connection establishment: net::ERR_CONNECTION_REFUSED @ http://localhost:5173/@vite/client:1034
[91461069ms] [ERROR] WebSocket connection to 'ws://localhost:5173/' failed: Error in connection establishment: net::ERR_CONNECTION_REFUSED @ http://localhost:5173/@vite/client:1034
[91467904ms] [ERROR] WebSocket connection to 'ws://localhost:5173/' failed: Error in connection establishment: net::ERR_CONNECTION_REFUSED @ http://localhost:5173/@vite/client:1034
[91472937ms] [ERROR] WebSocket connection to 'ws://localhost:5173/' failed: Error in connection establishment: net::ERR_CONNECTION_REFUSED @ http://localhost:5173/@vite/client:1034
[91480379ms] [ERROR] WebSocket connection to 'ws://localhost:5173/' failed: Error in connection establishment: net::ERR_CONNECTION_REFUSED @ http://localhost:5173/@vite/client:1034
[91487164ms] [ERROR] WebSocket connection to 'ws://localhost:5173/' failed: Error in connection establishment: net::ERR_CONNECTION_REFUSED @ http://localhost:5173/@vite/client:1034
[91494920ms] [ERROR] WebSocket connection to 'ws://localhost:5173/' failed: Error in connection establishment: net::ERR_CONNECTION_REFUSED @ http://localhost:5173/@vite/client:1034
[91502295ms] [ERROR] WebSocket connection to 'ws://localhost:5173/' failed: Error in connection establishment: net::ERR_CONNECTION_REFUSED @ http://localhost:5173/@vite/client:1034
[91508144ms] [ERROR] WebSocket connection to 'ws://localhost:5173/' failed: Error in connection establishment: net::ERR_CONNECTION_REFUSED @ http://localhost:5173/@vite/client:1034
[91514484ms] [ERROR] WebSocket connection to 'ws://localhost:5173/' failed: Error in connection establishment: net::ERR_CONNECTION_REFUSED @ http://localhost:5173/@vite/client:1034
[91519852ms] [ERROR] WebSocket connection to 'ws://localhost:5173/' failed: Error in connection establishment: net::ERR_CONNECTION_REFUSED @ http://localhost:5173/@vite/client:1034
[91524874ms] [ERROR] WebSocket connection to 'ws://localhost:5173/' failed: Error in connection establishment: net::ERR_CONNECTION_REFUSED @ http://localhost:5173/@vite/client:1034
[91530832ms] [ERROR] WebSocket connection to 'ws://localhost:5173/' failed: Error in connection establishment: net::ERR_CONNECTION_REFUSED @ http://localhost:5173/@vite/client:1034
[91538511ms] [ERROR] WebSocket connection to 'ws://localhost:5173/' failed: Error in connection establishment: net::ERR_CONNECTION_REFUSED @ http://localhost:5173/@vite/client:1034
[91544127ms] [ERROR] WebSocket connection to 'ws://localhost:5173/' failed: Error in connection establishment: net::ERR_CONNECTION_REFUSED @ http://localhost:5173/@vite/client:1034
[91548634ms] [ERROR] WebSocket connection to 'ws://localhost:5173/' failed: Error in connection establishment: net::ERR_CONNECTION_REFUSED @ http://localhost:5173/@vite/client:1034
[91554445ms] [ERROR] WebSocket connection to 'ws://localhost:5173/' failed: Error in connection establishment: net::ERR_CONNECTION_REFUSED @ http://localhost:5173/@vite/client:1034
[91560111ms] [ERROR] WebSocket connection to 'ws://localhost:5173/' failed: Error in connection establishment: net::ERR_CONNECTION_REFUSED @ http://localhost:5173/@vite/client:1034
[91567374ms] [ERROR] WebSocket connection to 'ws://localhost:5173/' failed: Error in connection establishment: net::ERR_CONNECTION_REFUSED @ http://localhost:5173/@vite/client:1034
[91574289ms] [ERROR] WebSocket connection to 'ws://localhost:5173/' failed: Error in connection establishment: net::ERR_CONNECTION_REFUSED @ http://localhost:5173/@vite/client:1034
[91582337ms] [ERROR] WebSocket connection to 'ws://localhost:5173/' failed: Error in connection establishment: net::ERR_CONNECTION_REFUSED @ http://localhost:5173/@vite/client:1034
[91589620ms] [ERROR] WebSocket connection to 'ws://localhost:5173/' failed: Error in connection establishment: net::ERR_CONNECTION_REFUSED @ http://localhost:5173/@vite/client:1034
[91596362ms] [ERROR] WebSocket connection to 'ws://localhost:5173/' failed: Error in connection establishment: net::ERR_CONNECTION_REFUSED @ http://localhost:5173/@vite/client:1034
[91601822ms] [ERROR] WebSocket connection to 'ws://localhost:5173/' failed: Error in connection establishment: net::ERR_CONNECTION_REFUSED @ http://localhost:5173/@vite/client:1034
[91610191ms] [ERROR] WebSocket connection to 'ws://localhost:5173/' failed: Error in connection establishment: net::ERR_CONNECTION_REFUSED @ http://localhost:5173/@vite/client:1034
[91616558ms] [ERROR] WebSocket connection to 'ws://localhost:5173/' failed: Error in connection establishment: net::ERR_CONNECTION_REFUSED @ http://localhost:5173/@vite/client:1034
[91621458ms] [ERROR] WebSocket connection to 'ws://localhost:5173/' failed: Error in connection establishment: net::ERR_CONNECTION_REFUSED @ http://localhost:5173/@vite/client:1034
[91626190ms] [ERROR] WebSocket connection to 'ws://localhost:5173/' failed: Error in connection establishment: net::ERR_CONNECTION_REFUSED @ http://localhost:5173/@vite/client:1034
[91631069ms] [ERROR] WebSocket connection to 'ws://localhost:5173/' failed: Error in connection establishment: net::ERR_CONNECTION_REFUSED @ http://localhost:5173/@vite/client:1034
[91637677ms] [ERROR] WebSocket connection to 'ws://localhost:5173/' failed: Error in connection establishment: net::ERR_CONNECTION_REFUSED @ http://localhost:5173/@vite/client:1034
[91642594ms] [ERROR] WebSocket connection to 'ws://localhost:5173/' failed: Error in connection establishment: net::ERR_CONNECTION_REFUSED @ http://localhost:5173/@vite/client:1034
[91649414ms] [ERROR] WebSocket connection to 'ws://localhost:5173/' failed: Error in connection establishment: net::ERR_CONNECTION_REFUSED @ http://localhost:5173/@vite/client:1034
[91657584ms] [ERROR] WebSocket connection to 'ws://localhost:5173/' failed: Error in connection establishment: net::ERR_CONNECTION_REFUSED @ http://localhost:5173/@vite/client:1034
[91662342ms] [ERROR] WebSocket connection to 'ws://localhost:5173/' failed: Error in connection establishment: net::ERR_CONNECTION_REFUSED @ http://localhost:5173/@vite/client:1034
[91668617ms] [ERROR] WebSocket connection to 'ws://localhost:5173/' failed: Error in connection establishment: net::ERR_CONNECTION_REFUSED @ http://localhost:5173/@vite/client:1034
[91676510ms] [ERROR] WebSocket connection to 'ws://localhost:5173/' failed: Error in connection establishment: net::ERR_CONNECTION_REFUSED @ http://localhost:5173/@vite/client:1034
[91683220ms] [ERROR] WebSocket connection to 'ws://localhost:5173/' failed: Error in connection establishment: net::ERR_CONNECTION_REFUSED @ http://localhost:5173/@vite/client:1034
[91688677ms] [ERROR] WebSocket connection to 'ws://localhost:5173/' failed: Error in connection establishment: net::ERR_CONNECTION_REFUSED @ http://localhost:5173/@vite/client:1034
[91693443ms] [ERROR] WebSocket connection to 'ws://localhost:5173/' failed: Error in connection establishment: net::ERR_CONNECTION_REFUSED @ http://localhost:5173/@vite/client:1034
[91700810ms] [ERROR] WebSocket connection to 'ws://localhost:5173/' failed: Error in connection establishment: net::ERR_CONNECTION_REFUSED @ http://localhost:5173/@vite/client:1034
[91705739ms] [ERROR] WebSocket connection to 'ws://localhost:5173/' failed: Error in connection establishment: net::ERR_CONNECTION_REFUSED @ http://localhost:5173/@vite/client:1034
[91712032ms] [ERROR] WebSocket connection to 'ws://localhost:5173/' failed: Error in connection establishment: net::ERR_CONNECTION_REFUSED @ http://localhost:5173/@vite/client:1034
[91718542ms] [ERROR] WebSocket connection to 'ws://localhost:5173/' failed: Error in connection establishment: net::ERR_CONNECTION_REFUSED @ http://localhost:5173/@vite/client:1034
[91723063ms] [ERROR] WebSocket connection to 'ws://localhost:5173/' failed: Error in connection establishment: net::ERR_CONNECTION_REFUSED @ http://localhost:5173/@vite/client:1034
[91728710ms] [ERROR] WebSocket connection to 'ws://localhost:5173/' failed: Error in connection establishment: net::ERR_CONNECTION_REFUSED @ http://localhost:5173/@vite/client:1034
[91736367ms] [ERROR] WebSocket connection to 'ws://localhost:5173/' failed: Error in connection establishment: net::ERR_CONNECTION_REFUSED @ http://localhost:5173/@vite/client:1034
[91744084ms] [ERROR] WebSocket connection to 'ws://localhost:5173/' failed: Error in connection establishment: net::ERR_CONNECTION_REFUSED @ http://localhost:5173/@vite/client:1034
[91750562ms] [ERROR] WebSocket connection to 'ws://localhost:5173/' failed: Error in connection establishment: net::ERR_CONNECTION_REFUSED @ http://localhost:5173/@vite/client:1034
[91757588ms] [ERROR] WebSocket connection to 'ws://localhost:5173/' failed: Error in connection establishment: net::ERR_CONNECTION_REFUSED @ http://localhost:5173/@vite/client:1034
[91762133ms] [ERROR] WebSocket connection to 'ws://localhost:5173/' failed: Error in connection establishment: net::ERR_CONNECTION_REFUSED @ http://localhost:5173/@vite/client:1034
[91768889ms] [ERROR] WebSocket connection to 'ws://localhost:5173/' failed: Error in connection establishment: net::ERR_CONNECTION_REFUSED @ http://localhost:5173/@vite/client:1034
[91775692ms] [ERROR] WebSocket connection to 'ws://localhost:5173/' failed: Error in connection establishment: net::ERR_CONNECTION_REFUSED @ http://localhost:5173/@vite/client:1034
[91782920ms] [ERROR] WebSocket connection to 'ws://localhost:5173/' failed: Error in connection establishment: net::ERR_CONNECTION_REFUSED @ http://localhost:5173/@vite/client:1034
[91791145ms] [ERROR] WebSocket connection to 'ws://localhost:5173/' failed: Error in connection establishment: net::ERR_CONNECTION_REFUSED @ http://localhost:5173/@vite/client:1034
[91798080ms] [ERROR] WebSocket connection to 'ws://localhost:5173/' failed: Error in connection establishment: net::ERR_CONNECTION_REFUSED @ http://localhost:5173/@vite/client:1034
[91804334ms] [ERROR] WebSocket connection to 'ws://localhost:5173/' failed: Error in connection establishment: net::ERR_CONNECTION_REFUSED @ http://localhost:5173/@vite/client:1034
[91811802ms] [ERROR] WebSocket connection to 'ws://localhost:5173/' failed: Error in connection establishment: net::ERR_CONNECTION_REFUSED @ http://localhost:5173/@vite/client:1034
[91817188ms] [ERROR] WebSocket connection to 'ws://localhost:5173/' failed: Error in connection establishment: net::ERR_CONNECTION_REFUSED @ http://localhost:5173/@vite/client:1034
[91822025ms] [ERROR] WebSocket connection to 'ws://localhost:5173/' failed: Error in connection establishment: net::ERR_CONNECTION_REFUSED @ http://localhost:5173/@vite/client:1034
[91829028ms] [ERROR] WebSocket connection to 'ws://localhost:5173/' failed: Error in connection establishment: net::ERR_CONNECTION_REFUSED @ http://localhost:5173/@vite/client:1034
[91836076ms] [ERROR] WebSocket connection to 'ws://localhost:5173/' failed: Error in connection establishment: net::ERR_CONNECTION_REFUSED @ http://localhost:5173/@vite/client:1034
[91842273ms] [ERROR] WebSocket connection to 'ws://localhost:5173/' failed: Error in connection establishment: net::ERR_CONNECTION_REFUSED @ http://localhost:5173/@vite/client:1034
[91849426ms] [ERROR] WebSocket connection to 'ws://localhost:5173/' failed: Error in connection establishment: net::ERR_CONNECTION_REFUSED @ http://localhost:5173/@vite/client:1034
[91857314ms] [ERROR] WebSocket connection to 'ws://localhost:5173/' failed: Error in connection establishment: net::ERR_CONNECTION_REFUSED @ http://localhost:5173/@vite/client:1034
[91865036ms] [ERROR] WebSocket connection to 'ws://localhost:5173/' failed: Error in connection establishment: net::ERR_CONNECTION_REFUSED @ http://localhost:5173/@vite/client:1034
[91873376ms] [ERROR] WebSocket connection to 'ws://localhost:5173/' failed: Error in connection establishment: net::ERR_CONNECTION_REFUSED @ http://localhost:5173/@vite/client:1034
[91878848ms] [ERROR] WebSocket connection to 'ws://localhost:5173/' failed: Error in connection establishment: net::ERR_CONNECTION_REFUSED @ http://localhost:5173/@vite/client:1034
[91883692ms] [ERROR] WebSocket connection to 'ws://localhost:5173/' failed: Error in connection establishment: net::ERR_CONNECTION_REFUSED @ http://localhost:5173/@vite/client:1034
[91888914ms] [ERROR] WebSocket connection to 'ws://localhost:5173/' failed: Error in connection establishment: net::ERR_CONNECTION_REFUSED @ http://localhost:5173/@vite/client:1034
[91894939ms] [ERROR] WebSocket connection to 'ws://localhost:5173/' failed: Error in connection establishment: net::ERR_CONNECTION_REFUSED @ http://localhost:5173/@vite/client:1034
[91900693ms] [ERROR] WebSocket connection to 'ws://localhost:5173/' failed: Error in connection establishment: net::ERR_CONNECTION_REFUSED @ http://localhost:5173/@vite/client:1034
[91907078ms] [ERROR] WebSocket connection to 'ws://localhost:5173/' failed: Error in connection establishment: net::ERR_CONNECTION_REFUSED @ http://localhost:5173/@vite/client:1034
[91914342ms] [ERROR] WebSocket connection to 'ws://localhost:5173/' failed: Error in connection establishment: net::ERR_CONNECTION_REFUSED @ http://localhost:5173/@vite/client:1034
[91921030ms] [ERROR] WebSocket connection to 'ws://localhost:5173/' failed: Error in connection establishment: net::ERR_CONNECTION_REFUSED @ http://localhost:5173/@vite/client:1034
[91925423ms] [ERROR] WebSocket connection to 'ws://localhost:5173/' failed: Error in connection establishment: net::ERR_CONNECTION_REFUSED @ http://localhost:5173/@vite/client:1034
[91933603ms] [ERROR] WebSocket connection to 'ws://localhost:5173/' failed: Error in connection establishment: net::ERR_CONNECTION_REFUSED @ http://localhost:5173/@vite/client:1034
[91939931ms] [ERROR] WebSocket connection to 'ws://localhost:5173/' failed: Error in connection establishment: net::ERR_CONNECTION_REFUSED @ http://localhost:5173/@vite/client:1034
[91946366ms] [ERROR] WebSocket connection to 'ws://localhost:5173/' failed: Error in connection establishment: net::ERR_CONNECTION_REFUSED @ http://localhost:5173/@vite/client:1034
[91952259ms] [ERROR] WebSocket connection to 'ws://localhost:5173/' failed: Error in connection establishment: net::ERR_CONNECTION_REFUSED @ http://localhost:5173/@vite/client:1034
[91957160ms] [ERROR] WebSocket connection to 'ws://localhost:5173/' failed: Error in connection establishment: net::ERR_CONNECTION_REFUSED @ http://localhost:5173/@vite/client:1034
[91964156ms] [ERROR] WebSocket connection to 'ws://localhost:5173/' failed: Error in connection establishment: net::ERR_CONNECTION_REFUSED @ http://localhost:5173/@vite/client:1034
[91968549ms] [ERROR] WebSocket connection to 'ws://localhost:5173/' failed: Error in connection establishment: net::ERR_CONNECTION_REFUSED @ http://localhost:5173/@vite/client:1034
[91974096ms] [ERROR] WebSocket connection to 'ws://localhost:5173/' failed: Error in connection establishment: net::ERR_CONNECTION_REFUSED @ http://localhost:5173/@vite/client:1034
[91979512ms] [ERROR] WebSocket connection to 'ws://localhost:5173/' failed: Error in connection establishment: net::ERR_CONNECTION_REFUSED @ http://localhost:5173/@vite/client:1034
[91985827ms] [ERROR] WebSocket connection to 'ws://localhost:5173/' failed: Error in connection establishment: net::ERR_CONNECTION_REFUSED @ http://localhost:5173/@vite/client:1034
[91991242ms] [ERROR] WebSocket connection to 'ws://localhost:5173/' failed: Error in connection establishment: net::ERR_CONNECTION_REFUSED @ http://localhost:5173/@vite/client:1034
[91998986ms] [ERROR] WebSocket connection to 'ws://localhost:5173/' failed: Error in connection establishment: net::ERR_CONNECTION_REFUSED @ http://localhost:5173/@vite/client:1034
[92005061ms] [ERROR] WebSocket connection to 'ws://localhost:5173/' failed: Error in connection establishment: net::ERR_CONNECTION_REFUSED @ http://localhost:5173/@vite/client:1034
[92012448ms] [ERROR] WebSocket connection to 'ws://localhost:5173/' failed: Error in connection establishment: net::ERR_CONNECTION_REFUSED @ http://localhost:5173/@vite/client:1034
[92019682ms] [ERROR] WebSocket connection to 'ws://localhost:5173/' failed: Error in connection establishment: net::ERR_CONNECTION_REFUSED @ http://localhost:5173/@vite/client:1034
[92027193ms] [ERROR] WebSocket connection to 'ws://localhost:5173/' failed: Error in connection establishment: net::ERR_CONNECTION_REFUSED @ http://localhost:5173/@vite/client:1034
[92031683ms] [ERROR] WebSocket connection to 'ws://localhost:5173/' failed: Error in connection establishment: net::ERR_CONNECTION_REFUSED @ http://localhost:5173/@vite/client:1034
[92040032ms] [ERROR] WebSocket connection to 'ws://localhost:5173/' failed: Error in connection establishment: net::ERR_CONNECTION_REFUSED @ http://localhost:5173/@vite/client:1034
[92047728ms] [ERROR] WebSocket connection to 'ws://localhost:5173/' failed: Error in connection establishment: net::ERR_CONNECTION_REFUSED @ http://localhost:5173/@vite/client:1034
[92055386ms] [ERROR] WebSocket connection to 'ws://localhost:5173/' failed: Error in connection establishment: net::ERR_CONNECTION_REFUSED @ http://localhost:5173/@vite/client:1034
[92061046ms] [ERROR] WebSocket connection to 'ws://localhost:5173/' failed: Error in connection establishment: net::ERR_CONNECTION_REFUSED @ http://localhost:5173/@vite/client:1034
[92067080ms] [ERROR] WebSocket connection to 'ws://localhost:5173/' failed: Error in connection establishment: net::ERR_CONNECTION_REFUSED @ http://localhost:5173/@vite/client:1034
[92072563ms] [ERROR] WebSocket connection to 'ws://localhost:5173/' failed: Error in connection establishment: net::ERR_CONNECTION_REFUSED @ http://localhost:5173/@vite/client:1034
[92079597ms] [ERROR] WebSocket connection to 'ws://localhost:5173/' failed: Error in connection establishment: net::ERR_CONNECTION_REFUSED @ http://localhost:5173/@vite/client:1034
[92084940ms] [ERROR] WebSocket connection to 'ws://localhost:5173/' failed: Error in connection establishment: net::ERR_CONNECTION_REFUSED @ http://localhost:5173/@vite/client:1034
[92089521ms] [ERROR] WebSocket connection to 'ws://localhost:5173/' failed: Error in connection establishment: net::ERR_CONNECTION_REFUSED @ http://localhost:5173/@vite/client:1034
[92095950ms] [ERROR] WebSocket connection to 'ws://localhost:5173/' failed: Error in connection establishment: net::ERR_CONNECTION_REFUSED @ http://localhost:5173/@vite/client:1034
[92101421ms] [ERROR] WebSocket connection to 'ws://localhost:5173/' failed: Error in connection establishment: net::ERR_CONNECTION_REFUSED @ http://localhost:5173/@vite/client:1034
[92107064ms] [ERROR] WebSocket connection to 'ws://localhost:5173/' failed: Error in connection establishment: net::ERR_CONNECTION_REFUSED @ http://localhost:5173/@vite/client:1034
[92111538ms] [ERROR] WebSocket connection to 'ws://localhost:5173/' failed: Error in connection establishment: net::ERR_CONNECTION_REFUSED @ http://localhost:5173/@vite/client:1034
[92119559ms] [ERROR] WebSocket connection to 'ws://localhost:5173/' failed: Error in connection establishment: net::ERR_CONNECTION_REFUSED @ http://localhost:5173/@vite/client:1034
[92126985ms] [ERROR] WebSocket connection to 'ws://localhost:5173/' failed: Error in connection establishment: net::ERR_CONNECTION_REFUSED @ http://localhost:5173/@vite/client:1034
[92135350ms] [ERROR] WebSocket connection to 'ws://localhost:5173/' failed: Error in connection establishment: net::ERR_CONNECTION_REFUSED @ http://localhost:5173/@vite/client:1034
[92140341ms] [ERROR] WebSocket connection to 'ws://localhost:5173/' failed: Error in connection establishment: net::ERR_CONNECTION_REFUSED @ http://localhost:5173/@vite/client:1034
[92147907ms] [ERROR] WebSocket connection to 'ws://localhost:5173/' failed: Error in connection establishment: net::ERR_CONNECTION_REFUSED @ http://localhost:5173/@vite/client:1034
[92156078ms] [ERROR] WebSocket connection to 'ws://localhost:5173/' failed: Error in connection establishment: net::ERR_CONNECTION_REFUSED @ http://localhost:5173/@vite/client:1034
[92163851ms] [ERROR] WebSocket connection to 'ws://localhost:5173/' failed: Error in connection establishment: net::ERR_CONNECTION_REFUSED @ http://localhost:5173/@vite/client:1034
[92171124ms] [ERROR] WebSocket connection to 'ws://localhost:5173/' failed: Error in connection establishment: net::ERR_CONNECTION_REFUSED @ http://localhost:5173/@vite/client:1034
[92178324ms] [ERROR] WebSocket connection to 'ws://localhost:5173/' failed: Error in connection establishment: net::ERR_CONNECTION_REFUSED @ http://localhost:5173/@vite/client:1034
[92183925ms] [ERROR] WebSocket connection to 'ws://localhost:5173/' failed: Error in connection establishment: net::ERR_CONNECTION_REFUSED @ http://localhost:5173/@vite/client:1034
[92191825ms] [ERROR] WebSocket connection to 'ws://localhost:5173/' failed: Error in connection establishment: net::ERR_CONNECTION_REFUSED @ http://localhost:5173/@vite/client:1034
[92199723ms] [ERROR] WebSocket connection to 'ws://localhost:5173/' failed: Error in connection establishment: net::ERR_CONNECTION_REFUSED @ http://localhost:5173/@vite/client:1034
[92207226ms] [ERROR] WebSocket connection to 'ws://localhost:5173/' failed: Error in connection establishment: net::ERR_CONNECTION_REFUSED @ http://localhost:5173/@vite/client:1034
[92215359ms] [ERROR] WebSocket connection to 'ws://localhost:5173/' failed: Error in connection establishment: net::ERR_CONNECTION_REFUSED @ http://localhost:5173/@vite/client:1034
[92222724ms] [ERROR] WebSocket connection to 'ws://localhost:5173/' failed: Error in connection establishment: net::ERR_CONNECTION_REFUSED @ http://localhost:5173/@vite/client:1034
[92230252ms] [ERROR] WebSocket connection to 'ws://localhost:5173/' failed: Error in connection establishment: net::ERR_CONNECTION_REFUSED @ http://localhost:5173/@vite/client:1034
[92238815ms] [ERROR] WebSocket connection to 'ws://localhost:5173/' failed: Error in connection establishment: net::ERR_CONNECTION_REFUSED @ http://localhost:5173/@vite/client:1034
[92247426ms] [ERROR] WebSocket connection to 'ws://localhost:5173/' failed: Error in connection establishment: net::ERR_CONNECTION_REFUSED @ http://localhost:5173/@vite/client:1034
[92254329ms] [ERROR] WebSocket connection to 'ws://localhost:5173/' failed: Error in connection establishment: net::ERR_CONNECTION_REFUSED @ http://localhost:5173/@vite/client:1034
[92259350ms] [ERROR] WebSocket connection to 'ws://localhost:5173/' failed: Error in connection establishment: net::ERR_CONNECTION_REFUSED @ http://localhost:5173/@vite/client:1034
[92265418ms] [ERROR] WebSocket connection to 'ws://localhost:5173/' failed: Error in connection establishment: net::ERR_CONNECTION_REFUSED @ http://localhost:5173/@vite/client:1034
[92272792ms] [ERROR] WebSocket connection to 'ws://localhost:5173/' failed: Error in connection establishment: net::ERR_CONNECTION_REFUSED @ http://localhost:5173/@vite/client:1034
[92281340ms] [ERROR] WebSocket connection to 'ws://localhost:5173/' failed: Error in connection establishment: net::ERR_CONNECTION_REFUSED @ http://localhost:5173/@vite/client:1034
[92287421ms] [ERROR] WebSocket connection to 'ws://localhost:5173/' failed: Error in connection establishment: net::ERR_CONNECTION_REFUSED @ http://localhost:5173/@vite/client:1034
[92293951ms] [ERROR] WebSocket connection to 'ws://localhost:5173/' failed: Error in connection establishment: net::ERR_CONNECTION_REFUSED @ http://localhost:5173/@vite/client:1034
[92300521ms] [ERROR] WebSocket connection to 'ws://localhost:5173/' failed: Error in connection establishment: net::ERR_CONNECTION_REFUSED @ http://localhost:5173/@vite/client:1034
[92308355ms] [ERROR] WebSocket connection to 'ws://localhost:5173/' failed: Error in connection establishment: net::ERR_CONNECTION_REFUSED @ http://localhost:5173/@vite/client:1034
[92316550ms] [ERROR] WebSocket connection to 'ws://localhost:5173/' failed: Error in connection establishment: net::ERR_CONNECTION_REFUSED @ http://localhost:5173/@vite/client:1034
[92321521ms] [ERROR] WebSocket connection to 'ws://localhost:5173/' failed: Error in connection establishment: net::ERR_CONNECTION_REFUSED @ http://localhost:5173/@vite/client:1034
[92328722ms] [ERROR] WebSocket connection to 'ws://localhost:5173/' failed: Error in connection establishment: net::ERR_CONNECTION_REFUSED @ http://localhost:5173/@vite/client:1034
[92334047ms] [ERROR] WebSocket connection to 'ws://localhost:5173/' failed: Error in connection establishment: net::ERR_CONNECTION_REFUSED @ http://localhost:5173/@vite/client:1034
[92341455ms] [ERROR] WebSocket connection to 'ws://localhost:5173/' failed: Error in connection establishment: net::ERR_CONNECTION_REFUSED @ http://localhost:5173/@vite/client:1034
[92349521ms] [ERROR] WebSocket connection to 'ws://localhost:5173/' failed: Error in connection establishment: net::ERR_CONNECTION_REFUSED @ http://localhost:5173/@vite/client:1034
[92355789ms] [ERROR] WebSocket connection to 'ws://localhost:5173/' failed: Error in connection establishment: net::ERR_CONNECTION_REFUSED @ http://localhost:5173/@vite/client:1034
[92362623ms] [ERROR] WebSocket connection to 'ws://localhost:5173/' failed: Error in connection establishment: net::ERR_CONNECTION_REFUSED @ http://localhost:5173/@vite/client:1034
[92368152ms] [ERROR] WebSocket connection to 'ws://localhost:5173/' failed: Error in connection establishment: net::ERR_CONNECTION_REFUSED @ http://localhost:5173/@vite/client:1034
[92373664ms] [ERROR] WebSocket connection to 'ws://localhost:5173/' failed: Error in connection establishment: net::ERR_CONNECTION_REFUSED @ http://localhost:5173/@vite/client:1034
[92378281ms] [ERROR] WebSocket connection to 'ws://localhost:5173/' failed: Error in connection establishment: net::ERR_CONNECTION_REFUSED @ http://localhost:5173/@vite/client:1034
[92383544ms] [ERROR] WebSocket connection to 'ws://localhost:5173/' failed: Error in connection establishment: net::ERR_CONNECTION_REFUSED @ http://localhost:5173/@vite/client:1034
[92391234ms] [ERROR] WebSocket connection to 'ws://localhost:5173/' failed: Error in connection establishment: net::ERR_CONNECTION_REFUSED @ http://localhost:5173/@vite/client:1034
[92399643ms] [ERROR] WebSocket connection to 'ws://localhost:5173/' failed: Error in connection establishment: net::ERR_CONNECTION_REFUSED @ http://localhost:5173/@vite/client:1034
[92406327ms] [ERROR] WebSocket connection to 'ws://localhost:5173/' failed: Error in connection establishment: net::ERR_CONNECTION_REFUSED @ http://localhost:5173/@vite/client:1034
[92414183ms] [ERROR] WebSocket connection to 'ws://localhost:5173/' failed: Error in connection establishment: net::ERR_CONNECTION_REFUSED @ http://localhost:5173/@vite/client:1034
[92419819ms] [ERROR] WebSocket connection to 'ws://localhost:5173/' failed: Error in connection establishment: net::ERR_CONNECTION_REFUSED @ http://localhost:5173/@vite/client:1034
[92427747ms] [ERROR] WebSocket connection to 'ws://localhost:5173/' failed: Error in connection establishment: net::ERR_CONNECTION_REFUSED @ http://localhost:5173/@vite/client:1034
[92436682ms] [ERROR] WebSocket connection to 'ws://localhost:5173/' failed: Error in connection establishment: net::ERR_CONNECTION_REFUSED @ http://localhost:5173/@vite/client:1034
[92445828ms] [ERROR] WebSocket connection to 'ws://localhost:5173/' failed: Error in connection establishment: net::ERR_CONNECTION_REFUSED @ http://localhost:5173/@vite/client:1034
[92452451ms] [ERROR] WebSocket connection to 'ws://localhost:5173/' failed: Error in connection establishment: net::ERR_CONNECTION_REFUSED @ http://localhost:5173/@vite/client:1034
[92458090ms] [ERROR] WebSocket connection to 'ws://localhost:5173/' failed: Error in connection establishment: net::ERR_CONNECTION_REFUSED @ http://localhost:5173/@vite/client:1034
[92461754ms] [ERROR] WebSocket connection to 'ws://localhost:5173/' failed: Error in connection establishment: net::ERR_CONNECTION_REFUSED @ http://localhost:5173/@vite/client:1034
[92465558ms] [ERROR] WebSocket connection to 'ws://localhost:5173/' failed: Error in connection establishment: net::ERR_CONNECTION_REFUSED @ http://localhost:5173/@vite/client:1034
[92469226ms] [ERROR] WebSocket connection to 'ws://localhost:5173/' failed: Error in connection establishment: net::ERR_CONNECTION_REFUSED @ http://localhost:5173/@vite/client:1034
[92472953ms] [ERROR] WebSocket connection to 'ws://localhost:5173/' failed: Error in connection establishment: net::ERR_CONNECTION_REFUSED @ http://localhost:5173/@vite/client:1034
[92476630ms] [ERROR] WebSocket connection to 'ws://localhost:5173/' failed: Error in connection establishment: net::ERR_CONNECTION_REFUSED @ http://localhost:5173/@vite/client:1034
[92480356ms] [ERROR] WebSocket connection to 'ws://localhost:5173/' failed: Error in connection establishment: net::ERR_CONNECTION_REFUSED @ http://localhost:5173/@vite/client:1034
[92483850ms] [ERROR] WebSocket connection to 'ws://localhost:5173/' failed: Error in connection establishment: net::ERR_CONNECTION_REFUSED @ http://localhost:5173/@vite/client:1034
[92487656ms] [ERROR] WebSocket connection to 'ws://localhost:5173/' failed: Error in connection establishment: net::ERR_CONNECTION_REFUSED @ http://localhost:5173/@vite/client:1034
[92491418ms] [ERROR] WebSocket connection to 'ws://localhost:5173/' failed: Error in connection establishment: net::ERR_CONNECTION_REFUSED @ http://localhost:5173/@vite/client:1034
[92495152ms] [ERROR] WebSocket connection to 'ws://localhost:5173/' failed: Error in connection establishment: net::ERR_CONNECTION_REFUSED @ http://localhost:5173/@vite/client:1034
[92498923ms] [ERROR] WebSocket connection to 'ws://localhost:5173/' failed: Error in connection establishment: net::ERR_CONNECTION_REFUSED @ http://localhost:5173/@vite/client:1034
[92502717ms] [ERROR] WebSocket connection to 'ws://localhost:5173/' failed: Error in connection establishment: net::ERR_CONNECTION_REFUSED @ http://localhost:5173/@vite/client:1034
[92506591ms] [ERROR] WebSocket connection to 'ws://localhost:5173/' failed: Error in connection establishment: net::ERR_CONNECTION_REFUSED @ http://localhost:5173/@vite/client:1034
[92510275ms] [ERROR] WebSocket connection to 'ws://localhost:5173/' failed: Error in connection establishment: net::ERR_CONNECTION_REFUSED @ http://localhost:5173/@vite/client:1034
[92514427ms] [ERROR] WebSocket connection to 'ws://localhost:5173/' failed: Error in connection establishment: net::ERR_CONNECTION_REFUSED @ http://localhost:5173/@vite/client:1034
[92519640ms] [ERROR] WebSocket connection to 'ws://localhost:5173/' failed: Error in connection establishment: net::ERR_CONNECTION_REFUSED @ http://localhost:5173/@vite/client:1034
[92524592ms] [ERROR] WebSocket connection to 'ws://localhost:5173/' failed: Error in connection establishment: net::ERR_CONNECTION_REFUSED @ http://localhost:5173/@vite/client:1034
[92532079ms] [ERROR] WebSocket connection to 'ws://localhost:5173/' failed: Error in connection establishment: net::ERR_CONNECTION_REFUSED @ http://localhost:5173/@vite/client:1034
[92539819ms] [ERROR] WebSocket connection to 'ws://localhost:5173/' failed: Error in connection establishment: net::ERR_CONNECTION_REFUSED @ http://localhost:5173/@vite/client:1034
[92548119ms] [ERROR] WebSocket connection to 'ws://localhost:5173/' failed: Error in connection establishment: net::ERR_CONNECTION_REFUSED @ http://localhost:5173/@vite/client:1034
[92555329ms] [ERROR] WebSocket connection to 'ws://localhost:5173/' failed: Error in connection establishment: net::ERR_CONNECTION_REFUSED @ http://localhost:5173/@vite/client:1034
[92562759ms] [ERROR] WebSocket connection to 'ws://localhost:5173/' failed: Error in connection establishment: net::ERR_CONNECTION_REFUSED @ http://localhost:5173/@vite/client:1034
[92569747ms] [ERROR] WebSocket connection to 'ws://localhost:5173/' failed: Error in connection establishment: net::ERR_CONNECTION_REFUSED @ http://localhost:5173/@vite/client:1034
[92576529ms] [ERROR] WebSocket connection to 'ws://localhost:5173/' failed: Error in connection establishment: net::ERR_CONNECTION_REFUSED @ http://localhost:5173/@vite/client:1034
[92585050ms] [ERROR] WebSocket connection to 'ws://localhost:5173/' failed: Error in connection establishment: net::ERR_CONNECTION_REFUSED @ http://localhost:5173/@vite/client:1034
[92591755ms] [ERROR] WebSocket connection to 'ws://localhost:5173/' failed: Error in connection establishment: net::ERR_CONNECTION_REFUSED @ http://localhost:5173/@vite/client:1034
[92599024ms] [ERROR] WebSocket connection to 'ws://localhost:5173/' failed: Error in connection establishment: net::ERR_CONNECTION_REFUSED @ http://localhost:5173/@vite/client:1034
[92606952ms] [ERROR] WebSocket connection to 'ws://localhost:5173/' failed: Error in connection establishment: net::ERR_CONNECTION_REFUSED @ http://localhost:5173/@vite/client:1034
[92611927ms] [ERROR] WebSocket connection to 'ws://localhost:5173/' failed: Error in connection establishment: net::ERR_CONNECTION_REFUSED @ http://localhost:5173/@vite/client:1034
[92619428ms] [ERROR] WebSocket connection to 'ws://localhost:5173/' failed: Error in connection establishment: net::ERR_CONNECTION_REFUSED @ http://localhost:5173/@vite/client:1034
[92624228ms] [ERROR] WebSocket connection to 'ws://localhost:5173/' failed: Error in connection establishment: net::ERR_CONNECTION_REFUSED @ http://localhost:5173/@vite/client:1034
[92632556ms] [ERROR] WebSocket connection to 'ws://localhost:5173/' failed: Error in connection establishment: net::ERR_CONNECTION_REFUSED @ http://localhost:5173/@vite/client:1034
[92638430ms] [ERROR] WebSocket connection to 'ws://localhost:5173/' failed: Error in connection establishment: net::ERR_CONNECTION_REFUSED @ http://localhost:5173/@vite/client:1034
[92646555ms] [ERROR] WebSocket connection to 'ws://localhost:5173/' failed: Error in connection establishment: net::ERR_CONNECTION_REFUSED @ http://localhost:5173/@vite/client:1034
[92654231ms] [ERROR] WebSocket connection to 'ws://localhost:5173/' failed: Error in connection establishment: net::ERR_CONNECTION_REFUSED @ http://localhost:5173/@vite/client:1034
[92659447ms] [ERROR] WebSocket connection to 'ws://localhost:5173/' failed: Error in connection establishment: net::ERR_CONNECTION_REFUSED @ http://localhost:5173/@vite/client:1034
[92666619ms] [ERROR] WebSocket connection to 'ws://localhost:5173/' failed: Error in connection establishment: net::ERR_CONNECTION_REFUSED @ http://localhost:5173/@vite/client:1034
[92672042ms] [ERROR] WebSocket connection to 'ws://localhost:5173/' failed: Error in connection establishment: net::ERR_CONNECTION_REFUSED @ http://localhost:5173/@vite/client:1034
[92679874ms] [ERROR] WebSocket connection to 'ws://localhost:5173/' failed: Error in connection establishment: net::ERR_CONNECTION_REFUSED @ http://localhost:5173/@vite/client:1034
[92685677ms] [ERROR] WebSocket connection to 'ws://localhost:5173/' failed: Error in connection establishment: net::ERR_CONNECTION_REFUSED @ http://localhost:5173/@vite/client:1034
[92693791ms] [ERROR] WebSocket connection to 'ws://localhost:5173/' failed: Error in connection establishment: net::ERR_CONNECTION_REFUSED @ http://localhost:5173/@vite/client:1034
[92701329ms] [ERROR] WebSocket connection to 'ws://localhost:5173/' failed: Error in connection establishment: net::ERR_CONNECTION_REFUSED @ http://localhost:5173/@vite/client:1034
[92708186ms] [ERROR] WebSocket connection to 'ws://localhost:5173/' failed: Error in connection establishment: net::ERR_CONNECTION_REFUSED @ http://localhost:5173/@vite/client:1034
[92714964ms] [ERROR] WebSocket connection to 'ws://localhost:5173/' failed: Error in connection establishment: net::ERR_CONNECTION_REFUSED @ http://localhost:5173/@vite/client:1034
[92721404ms] [ERROR] WebSocket connection to 'ws://localhost:5173/' failed: Error in connection establishment: net::ERR_CONNECTION_REFUSED @ http://localhost:5173/@vite/client:1034
[92729736ms] [ERROR] WebSocket connection to 'ws://localhost:5173/' failed: Error in connection establishment: net::ERR_CONNECTION_REFUSED @ http://localhost:5173/@vite/client:1034
[92734393ms] [ERROR] WebSocket connection to 'ws://localhost:5173/' failed: Error in connection establishment: net::ERR_CONNECTION_REFUSED @ http://localhost:5173/@vite/client:1034
[92740548ms] [ERROR] WebSocket connection to 'ws://localhost:5173/' failed: Error in connection establishment: net::ERR_CONNECTION_REFUSED @ http://localhost:5173/@vite/client:1034
[92747333ms] [ERROR] WebSocket connection to 'ws://localhost:5173/' failed: Error in connection establishment: net::ERR_CONNECTION_REFUSED @ http://localhost:5173/@vite/client:1034
[92754966ms] [ERROR] WebSocket connection to 'ws://localhost:5173/' failed: Error in connection establishment: net::ERR_CONNECTION_REFUSED @ http://localhost:5173/@vite/client:1034
[92762643ms] [ERROR] WebSocket connection to 'ws://localhost:5173/' failed: Error in connection establishment: net::ERR_CONNECTION_REFUSED @ http://localhost:5173/@vite/client:1034
[92769360ms] [ERROR] WebSocket connection to 'ws://localhost:5173/' failed: Error in connection establishment: net::ERR_CONNECTION_REFUSED @ http://localhost:5173/@vite/client:1034
[92774510ms] [ERROR] WebSocket connection to 'ws://localhost:5173/' failed: Error in connection establishment: net::ERR_CONNECTION_REFUSED @ http://localhost:5173/@vite/client:1034
[92780508ms] [ERROR] WebSocket connection to 'ws://localhost:5173/' failed: Error in connection establishment: net::ERR_CONNECTION_REFUSED @ http://localhost:5173/@vite/client:1034
[92788254ms] [ERROR] WebSocket connection to 'ws://localhost:5173/' failed: Error in connection establishment: net::ERR_CONNECTION_REFUSED @ http://localhost:5173/@vite/client:1034
[92795022ms] [ERROR] WebSocket connection to 'ws://localhost:5173/' failed: Error in connection establishment: net::ERR_CONNECTION_REFUSED @ http://localhost:5173/@vite/client:1034
[92800117ms] [ERROR] WebSocket connection to 'ws://localhost:5173/' failed: Error in connection establishment: net::ERR_CONNECTION_REFUSED @ http://localhost:5173/@vite/client:1034
[92805257ms] [ERROR] WebSocket connection to 'ws://localhost:5173/' failed: Error in connection establishment: net::ERR_CONNECTION_REFUSED @ http://localhost:5173/@vite/client:1034
[92810023ms] [ERROR] WebSocket connection to 'ws://localhost:5173/' failed: Error in connection establishment: net::ERR_CONNECTION_REFUSED @ http://localhost:5173/@vite/client:1034
[92816822ms] [ERROR] WebSocket connection to 'ws://localhost:5173/' failed: Error in connection establishment: net::ERR_CONNECTION_REFUSED @ http://localhost:5173/@vite/client:1034
[92824633ms] [ERROR] WebSocket connection to 'ws://localhost:5173/' failed: Error in connection establishment: net::ERR_CONNECTION_REFUSED @ http://localhost:5173/@vite/client:1034
[92829816ms] [ERROR] WebSocket connection to 'ws://localhost:5173/' failed: Error in connection establishment: net::ERR_CONNECTION_REFUSED @ http://localhost:5173/@vite/client:1034
[92837791ms] [ERROR] WebSocket connection to 'ws://localhost:5173/' failed: Error in connection establishment: net::ERR_CONNECTION_REFUSED @ http://localhost:5173/@vite/client:1034
[92845822ms] [ERROR] WebSocket connection to 'ws://localhost:5173/' failed: Error in connection establishment: net::ERR_CONNECTION_REFUSED @ http://localhost:5173/@vite/client:1034
[92851389ms] [ERROR] WebSocket connection to 'ws://localhost:5173/' failed: Error in connection establishment: net::ERR_CONNECTION_REFUSED @ http://localhost:5173/@vite/client:1034
[92856344ms] [ERROR] WebSocket connection to 'ws://localhost:5173/' failed: Error in connection establishment: net::ERR_CONNECTION_REFUSED @ http://localhost:5173/@vite/client:1034
[92861989ms] [ERROR] WebSocket connection to 'ws://localhost:5173/' failed: Error in connection establishment: net::ERR_CONNECTION_REFUSED @ http://localhost:5173/@vite/client:1034
[92866619ms] [ERROR] WebSocket connection to 'ws://localhost:5173/' failed: Error in connection establishment: net::ERR_CONNECTION_REFUSED @ http://localhost:5173/@vite/client:1034
[92871677ms] [ERROR] WebSocket connection to 'ws://localhost:5173/' failed: Error in connection establishment: net::ERR_CONNECTION_REFUSED @ http://localhost:5173/@vite/client:1034
[92877775ms] [ERROR] WebSocket connection to 'ws://localhost:5173/' failed: Error in connection establishment: net::ERR_CONNECTION_REFUSED @ http://localhost:5173/@vite/client:1034
[92882886ms] [ERROR] WebSocket connection to 'ws://localhost:5173/' failed: Error in connection establishment: net::ERR_CONNECTION_REFUSED @ http://localhost:5173/@vite/client:1034
[92890023ms] [ERROR] WebSocket connection to 'ws://localhost:5173/' failed: Error in connection establishment: net::ERR_CONNECTION_REFUSED @ http://localhost:5173/@vite/client:1034
[92894510ms] [ERROR] WebSocket connection to 'ws://localhost:5173/' failed: Error in connection establishment: net::ERR_CONNECTION_REFUSED @ http://localhost:5173/@vite/client:1034
[92899019ms] [ERROR] WebSocket connection to 'ws://localhost:5173/' failed: Error in connection establishment: net::ERR_CONNECTION_REFUSED @ http://localhost:5173/@vite/client:1034
[92906843ms] [ERROR] WebSocket connection to 'ws://localhost:5173/' failed: Error in connection establishment: net::ERR_CONNECTION_REFUSED @ http://localhost:5173/@vite/client:1034
[92914082ms] [ERROR] WebSocket connection to 'ws://localhost:5173/' failed: Error in connection establishment: net::ERR_CONNECTION_REFUSED @ http://localhost:5173/@vite/client:1034
[92920911ms] [ERROR] WebSocket connection to 'ws://localhost:5173/' failed: Error in connection establishment: net::ERR_CONNECTION_REFUSED @ http://localhost:5173/@vite/client:1034
[92927992ms] [ERROR] WebSocket connection to 'ws://localhost:5173/' failed: Error in connection establishment: net::ERR_CONNECTION_REFUSED @ http://localhost:5173/@vite/client:1034
[92933174ms] [ERROR] WebSocket connection to 'ws://localhost:5173/' failed: Error in connection establishment: net::ERR_CONNECTION_REFUSED @ http://localhost:5173/@vite/client:1034
[92940648ms] [ERROR] WebSocket connection to 'ws://localhost:5173/' failed: Error in connection establishment: net::ERR_CONNECTION_REFUSED @ http://localhost:5173/@vite/client:1034
[92947745ms] [ERROR] WebSocket connection to 'ws://localhost:5173/' failed: Error in connection establishment: net::ERR_CONNECTION_REFUSED @ http://localhost:5173/@vite/client:1034
[92956302ms] [ERROR] WebSocket connection to 'ws://localhost:5173/' failed: Error in connection establishment: net::ERR_CONNECTION_REFUSED @ http://localhost:5173/@vite/client:1034
[92960718ms] [ERROR] WebSocket connection to 'ws://localhost:5173/' failed: Error in connection establishment: net::ERR_CONNECTION_REFUSED @ http://localhost:5173/@vite/client:1034
[92966661ms] [ERROR] WebSocket connection to 'ws://localhost:5173/' failed: Error in connection establishment: net::ERR_CONNECTION_REFUSED @ http://localhost:5173/@vite/client:1034
[92974156ms] [ERROR] WebSocket connection to 'ws://localhost:5173/' failed: Error in connection establishment: net::ERR_CONNECTION_REFUSED @ http://localhost:5173/@vite/client:1034
[92982046ms] [ERROR] WebSocket connection to 'ws://localhost:5173/' failed: Error in connection establishment: net::ERR_CONNECTION_REFUSED @ http://localhost:5173/@vite/client:1034
[92987838ms] [ERROR] WebSocket connection to 'ws://localhost:5173/' failed: Error in connection establishment: net::ERR_CONNECTION_REFUSED @ http://localhost:5173/@vite/client:1034
[92994102ms] [ERROR] WebSocket connection to 'ws://localhost:5173/' failed: Error in connection establishment: net::ERR_CONNECTION_REFUSED @ http://localhost:5173/@vite/client:1034
[93002855ms] [ERROR] WebSocket connection to 'ws://localhost:5173/' failed: Error in connection establishment: net::ERR_CONNECTION_REFUSED @ http://localhost:5173/@vite/client:1034
[93009222ms] [ERROR] WebSocket connection to 'ws://localhost:5173/' failed: Error in connection establishment: net::ERR_CONNECTION_REFUSED @ http://localhost:5173/@vite/client:1034
[93015138ms] [ERROR] WebSocket connection to 'ws://localhost:5173/' failed: Error in connection establishment: net::ERR_CONNECTION_REFUSED @ http://localhost:5173/@vite/client:1034
[93021255ms] [ERROR] WebSocket connection to 'ws://localhost:5173/' failed: Error in connection establishment: net::ERR_CONNECTION_REFUSED @ http://localhost:5173/@vite/client:1034
[93026025ms] [ERROR] WebSocket connection to 'ws://localhost:5173/' failed: Error in connection establishment: net::ERR_CONNECTION_REFUSED @ http://localhost:5173/@vite/client:1034
[93034512ms] [ERROR] WebSocket connection to 'ws://localhost:5173/' failed: Error in connection establishment: net::ERR_CONNECTION_REFUSED @ http://localhost:5173/@vite/client:1034
[93040011ms] [ERROR] WebSocket connection to 'ws://localhost:5173/' failed: Error in connection establishment: net::ERR_CONNECTION_REFUSED @ http://localhost:5173/@vite/client:1034
[93047320ms] [ERROR] WebSocket connection to 'ws://localhost:5173/' failed: Error in connection establishment: net::ERR_CONNECTION_REFUSED @ http://localhost:5173/@vite/client:1034
[93053736ms] [ERROR] WebSocket connection to 'ws://localhost:5173/' failed: Error in connection establishment: net::ERR_CONNECTION_REFUSED @ http://localhost:5173/@vite/client:1034
[93059581ms] [ERROR] WebSocket connection to 'ws://localhost:5173/' failed: Error in connection establishment: net::ERR_CONNECTION_REFUSED @ http://localhost:5173/@vite/client:1034
[93067409ms] [ERROR] WebSocket connection to 'ws://localhost:5173/' failed: Error in connection establishment: net::ERR_CONNECTION_REFUSED @ http://localhost:5173/@vite/client:1034
[93071836ms] [ERROR] WebSocket connection to 'ws://localhost:5173/' failed: Error in connection establishment: net::ERR_CONNECTION_REFUSED @ http://localhost:5173/@vite/client:1034
[93079882ms] [ERROR] WebSocket connection to 'ws://localhost:5173/' failed: Error in connection establishment: net::ERR_CONNECTION_REFUSED @ http://localhost:5173/@vite/client:1034
[93086707ms] [ERROR] WebSocket connection to 'ws://localhost:5173/' failed: Error in connection establishment: net::ERR_CONNECTION_REFUSED @ http://localhost:5173/@vite/client:1034
[93092700ms] [ERROR] WebSocket connection to 'ws://localhost:5173/' failed: Error in connection establishment: net::ERR_CONNECTION_REFUSED @ http://localhost:5173/@vite/client:1034
[93100735ms] [ERROR] WebSocket connection to 'ws://localhost:5173/' failed: Error in connection establishment: net::ERR_CONNECTION_REFUSED @ http://localhost:5173/@vite/client:1034
[93107580ms] [ERROR] WebSocket connection to 'ws://localhost:5173/' failed: Error in connection establishment: net::ERR_CONNECTION_REFUSED @ http://localhost:5173/@vite/client:1034
[93114537ms] [ERROR] WebSocket connection to 'ws://localhost:5173/' failed: Error in connection establishment: net::ERR_CONNECTION_REFUSED @ http://localhost:5173/@vite/client:1034
[93119711ms] [ERROR] WebSocket connection to 'ws://localhost:5173/' failed: Error in connection establishment: net::ERR_CONNECTION_REFUSED @ http://localhost:5173/@vite/client:1034
[93126278ms] [ERROR] WebSocket connection to 'ws://localhost:5173/' failed: Error in connection establishment: net::ERR_CONNECTION_REFUSED @ http://localhost:5173/@vite/client:1034
[93131334ms] [ERROR] WebSocket connection to 'ws://localhost:5173/' failed: Error in connection establishment: net::ERR_CONNECTION_REFUSED @ http://localhost:5173/@vite/client:1034
[93138621ms] [ERROR] WebSocket connection to 'ws://localhost:5173/' failed: Error in connection establishment: net::ERR_CONNECTION_REFUSED @ http://localhost:5173/@vite/client:1034
[93143987ms] [ERROR] WebSocket connection to 'ws://localhost:5173/' failed: Error in connection establishment: net::ERR_CONNECTION_REFUSED @ http://localhost:5173/@vite/client:1034
[93152351ms] [ERROR] WebSocket connection to 'ws://localhost:5173/' failed: Error in connection establishment: net::ERR_CONNECTION_REFUSED @ http://localhost:5173/@vite/client:1034
[93161115ms] [ERROR] WebSocket connection to 'ws://localhost:5173/' failed: Error in connection establishment: net::ERR_CONNECTION_REFUSED @ http://localhost:5173/@vite/client:1034
[93168992ms] [ERROR] WebSocket connection to 'ws://localhost:5173/' failed: Error in connection establishment: net::ERR_CONNECTION_REFUSED @ http://localhost:5173/@vite/client:1034
[93174336ms] [ERROR] WebSocket connection to 'ws://localhost:5173/' failed: Error in connection establishment: net::ERR_CONNECTION_REFUSED @ http://localhost:5173/@vite/client:1034
[93179874ms] [ERROR] WebSocket connection to 'ws://localhost:5173/' failed: Error in connection establishment: net::ERR_CONNECTION_REFUSED @ http://localhost:5173/@vite/client:1034
[93187968ms] [ERROR] WebSocket connection to 'ws://localhost:5173/' failed: Error in connection establishment: net::ERR_CONNECTION_REFUSED @ http://localhost:5173/@vite/client:1034
[93195181ms] [ERROR] WebSocket connection to 'ws://localhost:5173/' failed: Error in connection establishment: net::ERR_CONNECTION_REFUSED @ http://localhost:5173/@vite/client:1034
[93200764ms] [ERROR] WebSocket connection to 'ws://localhost:5173/' failed: Error in connection establishment: net::ERR_CONNECTION_REFUSED @ http://localhost:5173/@vite/client:1034
[93208917ms] [ERROR] WebSocket connection to 'ws://localhost:5173/' failed: Error in connection establishment: net::ERR_CONNECTION_REFUSED @ http://localhost:5173/@vite/client:1034
[93216637ms] [ERROR] WebSocket connection to 'ws://localhost:5173/' failed: Error in connection establishment: net::ERR_CONNECTION_REFUSED @ http://localhost:5173/@vite/client:1034
[93224508ms] [ERROR] WebSocket connection to 'ws://localhost:5173/' failed: Error in connection establishment: net::ERR_CONNECTION_REFUSED @ http://localhost:5173/@vite/client:1034
[93229691ms] [ERROR] WebSocket connection to 'ws://localhost:5173/' failed: Error in connection establishment: net::ERR_CONNECTION_REFUSED @ http://localhost:5173/@vite/client:1034
[93237672ms] [ERROR] WebSocket connection to 'ws://localhost:5173/' failed: Error in connection establishment: net::ERR_CONNECTION_REFUSED @ http://localhost:5173/@vite/client:1034
[93243524ms] [ERROR] WebSocket connection to 'ws://localhost:5173/' failed: Error in connection establishment: net::ERR_CONNECTION_REFUSED @ http://localhost:5173/@vite/client:1034
[93251390ms] [ERROR] WebSocket connection to 'ws://localhost:5173/' failed: Error in connection establishment: net::ERR_CONNECTION_REFUSED @ http://localhost:5173/@vite/client:1034
[93259274ms] [ERROR] WebSocket connection to 'ws://localhost:5173/' failed: Error in connection establishment: net::ERR_CONNECTION_REFUSED @ http://localhost:5173/@vite/client:1034
[93267828ms] [ERROR] WebSocket connection to 'ws://localhost:5173/' failed: Error in connection establishment: net::ERR_CONNECTION_REFUSED @ http://localhost:5173/@vite/client:1034
[93275072ms] [ERROR] WebSocket connection to 'ws://localhost:5173/' failed: Error in connection establishment: net::ERR_CONNECTION_REFUSED @ http://localhost:5173/@vite/client:1034
[93283337ms] [ERROR] WebSocket connection to 'ws://localhost:5173/' failed: Error in connection establishment: net::ERR_CONNECTION_REFUSED @ http://localhost:5173/@vite/client:1034
[93291879ms] [ERROR] WebSocket connection to 'ws://localhost:5173/' failed: Error in connection establishment: net::ERR_CONNECTION_REFUSED @ http://localhost:5173/@vite/client:1034
[93299881ms] [ERROR] WebSocket connection to 'ws://localhost:5173/' failed: Error in connection establishment: net::ERR_CONNECTION_REFUSED @ http://localhost:5173/@vite/client:1034
[93307225ms] [ERROR] WebSocket connection to 'ws://localhost:5173/' failed: Error in connection establishment: net::ERR_CONNECTION_REFUSED @ http://localhost:5173/@vite/client:1034
[93312482ms] [ERROR] WebSocket connection to 'ws://localhost:5173/' failed: Error in connection establishment: net::ERR_CONNECTION_REFUSED @ http://localhost:5173/@vite/client:1034
[93320209ms] [ERROR] WebSocket connection to 'ws://localhost:5173/' failed: Error in connection establishment: net::ERR_CONNECTION_REFUSED @ http://localhost:5173/@vite/client:1034
[93325335ms] [ERROR] WebSocket connection to 'ws://localhost:5173/' failed: Error in connection establishment: net::ERR_CONNECTION_REFUSED @ http://localhost:5173/@vite/client:1034
[93330630ms] [ERROR] WebSocket connection to 'ws://localhost:5173/' failed: Error in connection establishment: net::ERR_CONNECTION_REFUSED @ http://localhost:5173/@vite/client:1034
[93336378ms] [ERROR] WebSocket connection to 'ws://localhost:5173/' failed: Error in connection establishment: net::ERR_CONNECTION_REFUSED @ http://localhost:5173/@vite/client:1034
[93343717ms] [ERROR] WebSocket connection to 'ws://localhost:5173/' failed: Error in connection establishment: net::ERR_CONNECTION_REFUSED @ http://localhost:5173/@vite/client:1034
[93350280ms] [ERROR] WebSocket connection to 'ws://localhost:5173/' failed: Error in connection establishment: net::ERR_CONNECTION_REFUSED @ http://localhost:5173/@vite/client:1034
[93358999ms] [ERROR] WebSocket connection to 'ws://localhost:5173/' failed: Error in connection establishment: net::ERR_CONNECTION_REFUSED @ http://localhost:5173/@vite/client:1034
[93365966ms] [ERROR] WebSocket connection to 'ws://localhost:5173/' failed: Error in connection establishment: net::ERR_CONNECTION_REFUSED @ http://localhost:5173/@vite/client:1034
[93373575ms] [ERROR] WebSocket connection to 'ws://localhost:5173/' failed: Error in connection establishment: net::ERR_CONNECTION_REFUSED @ http://localhost:5173/@vite/client:1034
[93381911ms] [ERROR] WebSocket connection to 'ws://localhost:5173/' failed: Error in connection establishment: net::ERR_CONNECTION_REFUSED @ http://localhost:5173/@vite/client:1034
[93389731ms] [ERROR] WebSocket connection to 'ws://localhost:5173/' failed: Error in connection establishment: net::ERR_CONNECTION_REFUSED @ http://localhost:5173/@vite/client:1034
[93396765ms] [ERROR] WebSocket connection to 'ws://localhost:5173/' failed: Error in connection establishment: net::ERR_CONNECTION_REFUSED @ http://localhost:5173/@vite/client:1034
[93405419ms] [ERROR] WebSocket connection to 'ws://localhost:5173/' failed: Error in connection establishment: net::ERR_CONNECTION_REFUSED @ http://localhost:5173/@vite/client:1034
[93411768ms] [ERROR] WebSocket connection to 'ws://localhost:5173/' failed: Error in connection establishment: net::ERR_CONNECTION_REFUSED @ http://localhost:5173/@vite/client:1034
[93416681ms] [ERROR] WebSocket connection to 'ws://localhost:5173/' failed: Error in connection establishment: net::ERR_CONNECTION_REFUSED @ http://localhost:5173/@vite/client:1034
[93422912ms] [ERROR] WebSocket connection to 'ws://localhost:5173/' failed: Error in connection establishment: net::ERR_CONNECTION_REFUSED @ http://localhost:5173/@vite/client:1034
[93431032ms] [ERROR] WebSocket connection to 'ws://localhost:5173/' failed: Error in connection establishment: net::ERR_CONNECTION_REFUSED @ http://localhost:5173/@vite/client:1034
[93438091ms] [ERROR] WebSocket connection to 'ws://localhost:5173/' failed: Error in connection establishment: net::ERR_CONNECTION_REFUSED @ http://localhost:5173/@vite/client:1034
[93445709ms] [ERROR] WebSocket connection to 'ws://localhost:5173/' failed: Error in connection establishment: net::ERR_CONNECTION_REFUSED @ http://localhost:5173/@vite/client:1034
[93451266ms] [ERROR] WebSocket connection to 'ws://localhost:5173/' failed: Error in connection establishment: net::ERR_CONNECTION_REFUSED @ http://localhost:5173/@vite/client:1034
[93459492ms] [ERROR] WebSocket connection to 'ws://localhost:5173/' failed: Error in connection establishment: net::ERR_CONNECTION_REFUSED @ http://localhost:5173/@vite/client:1034
[93466383ms] [ERROR] WebSocket connection to 'ws://localhost:5173/' failed: Error in connection establishment: net::ERR_CONNECTION_REFUSED @ http://localhost:5173/@vite/client:1034
[93472670ms] [ERROR] WebSocket connection to 'ws://localhost:5173/' failed: Error in connection establishment: net::ERR_CONNECTION_REFUSED @ http://localhost:5173/@vite/client:1034
[93480240ms] [ERROR] WebSocket connection to 'ws://localhost:5173/' failed: Error in connection establishment: net::ERR_CONNECTION_REFUSED @ http://localhost:5173/@vite/client:1034
[93486393ms] [ERROR] WebSocket connection to 'ws://localhost:5173/' failed: Error in connection establishment: net::ERR_CONNECTION_REFUSED @ http://localhost:5173/@vite/client:1034
[93494886ms] [ERROR] WebSocket connection to 'ws://localhost:5173/' failed: Error in connection establishment: net::ERR_CONNECTION_REFUSED @ http://localhost:5173/@vite/client:1034
[93500132ms] [ERROR] WebSocket connection to 'ws://localhost:5173/' failed: Error in connection establishment: net::ERR_CONNECTION_REFUSED @ http://localhost:5173/@vite/client:1034
[93506764ms] [ERROR] WebSocket connection to 'ws://localhost:5173/' failed: Error in connection establishment: net::ERR_CONNECTION_REFUSED @ http://localhost:5173/@vite/client:1034
[93515082ms] [ERROR] WebSocket connection to 'ws://localhost:5173/' failed: Error in connection establishment: net::ERR_CONNECTION_REFUSED @ http://localhost:5173/@vite/client:1034
[93520436ms] [ERROR] WebSocket connection to 'ws://localhost:5173/' failed: Error in connection establishment: net::ERR_CONNECTION_REFUSED @ http://localhost:5173/@vite/client:1034
[93526020ms] [ERROR] WebSocket connection to 'ws://localhost:5173/' failed: Error in connection establishment: net::ERR_CONNECTION_REFUSED @ http://localhost:5173/@vite/client:1034
[93534475ms] [ERROR] WebSocket connection to 'ws://localhost:5173/' failed: Error in connection establishment: net::ERR_CONNECTION_REFUSED @ http://localhost:5173/@vite/client:1034
[93541186ms] [ERROR] WebSocket connection to 'ws://localhost:5173/' failed: Error in connection establishment: net::ERR_CONNECTION_REFUSED @ http://localhost:5173/@vite/client:1034
[93549891ms] [ERROR] WebSocket connection to 'ws://localhost:5173/' failed: Error in connection establishment: net::ERR_CONNECTION_REFUSED @ http://localhost:5173/@vite/client:1034
[93556513ms] [ERROR] WebSocket connection to 'ws://localhost:5173/' failed: Error in connection establishment: net::ERR_CONNECTION_REFUSED @ http://localhost:5173/@vite/client:1034
[93564690ms] [ERROR] WebSocket connection to 'ws://localhost:5173/' failed: Error in connection establishment: net::ERR_CONNECTION_REFUSED @ http://localhost:5173/@vite/client:1034
[93570536ms] [ERROR] WebSocket connection to 'ws://localhost:5173/' failed: Error in connection establishment: net::ERR_CONNECTION_REFUSED @ http://localhost:5173/@vite/client:1034
[93575774ms] [ERROR] WebSocket connection to 'ws://localhost:5173/' failed: Error in connection establishment: net::ERR_CONNECTION_REFUSED @ http://localhost:5173/@vite/client:1034
[93584265ms] [ERROR] WebSocket connection to 'ws://localhost:5173/' failed: Error in connection establishment: net::ERR_CONNECTION_REFUSED @ http://localhost:5173/@vite/client:1034
[93591125ms] [ERROR] WebSocket connection to 'ws://localhost:5173/' failed: Error in connection establishment: net::ERR_CONNECTION_REFUSED @ http://localhost:5173/@vite/client:1034
[93599484ms] [ERROR] WebSocket connection to 'ws://localhost:5173/' failed: Error in connection establishment: net::ERR_CONNECTION_REFUSED @ http://localhost:5173/@vite/client:1034
[93606782ms] [ERROR] WebSocket connection to 'ws://localhost:5173/' failed: Error in connection establishment: net::ERR_CONNECTION_REFUSED @ http://localhost:5173/@vite/client:1034
[93615234ms] [ERROR] WebSocket connection to 'ws://localhost:5173/' failed: Error in connection establishment: net::ERR_CONNECTION_REFUSED @ http://localhost:5173/@vite/client:1034
[93620618ms] [ERROR] WebSocket connection to 'ws://localhost:5173/' failed: Error in connection establishment: net::ERR_CONNECTION_REFUSED @ http://localhost:5173/@vite/client:1034
[93626224ms] [ERROR] WebSocket connection to 'ws://localhost:5173/' failed: Error in connection establishment: net::ERR_CONNECTION_REFUSED @ http://localhost:5173/@vite/client:1034
[93632966ms] [ERROR] WebSocket connection to 'ws://localhost:5173/' failed: Error in connection establishment: net::ERR_CONNECTION_REFUSED @ http://localhost:5173/@vite/client:1034
[93640074ms] [ERROR] WebSocket connection to 'ws://localhost:5173/' failed: Error in connection establishment: net::ERR_CONNECTION_REFUSED @ http://localhost:5173/@vite/client:1034
[93645888ms] [ERROR] WebSocket connection to 'ws://localhost:5173/' failed: Error in connection establishment: net::ERR_CONNECTION_REFUSED @ http://localhost:5173/@vite/client:1034
[93652332ms] [ERROR] WebSocket connection to 'ws://localhost:5173/' failed: Error in connection establishment: net::ERR_CONNECTION_REFUSED @ http://localhost:5173/@vite/client:1034
[93660771ms] [ERROR] WebSocket connection to 'ws://localhost:5173/' failed: Error in connection establishment: net::ERR_CONNECTION_REFUSED @ http://localhost:5173/@vite/client:1034
[93666629ms] [ERROR] WebSocket connection to 'ws://localhost:5173/' failed: Error in connection establishment: net::ERR_CONNECTION_REFUSED @ http://localhost:5173/@vite/client:1034
[93674019ms] [ERROR] WebSocket connection to 'ws://localhost:5173/' failed: Error in connection establishment: net::ERR_CONNECTION_REFUSED @ http://localhost:5173/@vite/client:1034
[93681294ms] [ERROR] WebSocket connection to 'ws://localhost:5173/' failed: Error in connection establishment: net::ERR_CONNECTION_REFUSED @ http://localhost:5173/@vite/client:1034
[93687867ms] [ERROR] WebSocket connection to 'ws://localhost:5173/' failed: Error in connection establishment: net::ERR_CONNECTION_REFUSED @ http://localhost:5173/@vite/client:1034
[93693517ms] [ERROR] WebSocket connection to 'ws://localhost:5173/' failed: Error in connection establishment: net::ERR_CONNECTION_REFUSED @ http://localhost:5173/@vite/client:1034
[93701836ms] [ERROR] WebSocket connection to 'ws://localhost:5173/' failed: Error in connection establishment: net::ERR_CONNECTION_REFUSED @ http://localhost:5173/@vite/client:1034
[93710032ms] [ERROR] WebSocket connection to 'ws://localhost:5173/' failed: Error in connection establishment: net::ERR_CONNECTION_REFUSED @ http://localhost:5173/@vite/client:1034
[93715231ms] [ERROR] WebSocket connection to 'ws://localhost:5173/' failed: Error in connection establishment: net::ERR_CONNECTION_REFUSED @ http://localhost:5173/@vite/client:1034
[93722484ms] [ERROR] WebSocket connection to 'ws://localhost:5173/' failed: Error in connection establishment: net::ERR_CONNECTION_REFUSED @ http://localhost:5173/@vite/client:1034
[93727332ms] [ERROR] WebSocket connection to 'ws://localhost:5173/' failed: Error in connection establishment: net::ERR_CONNECTION_REFUSED @ http://localhost:5173/@vite/client:1034
[93734967ms] [ERROR] WebSocket connection to 'ws://localhost:5173/' failed: Error in connection establishment: net::ERR_CONNECTION_REFUSED @ http://localhost:5173/@vite/client:1034
[93741890ms] [ERROR] WebSocket connection to 'ws://localhost:5173/' failed: Error in connection establishment: net::ERR_CONNECTION_REFUSED @ http://localhost:5173/@vite/client:1034
[93747189ms] [ERROR] WebSocket connection to 'ws://localhost:5173/' failed: Error in connection establishment: net::ERR_CONNECTION_REFUSED @ http://localhost:5173/@vite/client:1034
[93754975ms] [ERROR] WebSocket connection to 'ws://localhost:5173/' failed: Error in connection establishment: net::ERR_CONNECTION_REFUSED @ http://localhost:5173/@vite/client:1034
[93763173ms] [ERROR] WebSocket connection to 'ws://localhost:5173/' failed: Error in connection establishment: net::ERR_CONNECTION_REFUSED @ http://localhost:5173/@vite/client:1034
[93768939ms] [ERROR] WebSocket connection to 'ws://localhost:5173/' failed: Error in connection establishment: net::ERR_CONNECTION_REFUSED @ http://localhost:5173/@vite/client:1034
[93776012ms] [ERROR] WebSocket connection to 'ws://localhost:5173/' failed: Error in connection establishment: net::ERR_CONNECTION_REFUSED @ http://localhost:5173/@vite/client:1034
[93783275ms] [ERROR] WebSocket connection to 'ws://localhost:5173/' failed: Error in connection establishment: net::ERR_CONNECTION_REFUSED @ http://localhost:5173/@vite/client:1034
[93791536ms] [ERROR] WebSocket connection to 'ws://localhost:5173/' failed: Error in connection establishment: net::ERR_CONNECTION_REFUSED @ http://localhost:5173/@vite/client:1034
[93797774ms] [ERROR] WebSocket connection to 'ws://localhost:5173/' failed: Error in connection establishment: net::ERR_CONNECTION_REFUSED @ http://localhost:5173/@vite/client:1034
[93803317ms] [ERROR] WebSocket connection to 'ws://localhost:5173/' failed: Error in connection establishment: net::ERR_CONNECTION_REFUSED @ http://localhost:5173/@vite/client:1034
[93810592ms] [ERROR] WebSocket connection to 'ws://localhost:5173/' failed: Error in connection establishment: net::ERR_CONNECTION_REFUSED @ http://localhost:5173/@vite/client:1034
[93818365ms] [ERROR] WebSocket connection to 'ws://localhost:5173/' failed: Error in connection establishment: net::ERR_CONNECTION_REFUSED @ http://localhost:5173/@vite/client:1034
[93825363ms] [ERROR] WebSocket connection to 'ws://localhost:5173/' failed: Error in connection establishment: net::ERR_CONNECTION_REFUSED @ http://localhost:5173/@vite/client:1034
[93833810ms] [ERROR] WebSocket connection to 'ws://localhost:5173/' failed: Error in connection establishment: net::ERR_CONNECTION_REFUSED @ http://localhost:5173/@vite/client:1034
[93839537ms] [ERROR] WebSocket connection to 'ws://localhost:5173/' failed: Error in connection establishment: net::ERR_CONNECTION_REFUSED @ http://localhost:5173/@vite/client:1034
[93847137ms] [ERROR] WebSocket connection to 'ws://localhost:5173/' failed: Error in connection establishment: net::ERR_CONNECTION_REFUSED @ http://localhost:5173/@vite/client:1034
[93854321ms] [ERROR] WebSocket connection to 'ws://localhost:5173/' failed: Error in connection establishment: net::ERR_CONNECTION_REFUSED @ http://localhost:5173/@vite/client:1034
[93860724ms] [ERROR] WebSocket connection to 'ws://localhost:5173/' failed: Error in connection establishment: net::ERR_CONNECTION_REFUSED @ http://localhost:5173/@vite/client:1034
[93867943ms] [ERROR] WebSocket connection to 'ws://localhost:5173/' failed: Error in connection establishment: net::ERR_CONNECTION_REFUSED @ http://localhost:5173/@vite/client:1034
[93873421ms] [ERROR] WebSocket connection to 'ws://localhost:5173/' failed: Error in connection establishment: net::ERR_CONNECTION_REFUSED @ http://localhost:5173/@vite/client:1034
[93881390ms] [ERROR] WebSocket connection to 'ws://localhost:5173/' failed: Error in connection establishment: net::ERR_CONNECTION_REFUSED @ http://localhost:5173/@vite/client:1034
[93887165ms] [ERROR] WebSocket connection to 'ws://localhost:5173/' failed: Error in connection establishment: net::ERR_CONNECTION_REFUSED @ http://localhost:5173/@vite/client:1034
[93894566ms] [ERROR] WebSocket connection to 'ws://localhost:5173/' failed: Error in connection establishment: net::ERR_CONNECTION_REFUSED @ http://localhost:5173/@vite/client:1034
[93902280ms] [ERROR] WebSocket connection to 'ws://localhost:5173/' failed: Error in connection establishment: net::ERR_CONNECTION_REFUSED @ http://localhost:5173/@vite/client:1034
[93908665ms] [ERROR] WebSocket connection to 'ws://localhost:5173/' failed: Error in connection establishment: net::ERR_CONNECTION_REFUSED @ http://localhost:5173/@vite/client:1034
[93913666ms] [ERROR] WebSocket connection to 'ws://localhost:5173/' failed: Error in connection establishment: net::ERR_CONNECTION_REFUSED @ http://localhost:5173/@vite/client:1034
[93919790ms] [ERROR] WebSocket connection to 'ws://localhost:5173/' failed: Error in connection establishment: net::ERR_CONNECTION_REFUSED @ http://localhost:5173/@vite/client:1034
[93928284ms] [ERROR] WebSocket connection to 'ws://localhost:5173/' failed: Error in connection establishment: net::ERR_CONNECTION_REFUSED @ http://localhost:5173/@vite/client:1034
[93934272ms] [ERROR] WebSocket connection to 'ws://localhost:5173/' failed: Error in connection establishment: net::ERR_CONNECTION_REFUSED @ http://localhost:5173/@vite/client:1034
[93940287ms] [ERROR] WebSocket connection to 'ws://localhost:5173/' failed: Error in connection establishment: net::ERR_CONNECTION_REFUSED @ http://localhost:5173/@vite/client:1034
[93948470ms] [ERROR] WebSocket connection to 'ws://localhost:5173/' failed: Error in connection establishment: net::ERR_CONNECTION_REFUSED @ http://localhost:5173/@vite/client:1034
[93955887ms] [ERROR] WebSocket connection to 'ws://localhost:5173/' failed: Error in connection establishment: net::ERR_CONNECTION_REFUSED @ http://localhost:5173/@vite/client:1034
[93962942ms] [ERROR] WebSocket connection to 'ws://localhost:5173/' failed: Error in connection establishment: net::ERR_CONNECTION_REFUSED @ http://localhost:5173/@vite/client:1034
[93970711ms] [ERROR] WebSocket connection to 'ws://localhost:5173/' failed: Error in connection establishment: net::ERR_CONNECTION_REFUSED @ http://localhost:5173/@vite/client:1034
[93976025ms] [ERROR] WebSocket connection to 'ws://localhost:5173/' failed: Error in connection establishment: net::ERR_CONNECTION_REFUSED @ http://localhost:5173/@vite/client:1034
[93984122ms] [ERROR] WebSocket connection to 'ws://localhost:5173/' failed: Error in connection establishment: net::ERR_CONNECTION_REFUSED @ http://localhost:5173/@vite/client:1034
[93990712ms] [ERROR] WebSocket connection to 'ws://localhost:5173/' failed: Error in connection establishment: net::ERR_CONNECTION_REFUSED @ http://localhost:5173/@vite/client:1034
[93997623ms] [ERROR] WebSocket connection to 'ws://localhost:5173/' failed: Error in connection establishment: net::ERR_CONNECTION_REFUSED @ http://localhost:5173/@vite/client:1034
[94002979ms] [ERROR] WebSocket connection to 'ws://localhost:5173/' failed: Error in connection establishment: net::ERR_CONNECTION_REFUSED @ http://localhost:5173/@vite/client:1034
[94007573ms] [ERROR] WebSocket connection to 'ws://localhost:5173/' failed: Error in connection establishment: net::ERR_CONNECTION_REFUSED @ http://localhost:5173/@vite/client:1034
[94014991ms] [ERROR] WebSocket connection to 'ws://localhost:5173/' failed: Error in connection establishment: net::ERR_CONNECTION_REFUSED @ http://localhost:5173/@vite/client:1034
[94019874ms] [ERROR] WebSocket connection to 'ws://localhost:5173/' failed: Error in connection establishment: net::ERR_CONNECTION_REFUSED @ http://localhost:5173/@vite/client:1034
[94025191ms] [ERROR] WebSocket connection to 'ws://localhost:5173/' failed: Error in connection establishment: net::ERR_CONNECTION_REFUSED @ http://localhost:5173/@vite/client:1034
[94030651ms] [ERROR] WebSocket connection to 'ws://localhost:5173/' failed: Error in connection establishment: net::ERR_CONNECTION_REFUSED @ http://localhost:5173/@vite/client:1034
[94037874ms] [ERROR] WebSocket connection to 'ws://localhost:5173/' failed: Error in connection establishment: net::ERR_CONNECTION_REFUSED @ http://localhost:5173/@vite/client:1034
[94043795ms] [ERROR] WebSocket connection to 'ws://localhost:5173/' failed: Error in connection establishment: net::ERR_CONNECTION_REFUSED @ http://localhost:5173/@vite/client:1034
[94051215ms] [ERROR] WebSocket connection to 'ws://localhost:5173/' failed: Error in connection establishment: net::ERR_CONNECTION_REFUSED @ http://localhost:5173/@vite/client:1034
[94058111ms] [ERROR] WebSocket connection to 'ws://localhost:5173/' failed: Error in connection establishment: net::ERR_CONNECTION_REFUSED @ http://localhost:5173/@vite/client:1034
[94063262ms] [ERROR] WebSocket connection to 'ws://localhost:5173/' failed: Error in connection establishment: net::ERR_CONNECTION_REFUSED @ http://localhost:5173/@vite/client:1034
[94069812ms] [ERROR] WebSocket connection to 'ws://localhost:5173/' failed: Error in connection establishment: net::ERR_CONNECTION_REFUSED @ http://localhost:5173/@vite/client:1034
[94075433ms] [ERROR] WebSocket connection to 'ws://localhost:5173/' failed: Error in connection establishment: net::ERR_CONNECTION_REFUSED @ http://localhost:5173/@vite/client:1034
[94080978ms] [ERROR] WebSocket connection to 'ws://localhost:5173/' failed: Error in connection establishment: net::ERR_CONNECTION_REFUSED @ http://localhost:5173/@vite/client:1034
[94086823ms] [ERROR] WebSocket connection to 'ws://localhost:5173/' failed: Error in connection establishment: net::ERR_CONNECTION_REFUSED @ http://localhost:5173/@vite/client:1034
[94094181ms] [ERROR] WebSocket connection to 'ws://localhost:5173/' failed: Error in connection establishment: net::ERR_CONNECTION_REFUSED @ http://localhost:5173/@vite/client:1034
[94101380ms] [ERROR] WebSocket connection to 'ws://localhost:5173/' failed: Error in connection establishment: net::ERR_CONNECTION_REFUSED @ http://localhost:5173/@vite/client:1034
[94108872ms] [ERROR] WebSocket connection to 'ws://localhost:5173/' failed: Error in connection establishment: net::ERR_CONNECTION_REFUSED @ http://localhost:5173/@vite/client:1034
[94116136ms] [ERROR] WebSocket connection to 'ws://localhost:5173/' failed: Error in connection establishment: net::ERR_CONNECTION_REFUSED @ http://localhost:5173/@vite/client:1034
[94122364ms] [ERROR] WebSocket connection to 'ws://localhost:5173/' failed: Error in connection establishment: net::ERR_CONNECTION_REFUSED @ http://localhost:5173/@vite/client:1034
[94130332ms] [ERROR] WebSocket connection to 'ws://localhost:5173/' failed: Error in connection establishment: net::ERR_CONNECTION_REFUSED @ http://localhost:5173/@vite/client:1034
[94135917ms] [ERROR] WebSocket connection to 'ws://localhost:5173/' failed: Error in connection establishment: net::ERR_CONNECTION_REFUSED @ http://localhost:5173/@vite/client:1034
[94141079ms] [ERROR] WebSocket connection to 'ws://localhost:5173/' failed: Error in connection establishment: net::ERR_CONNECTION_REFUSED @ http://localhost:5173/@vite/client:1034
[94148823ms] [ERROR] WebSocket connection to 'ws://localhost:5173/' failed: Error in connection establishment: net::ERR_CONNECTION_REFUSED @ http://localhost:5173/@vite/client:1034
[94155678ms] [ERROR] WebSocket connection to 'ws://localhost:5173/' failed: Error in connection establishment: net::ERR_CONNECTION_REFUSED @ http://localhost:5173/@vite/client:1034
[94161334ms] [ERROR] WebSocket connection to 'ws://localhost:5173/' failed: Error in connection establishment: net::ERR_CONNECTION_REFUSED @ http://localhost:5173/@vite/client:1034
[94168519ms] [ERROR] WebSocket connection to 'ws://localhost:5173/' failed: Error in connection establishment: net::ERR_CONNECTION_REFUSED @ http://localhost:5173/@vite/client:1034
[94174036ms] [ERROR] WebSocket connection to 'ws://localhost:5173/' failed: Error in connection establishment: net::ERR_CONNECTION_REFUSED @ http://localhost:5173/@vite/client:1034
[94180569ms] [ERROR] WebSocket connection to 'ws://localhost:5173/' failed: Error in connection establishment: net::ERR_CONNECTION_REFUSED @ http://localhost:5173/@vite/client:1034
[94186656ms] [ERROR] WebSocket connection to 'ws://localhost:5173/' failed: Error in connection establishment: net::ERR_CONNECTION_REFUSED @ http://localhost:5173/@vite/client:1034
[94191521ms] [ERROR] WebSocket connection to 'ws://localhost:5173/' failed: Error in connection establishment: net::ERR_CONNECTION_REFUSED @ http://localhost:5173/@vite/client:1034
[94197341ms] [ERROR] WebSocket connection to 'ws://localhost:5173/' failed: Error in connection establishment: net::ERR_CONNECTION_REFUSED @ http://localhost:5173/@vite/client:1034
[94203785ms] [ERROR] WebSocket connection to 'ws://localhost:5173/' failed: Error in connection establishment: net::ERR_CONNECTION_REFUSED @ http://localhost:5173/@vite/client:1034
[94210588ms] [ERROR] WebSocket connection to 'ws://localhost:5173/' failed: Error in connection establishment: net::ERR_CONNECTION_REFUSED @ http://localhost:5173/@vite/client:1034
[94218971ms] [ERROR] WebSocket connection to 'ws://localhost:5173/' failed: Error in connection establishment: net::ERR_CONNECTION_REFUSED @ http://localhost:5173/@vite/client:1034
[94227275ms] [ERROR] WebSocket connection to 'ws://localhost:5173/' failed: Error in connection establishment: net::ERR_CONNECTION_REFUSED @ http://localhost:5173/@vite/client:1034
[94234598ms] [ERROR] WebSocket connection to 'ws://localhost:5173/' failed: Error in connection establishment: net::ERR_CONNECTION_REFUSED @ http://localhost:5173/@vite/client:1034
[94239722ms] [ERROR] WebSocket connection to 'ws://localhost:5173/' failed: Error in connection establishment: net::ERR_CONNECTION_REFUSED @ http://localhost:5173/@vite/client:1034
[94247773ms] [ERROR] WebSocket connection to 'ws://localhost:5173/' failed: Error in connection establishment: net::ERR_CONNECTION_REFUSED @ http://localhost:5173/@vite/client:1034
[94254029ms] [ERROR] WebSocket connection to 'ws://localhost:5173/' failed: Error in connection establishment: net::ERR_CONNECTION_REFUSED @ http://localhost:5173/@vite/client:1034
[94262375ms] [ERROR] WebSocket connection to 'ws://localhost:5173/' failed: Error in connection establishment: net::ERR_CONNECTION_REFUSED @ http://localhost:5173/@vite/client:1034
[94269291ms] [ERROR] WebSocket connection to 'ws://localhost:5173/' failed: Error in connection establishment: net::ERR_CONNECTION_REFUSED @ http://localhost:5173/@vite/client:1034
[94276322ms] [ERROR] WebSocket connection to 'ws://localhost:5173/' failed: Error in connection establishment: net::ERR_CONNECTION_REFUSED @ http://localhost:5173/@vite/client:1034
[94281335ms] [ERROR] WebSocket connection to 'ws://localhost:5173/' failed: Error in connection establishment: net::ERR_CONNECTION_REFUSED @ http://localhost:5173/@vite/client:1034
[94289913ms] [ERROR] WebSocket connection to 'ws://localhost:5173/' failed: Error in connection establishment: net::ERR_CONNECTION_REFUSED @ http://localhost:5173/@vite/client:1034
[94297873ms] [ERROR] WebSocket connection to 'ws://localhost:5173/' failed: Error in connection establishment: net::ERR_CONNECTION_REFUSED @ http://localhost:5173/@vite/client:1034
[94306528ms] [ERROR] WebSocket connection to 'ws://localhost:5173/' failed: Error in connection establishment: net::ERR_CONNECTION_REFUSED @ http://localhost:5173/@vite/client:1034
[94311624ms] [ERROR] WebSocket connection to 'ws://localhost:5173/' failed: Error in connection establishment: net::ERR_CONNECTION_REFUSED @ http://localhost:5173/@vite/client:1034
[94316461ms] [ERROR] WebSocket connection to 'ws://localhost:5173/' failed: Error in connection establishment: net::ERR_CONNECTION_REFUSED @ http://localhost:5173/@vite/client:1034
[94324234ms] [ERROR] WebSocket connection to 'ws://localhost:5173/' failed: Error in connection establishment: net::ERR_CONNECTION_REFUSED @ http://localhost:5173/@vite/client:1034
[94330675ms] [ERROR] WebSocket connection to 'ws://localhost:5173/' failed: Error in connection establishment: net::ERR_CONNECTION_REFUSED @ http://localhost:5173/@vite/client:1034
[94336627ms] [ERROR] WebSocket connection to 'ws://localhost:5173/' failed: Error in connection establishment: net::ERR_CONNECTION_REFUSED @ http://localhost:5173/@vite/client:1034
[94345034ms] [ERROR] WebSocket connection to 'ws://localhost:5173/' failed: Error in connection establishment: net::ERR_CONNECTION_REFUSED @ http://localhost:5173/@vite/client:1034
[94351564ms] [ERROR] WebSocket connection to 'ws://localhost:5173/' failed: Error in connection establishment: net::ERR_CONNECTION_REFUSED @ http://localhost:5173/@vite/client:1034
[94358623ms] [ERROR] WebSocket connection to 'ws://localhost:5173/' failed: Error in connection establishment: net::ERR_CONNECTION_REFUSED @ http://localhost:5173/@vite/client:1034
[94365921ms] [ERROR] WebSocket connection to 'ws://localhost:5173/' failed: Error in connection establishment: net::ERR_CONNECTION_REFUSED @ http://localhost:5173/@vite/client:1034
[94372632ms] [ERROR] WebSocket connection to 'ws://localhost:5173/' failed: Error in connection establishment: net::ERR_CONNECTION_REFUSED @ http://localhost:5173/@vite/client:1034
[94377916ms] [ERROR] WebSocket connection to 'ws://localhost:5173/' failed: Error in connection establishment: net::ERR_CONNECTION_REFUSED @ http://localhost:5173/@vite/client:1034
[94385032ms] [ERROR] WebSocket connection to 'ws://localhost:5173/' failed: Error in connection establishment: net::ERR_CONNECTION_REFUSED @ http://localhost:5173/@vite/client:1034
[94390667ms] [ERROR] WebSocket connection to 'ws://localhost:5173/' failed: Error in connection establishment: net::ERR_CONNECTION_REFUSED @ http://localhost:5173/@vite/client:1034
[94395836ms] [ERROR] WebSocket connection to 'ws://localhost:5173/' failed: Error in connection establishment: net::ERR_CONNECTION_REFUSED @ http://localhost:5173/@vite/client:1034
[94401119ms] [ERROR] WebSocket connection to 'ws://localhost:5173/' failed: Error in connection establishment: net::ERR_CONNECTION_REFUSED @ http://localhost:5173/@vite/client:1034
[94405975ms] [ERROR] WebSocket connection to 'ws://localhost:5173/' failed: Error in connection establishment: net::ERR_CONNECTION_REFUSED @ http://localhost:5173/@vite/client:1034
[94412184ms] [ERROR] WebSocket connection to 'ws://localhost:5173/' failed: Error in connection establishment: net::ERR_CONNECTION_REFUSED @ http://localhost:5173/@vite/client:1034
[94417436ms] [ERROR] WebSocket connection to 'ws://localhost:5173/' failed: Error in connection establishment: net::ERR_CONNECTION_REFUSED @ http://localhost:5173/@vite/client:1034
[94424364ms] [ERROR] WebSocket connection to 'ws://localhost:5173/' failed: Error in connection establishment: net::ERR_CONNECTION_REFUSED @ http://localhost:5173/@vite/client:1034
[94431074ms] [ERROR] WebSocket connection to 'ws://localhost:5173/' failed: Error in connection establishment: net::ERR_CONNECTION_REFUSED @ http://localhost:5173/@vite/client:1034
[94439325ms] [ERROR] WebSocket connection to 'ws://localhost:5173/' failed: Error in connection establishment: net::ERR_CONNECTION_REFUSED @ http://localhost:5173/@vite/client:1034
[94444878ms] [ERROR] WebSocket connection to 'ws://localhost:5173/' failed: Error in connection establishment: net::ERR_CONNECTION_REFUSED @ http://localhost:5173/@vite/client:1034
[94450813ms] [ERROR] WebSocket connection to 'ws://localhost:5173/' failed: Error in connection establishment: net::ERR_CONNECTION_REFUSED @ http://localhost:5173/@vite/client:1034
[94456037ms] [ERROR] WebSocket connection to 'ws://localhost:5173/' failed: Error in connection establishment: net::ERR_CONNECTION_REFUSED @ http://localhost:5173/@vite/client:1034
[94463767ms] [ERROR] WebSocket connection to 'ws://localhost:5173/' failed: Error in connection establishment: net::ERR_CONNECTION_REFUSED @ http://localhost:5173/@vite/client:1034
[94468866ms] [ERROR] WebSocket connection to 'ws://localhost:5173/' failed: Error in connection establishment: net::ERR_CONNECTION_REFUSED @ http://localhost:5173/@vite/client:1034
[94476695ms] [ERROR] WebSocket connection to 'ws://localhost:5173/' failed: Error in connection establishment: net::ERR_CONNECTION_REFUSED @ http://localhost:5173/@vite/client:1034
[94485269ms] [ERROR] WebSocket connection to 'ws://localhost:5173/' failed: Error in connection establishment: net::ERR_CONNECTION_REFUSED @ http://localhost:5173/@vite/client:1034
[94493069ms] [ERROR] WebSocket connection to 'ws://localhost:5173/' failed: Error in connection establishment: net::ERR_CONNECTION_REFUSED @ http://localhost:5173/@vite/client:1034
[94499419ms] [ERROR] WebSocket connection to 'ws://localhost:5173/' failed: Error in connection establishment: net::ERR_CONNECTION_REFUSED @ http://localhost:5173/@vite/client:1034
[94503135ms] [ERROR] WebSocket connection to 'ws://localhost:5173/' failed: Error in connection establishment: net::ERR_CONNECTION_REFUSED @ http://localhost:5173/@vite/client:1034
[94506939ms] [ERROR] WebSocket connection to 'ws://localhost:5173/' failed: Error in connection establishment: net::ERR_CONNECTION_REFUSED @ http://localhost:5173/@vite/client:1034
[94510534ms] [ERROR] WebSocket connection to 'ws://localhost:5173/' failed: Error in connection establishment: net::ERR_CONNECTION_REFUSED @ http://localhost:5173/@vite/client:1034
[94514221ms] [ERROR] WebSocket connection to 'ws://localhost:5173/' failed: Error in connection establishment: net::ERR_CONNECTION_REFUSED @ http://localhost:5173/@vite/client:1034
[94517789ms] [ERROR] WebSocket connection to 'ws://localhost:5173/' failed: Error in connection establishment: net::ERR_CONNECTION_REFUSED @ http://localhost:5173/@vite/client:1034
[94521337ms] [ERROR] WebSocket connection to 'ws://localhost:5173/' failed: Error in connection establishment: net::ERR_CONNECTION_REFUSED @ http://localhost:5173/@vite/client:1034
[94524990ms] [ERROR] WebSocket connection to 'ws://localhost:5173/' failed: Error in connection establishment: net::ERR_CONNECTION_REFUSED @ http://localhost:5173/@vite/client:1034
[94528839ms] [ERROR] WebSocket connection to 'ws://localhost:5173/' failed: Error in connection establishment: net::ERR_CONNECTION_REFUSED @ http://localhost:5173/@vite/client:1034
[94532904ms] [ERROR] WebSocket connection to 'ws://localhost:5173/' failed: Error in connection establishment: net::ERR_CONNECTION_REFUSED @ http://localhost:5173/@vite/client:1034
[94536524ms] [ERROR] WebSocket connection to 'ws://localhost:5173/' failed: Error in connection establishment: net::ERR_CONNECTION_REFUSED @ http://localhost:5173/@vite/client:1034
[94541135ms] [ERROR] WebSocket connection to 'ws://localhost:5173/' failed: Error in connection establishment: net::ERR_CONNECTION_REFUSED @ http://localhost:5173/@vite/client:1034
[94546485ms] [ERROR] WebSocket connection to 'ws://localhost:5173/' failed: Error in connection establishment: net::ERR_CONNECTION_REFUSED @ http://localhost:5173/@vite/client:1034
[94550872ms] [ERROR] WebSocket connection to 'ws://localhost:5173/' failed: Error in connection establishment: net::ERR_CONNECTION_REFUSED @ http://localhost:5173/@vite/client:1034
[94554883ms] [ERROR] WebSocket connection to 'ws://localhost:5173/' failed: Error in connection establishment: net::ERR_CONNECTION_REFUSED @ http://localhost:5173/@vite/client:1034
[94561109ms] [ERROR] WebSocket connection to 'ws://localhost:5173/' failed: Error in connection establishment: net::ERR_CONNECTION_REFUSED @ http://localhost:5173/@vite/client:1034
[94567311ms] [ERROR] WebSocket connection to 'ws://localhost:5173/' failed: Error in connection establishment: net::ERR_CONNECTION_REFUSED @ http://localhost:5173/@vite/client:1034
[94573125ms] [ERROR] WebSocket connection to 'ws://localhost:5173/' failed: Error in connection establishment: net::ERR_CONNECTION_REFUSED @ http://localhost:5173/@vite/client:1034
[94581983ms] [ERROR] WebSocket connection to 'ws://localhost:5173/' failed: Error in connection establishment: net::ERR_CONNECTION_REFUSED @ http://localhost:5173/@vite/client:1034
[94589777ms] [ERROR] WebSocket connection to 'ws://localhost:5173/' failed: Error in connection establishment: net::ERR_CONNECTION_REFUSED @ http://localhost:5173/@vite/client:1034
[94596818ms] [ERROR] WebSocket connection to 'ws://localhost:5173/' failed: Error in connection establishment: net::ERR_CONNECTION_REFUSED @ http://localhost:5173/@vite/client:1034
[94604838ms] [ERROR] WebSocket connection to 'ws://localhost:5173/' failed: Error in connection establishment: net::ERR_CONNECTION_REFUSED @ http://localhost:5173/@vite/client:1034
[94610328ms] [ERROR] WebSocket connection to 'ws://localhost:5173/' failed: Error in connection establishment: net::ERR_CONNECTION_REFUSED @ http://localhost:5173/@vite/client:1034
[94616868ms] [ERROR] WebSocket connection to 'ws://localhost:5173/' failed: Error in connection establishment: net::ERR_CONNECTION_REFUSED @ http://localhost:5173/@vite/client:1034
[94624832ms] [ERROR] WebSocket connection to 'ws://localhost:5173/' failed: Error in connection establishment: net::ERR_CONNECTION_REFUSED @ http://localhost:5173/@vite/client:1034
[94631371ms] [ERROR] WebSocket connection to 'ws://localhost:5173/' failed: Error in connection establishment: net::ERR_CONNECTION_REFUSED @ http://localhost:5173/@vite/client:1034
[94636733ms] [ERROR] WebSocket connection to 'ws://localhost:5173/' failed: Error in connection establishment: net::ERR_CONNECTION_REFUSED @ http://localhost:5173/@vite/client:1034
[94642710ms] [ERROR] WebSocket connection to 'ws://localhost:5173/' failed: Error in connection establishment: net::ERR_CONNECTION_REFUSED @ http://localhost:5173/@vite/client:1034
[94648380ms] [ERROR] WebSocket connection to 'ws://localhost:5173/' failed: Error in connection establishment: net::ERR_CONNECTION_REFUSED @ http://localhost:5173/@vite/client:1034
[94653193ms] [ERROR] WebSocket connection to 'ws://localhost:5173/' failed: Error in connection establishment: net::ERR_CONNECTION_REFUSED @ http://localhost:5173/@vite/client:1034
[94660232ms] [ERROR] WebSocket connection to 'ws://localhost:5173/' failed: Error in connection establishment: net::ERR_CONNECTION_REFUSED @ http://localhost:5173/@vite/client:1034
[94666626ms] [ERROR] WebSocket connection to 'ws://localhost:5173/' failed: Error in connection establishment: net::ERR_CONNECTION_REFUSED @ http://localhost:5173/@vite/client:1034
[94673934ms] [ERROR] WebSocket connection to 'ws://localhost:5173/' failed: Error in connection establishment: net::ERR_CONNECTION_REFUSED @ http://localhost:5173/@vite/client:1034
[94679272ms] [ERROR] WebSocket connection to 'ws://localhost:5173/' failed: Error in connection establishment: net::ERR_CONNECTION_REFUSED @ http://localhost:5173/@vite/client:1034
[94686545ms] [ERROR] WebSocket connection to 'ws://localhost:5173/' failed: Error in connection establishment: net::ERR_CONNECTION_REFUSED @ http://localhost:5173/@vite/client:1034
[94693191ms] [ERROR] WebSocket connection to 'ws://localhost:5173/' failed: Error in connection establishment: net::ERR_CONNECTION_REFUSED @ http://localhost:5173/@vite/client:1034
[94702474ms] [ERROR] WebSocket connection to 'ws://localhost:5173/' failed: Error in connection establishment: net::ERR_CONNECTION_REFUSED @ http://localhost:5173/@vite/client:1034
[94712891ms] [ERROR] WebSocket connection to 'ws://localhost:5173/' failed: Error in connection establishment: net::ERR_CONNECTION_REFUSED @ http://localhost:5173/@vite/client:1034
[94718085ms] [ERROR] WebSocket connection to 'ws://localhost:5173/' failed: Error in connection establishment: net::ERR_CONNECTION_REFUSED @ http://localhost:5173/@vite/client:1034
[94725488ms] [ERROR] WebSocket connection to 'ws://localhost:5173/' failed: Error in connection establishment: net::ERR_CONNECTION_REFUSED @ http://localhost:5173/@vite/client:1034
[94733621ms] [ERROR] WebSocket connection to 'ws://localhost:5173/' failed: Error in connection establishment: net::ERR_CONNECTION_REFUSED @ http://localhost:5173/@vite/client:1034
[94741865ms] [ERROR] WebSocket connection to 'ws://localhost:5173/' failed: Error in connection establishment: net::ERR_CONNECTION_REFUSED @ http://localhost:5173/@vite/client:1034
[94749605ms] [ERROR] WebSocket connection to 'ws://localhost:5173/' failed: Error in connection establishment: net::ERR_CONNECTION_REFUSED @ http://localhost:5173/@vite/client:1034
[94754821ms] [ERROR] WebSocket connection to 'ws://localhost:5173/' failed: Error in connection establishment: net::ERR_CONNECTION_REFUSED @ http://localhost:5173/@vite/client:1034
[94761406ms] [ERROR] WebSocket connection to 'ws://localhost:5173/' failed: Error in connection establishment: net::ERR_CONNECTION_REFUSED @ http://localhost:5173/@vite/client:1034
[94768264ms] [ERROR] WebSocket connection to 'ws://localhost:5173/' failed: Error in connection establishment: net::ERR_CONNECTION_REFUSED @ http://localhost:5173/@vite/client:1034
[94776123ms] [ERROR] WebSocket connection to 'ws://localhost:5173/' failed: Error in connection establishment: net::ERR_CONNECTION_REFUSED @ http://localhost:5173/@vite/client:1034
[94781721ms] [ERROR] WebSocket connection to 'ws://localhost:5173/' failed: Error in connection establishment: net::ERR_CONNECTION_REFUSED @ http://localhost:5173/@vite/client:1034
[94790634ms] [ERROR] WebSocket connection to 'ws://localhost:5173/' failed: Error in connection establishment: net::ERR_CONNECTION_REFUSED @ http://localhost:5173/@vite/client:1034
[94795764ms] [ERROR] WebSocket connection to 'ws://localhost:5173/' failed: Error in connection establishment: net::ERR_CONNECTION_REFUSED @ http://localhost:5173/@vite/client:1034
[94803189ms] [ERROR] WebSocket connection to 'ws://localhost:5173/' failed: Error in connection establishment: net::ERR_CONNECTION_REFUSED @ http://localhost:5173/@vite/client:1034
[94810890ms] [ERROR] WebSocket connection to 'ws://localhost:5173/' failed: Error in connection establishment: net::ERR_CONNECTION_REFUSED @ http://localhost:5173/@vite/client:1034
[94816273ms] [ERROR] WebSocket connection to 'ws://localhost:5173/' failed: Error in connection establishment: net::ERR_CONNECTION_REFUSED @ http://localhost:5173/@vite/client:1034
[94824912ms] [ERROR] WebSocket connection to 'ws://localhost:5173/' failed: Error in connection establishment: net::ERR_CONNECTION_REFUSED @ http://localhost:5173/@vite/client:1034
[94833526ms] [ERROR] WebSocket connection to 'ws://localhost:5173/' failed: Error in connection establishment: net::ERR_CONNECTION_REFUSED @ http://localhost:5173/@vite/client:1034
[94841311ms] [ERROR] WebSocket connection to 'ws://localhost:5173/' failed: Error in connection establishment: net::ERR_CONNECTION_REFUSED @ http://localhost:5173/@vite/client:1034
[94846929ms] [ERROR] WebSocket connection to 'ws://localhost:5173/' failed: Error in connection establishment: net::ERR_CONNECTION_REFUSED @ http://localhost:5173/@vite/client:1034
[94855028ms] [ERROR] WebSocket connection to 'ws://localhost:5173/' failed: Error in connection establishment: net::ERR_CONNECTION_REFUSED @ http://localhost:5173/@vite/client:1034
[94862387ms] [ERROR] WebSocket connection to 'ws://localhost:5173/' failed: Error in connection establishment: net::ERR_CONNECTION_REFUSED @ http://localhost:5173/@vite/client:1034
[94869479ms] [ERROR] WebSocket connection to 'ws://localhost:5173/' failed: Error in connection establishment: net::ERR_CONNECTION_REFUSED @ http://localhost:5173/@vite/client:1034
[94878182ms] [ERROR] WebSocket connection to 'ws://localhost:5173/' failed: Error in connection establishment: net::ERR_CONNECTION_REFUSED @ http://localhost:5173/@vite/client:1034
[94884384ms] [ERROR] WebSocket connection to 'ws://localhost:5173/' failed: Error in connection establishment: net::ERR_CONNECTION_REFUSED @ http://localhost:5173/@vite/client:1034
[94889991ms] [ERROR] WebSocket connection to 'ws://localhost:5173/' failed: Error in connection establishment: net::ERR_CONNECTION_REFUSED @ http://localhost:5173/@vite/client:1034
[94896667ms] [ERROR] WebSocket connection to 'ws://localhost:5173/' failed: Error in connection establishment: net::ERR_CONNECTION_REFUSED @ http://localhost:5173/@vite/client:1034
[94902922ms] [ERROR] WebSocket connection to 'ws://localhost:5173/' failed: Error in connection establishment: net::ERR_CONNECTION_REFUSED @ http://localhost:5173/@vite/client:1034
[94910765ms] [ERROR] WebSocket connection to 'ws://localhost:5173/' failed: Error in connection establishment: net::ERR_CONNECTION_REFUSED @ http://localhost:5173/@vite/client:1034
[94918377ms] [ERROR] WebSocket connection to 'ws://localhost:5173/' failed: Error in connection establishment: net::ERR_CONNECTION_REFUSED @ http://localhost:5173/@vite/client:1034
[94926022ms] [ERROR] WebSocket connection to 'ws://localhost:5173/' failed: Error in connection establishment: net::ERR_CONNECTION_REFUSED @ http://localhost:5173/@vite/client:1034
[94932087ms] [ERROR] WebSocket connection to 'ws://localhost:5173/' failed: Error in connection establishment: net::ERR_CONNECTION_REFUSED @ http://localhost:5173/@vite/client:1034
[94937274ms] [ERROR] WebSocket connection to 'ws://localhost:5173/' failed: Error in connection establishment: net::ERR_CONNECTION_REFUSED @ http://localhost:5173/@vite/client:1034
[94942336ms] [ERROR] WebSocket connection to 'ws://localhost:5173/' failed: Error in connection establishment: net::ERR_CONNECTION_REFUSED @ http://localhost:5173/@vite/client:1034
[94949623ms] [ERROR] WebSocket connection to 'ws://localhost:5173/' failed: Error in connection establishment: net::ERR_CONNECTION_REFUSED @ http://localhost:5173/@vite/client:1034
[94957682ms] [ERROR] WebSocket connection to 'ws://localhost:5173/' failed: Error in connection establishment: net::ERR_CONNECTION_REFUSED @ http://localhost:5173/@vite/client:1034
[94965988ms] [ERROR] WebSocket connection to 'ws://localhost:5173/' failed: Error in connection establishment: net::ERR_CONNECTION_REFUSED @ http://localhost:5173/@vite/client:1034
[94974489ms] [ERROR] WebSocket connection to 'ws://localhost:5173/' failed: Error in connection establishment: net::ERR_CONNECTION_REFUSED @ http://localhost:5173/@vite/client:1034
[94979589ms] [ERROR] WebSocket connection to 'ws://localhost:5173/' failed: Error in connection establishment: net::ERR_CONNECTION_REFUSED @ http://localhost:5173/@vite/client:1034
[94986823ms] [ERROR] WebSocket connection to 'ws://localhost:5173/' failed: Error in connection establishment: net::ERR_CONNECTION_REFUSED @ http://localhost:5173/@vite/client:1034
[94994920ms] [ERROR] WebSocket connection to 'ws://localhost:5173/' failed: Error in connection establishment: net::ERR_CONNECTION_REFUSED @ http://localhost:5173/@vite/client:1034
[95001212ms] [ERROR] WebSocket connection to 'ws://localhost:5173/' failed: Error in connection establishment: net::ERR_CONNECTION_REFUSED @ http://localhost:5173/@vite/client:1034
[95007540ms] [ERROR] WebSocket connection to 'ws://localhost:5173/' failed: Error in connection establishment: net::ERR_CONNECTION_REFUSED @ http://localhost:5173/@vite/client:1034
[95012611ms] [ERROR] WebSocket connection to 'ws://localhost:5173/' failed: Error in connection establishment: net::ERR_CONNECTION_REFUSED @ http://localhost:5173/@vite/client:1034
[95019082ms] [ERROR] WebSocket connection to 'ws://localhost:5173/' failed: Error in connection establishment: net::ERR_CONNECTION_REFUSED @ http://localhost:5173/@vite/client:1034
[95025075ms] [ERROR] WebSocket connection to 'ws://localhost:5173/' failed: Error in connection establishment: net::ERR_CONNECTION_REFUSED @ http://localhost:5173/@vite/client:1034
[95032822ms] [ERROR] WebSocket connection to 'ws://localhost:5173/' failed: Error in connection establishment: net::ERR_CONNECTION_REFUSED @ http://localhost:5173/@vite/client:1034
[95040880ms] [ERROR] WebSocket connection to 'ws://localhost:5173/' failed: Error in connection establishment: net::ERR_CONNECTION_REFUSED @ http://localhost:5173/@vite/client:1034
[95048833ms] [ERROR] WebSocket connection to 'ws://localhost:5173/' failed: Error in connection establishment: net::ERR_CONNECTION_REFUSED @ http://localhost:5173/@vite/client:1034
[95053937ms] [ERROR] WebSocket connection to 'ws://localhost:5173/' failed: Error in connection establishment: net::ERR_CONNECTION_REFUSED @ http://localhost:5173/@vite/client:1034
[95061472ms] [ERROR] WebSocket connection to 'ws://localhost:5173/' failed: Error in connection establishment: net::ERR_CONNECTION_REFUSED @ http://localhost:5173/@vite/client:1034
[95068281ms] [ERROR] WebSocket connection to 'ws://localhost:5173/' failed: Error in connection establishment: net::ERR_CONNECTION_REFUSED @ http://localhost:5173/@vite/client:1034
[95073073ms] [ERROR] WebSocket connection to 'ws://localhost:5173/' failed: Error in connection establishment: net::ERR_CONNECTION_REFUSED @ http://localhost:5173/@vite/client:1034
[95081386ms] [ERROR] WebSocket connection to 'ws://localhost:5173/' failed: Error in connection establishment: net::ERR_CONNECTION_REFUSED @ http://localhost:5173/@vite/client:1034
[95090346ms] [ERROR] WebSocket connection to 'ws://localhost:5173/' failed: Error in connection establishment: net::ERR_CONNECTION_REFUSED @ http://localhost:5173/@vite/client:1034
[95097004ms] [ERROR] WebSocket connection to 'ws://localhost:5173/' failed: Error in connection establishment: net::ERR_CONNECTION_REFUSED @ http://localhost:5173/@vite/client:1034
[95105089ms] [ERROR] WebSocket connection to 'ws://localhost:5173/' failed: Error in connection establishment: net::ERR_CONNECTION_REFUSED @ http://localhost:5173/@vite/client:1034
[95111122ms] [ERROR] WebSocket connection to 'ws://localhost:5173/' failed: Error in connection establishment: net::ERR_CONNECTION_REFUSED @ http://localhost:5173/@vite/client:1034
[95118788ms] [ERROR] WebSocket connection to 'ws://localhost:5173/' failed: Error in connection establishment: net::ERR_CONNECTION_REFUSED @ http://localhost:5173/@vite/client:1034
[95126009ms] [ERROR] WebSocket connection to 'ws://localhost:5173/' failed: Error in connection establishment: net::ERR_CONNECTION_REFUSED @ http://localhost:5173/@vite/client:1034
[95131435ms] [ERROR] WebSocket connection to 'ws://localhost:5173/' failed: Error in connection establishment: net::ERR_CONNECTION_REFUSED @ http://localhost:5173/@vite/client:1034
[95139375ms] [ERROR] WebSocket connection to 'ws://localhost:5173/' failed: Error in connection establishment: net::ERR_CONNECTION_REFUSED @ http://localhost:5173/@vite/client:1034
[95145919ms] [ERROR] WebSocket connection to 'ws://localhost:5173/' failed: Error in connection establishment: net::ERR_CONNECTION_REFUSED @ http://localhost:5173/@vite/client:1034
[95153933ms] [ERROR] WebSocket connection to 'ws://localhost:5173/' failed: Error in connection establishment: net::ERR_CONNECTION_REFUSED @ http://localhost:5173/@vite/client:1034
[95161466ms] [ERROR] WebSocket connection to 'ws://localhost:5173/' failed: Error in connection establishment: net::ERR_CONNECTION_REFUSED @ http://localhost:5173/@vite/client:1034
[95167582ms] [ERROR] WebSocket connection to 'ws://localhost:5173/' failed: Error in connection establishment: net::ERR_CONNECTION_REFUSED @ http://localhost:5173/@vite/client:1034
[95174761ms] [ERROR] WebSocket connection to 'ws://localhost:5173/' failed: Error in connection establishment: net::ERR_CONNECTION_REFUSED @ http://localhost:5173/@vite/client:1034
[95179684ms] [ERROR] WebSocket connection to 'ws://localhost:5173/' failed: Error in connection establishment: net::ERR_CONNECTION_REFUSED @ http://localhost:5173/@vite/client:1034
[95185388ms] [ERROR] WebSocket connection to 'ws://localhost:5173/' failed: Error in connection establishment: net::ERR_CONNECTION_REFUSED @ http://localhost:5173/@vite/client:1034
[95648503ms] [INFO] %cDownload the React DevTools for a better development experience: https://reactjs.org/link/react-devtools font-weight:bold @ http://localhost:5173/node_modules/.vite/deps/chunk-NXESFFTV.js?v=c911f6d5:21608
[95649021ms] [WARNING] ⚠️ React Router Future Flag Warning: React Router will begin wrapping state updates in `React.startTransition` in v7. You can use the `v7_startTransition` future flag to opt-in early. For more information, see https://reactrouter.com/v6/upgrading/future#v7_starttransition. @ http://localhost:5173/node_modules/.vite/deps/react-router-dom.js?v=30bc459b:4416
[95649022ms] [WARNING] ⚠️ React Router Future Flag Warning: Relative route resolution within Splat routes is changing in v7. You can use the `v7_relativeSplatPath` future flag to opt-in early. For more information, see https://reactrouter.com/v6/upgrading/future#v7_relativesplatpath. @ http://localhost:5173/node_modules/.vite/deps/react-router-dom.js?v=30bc459b:4416
[95649041ms] [VERBOSE] [DOM] Input elements should have autocomplete attributes (suggested: "current-password"): (More info: https://goo.gl/9p2vKq) %o @ http://localhost:5173/login:0
[95681189ms] [LOG] [vite] server connection lost. Polling for restart... @ http://localhost:5173/@vite/client:963
[95684044ms] [ERROR] WebSocket connection to 'ws://localhost:5173/' failed: Error in connection establishment: net::ERR_CONNECTION_REFUSED @ http://localhost:5173/@vite/client:1034
[95687585ms] [ERROR] WebSocket connection to 'ws://localhost:5173/' failed: Error in connection establishment: net::ERR_CONNECTION_REFUSED @ http://localhost:5173/@vite/client:1034
[95691088ms] [ERROR] WebSocket connection to 'ws://localhost:5173/' failed: Error in connection establishment: net::ERR_CONNECTION_REFUSED @ http://localhost:5173/@vite/client:1034
[95694971ms] [ERROR] WebSocket connection to 'ws://localhost:5173/' failed: Error in connection establishment: net::ERR_CONNECTION_REFUSED @ http://localhost:5173/@vite/client:1034
[95698590ms] [ERROR] WebSocket connection to 'ws://localhost:5173/' failed: Error in connection establishment: net::ERR_CONNECTION_REFUSED @ http://localhost:5173/@vite/client:1034
[95702321ms] [ERROR] WebSocket connection to 'ws://localhost:5173/' failed: Error in connection establishment: net::ERR_CONNECTION_REFUSED @ http://localhost:5173/@vite/client:1034
[95706087ms] [ERROR] WebSocket connection to 'ws://localhost:5173/' failed: Error in connection establishment: net::ERR_CONNECTION_REFUSED @ http://localhost:5173/@vite/client:1034
[95709691ms] [ERROR] WebSocket connection to 'ws://localhost:5173/' failed: Error in connection establishment: net::ERR_CONNECTION_REFUSED @ http://localhost:5173/@vite/client:1034
[95713307ms] [ERROR] WebSocket connection to 'ws://localhost:5173/' failed: Error in connection establishment: net::ERR_CONNECTION_REFUSED @ http://localhost:5173/@vite/client:1034
[95717223ms] [ERROR] WebSocket connection to 'ws://localhost:5173/' failed: Error in connection establishment: net::ERR_CONNECTION_REFUSED @ http://localhost:5173/@vite/client:1034
[95720959ms] [ERROR] WebSocket connection to 'ws://localhost:5173/' failed: Error in connection establishment: net::ERR_CONNECTION_REFUSED @ http://localhost:5173/@vite/client:1034
[95724702ms] [ERROR] WebSocket connection to 'ws://localhost:5173/' failed: Error in connection establishment: net::ERR_CONNECTION_REFUSED @ http://localhost:5173/@vite/client:1034
[95728396ms] [ERROR] WebSocket connection to 'ws://localhost:5173/' failed: Error in connection establishment: net::ERR_CONNECTION_REFUSED @ http://localhost:5173/@vite/client:1034
[95732519ms] [ERROR] WebSocket connection to 'ws://localhost:5173/' failed: Error in connection establishment: net::ERR_CONNECTION_REFUSED @ http://localhost:5173/@vite/client:1034
[95737293ms] [ERROR] WebSocket connection to 'ws://localhost:5173/' failed: Error in connection establishment: net::ERR_CONNECTION_REFUSED @ http://localhost:5173/@vite/client:1034
[95742179ms] [ERROR] WebSocket connection to 'ws://localhost:5173/' failed: Error in connection establishment: net::ERR_CONNECTION_REFUSED @ http://localhost:5173/@vite/client:1034
[95748212ms] [ERROR] WebSocket connection to 'ws://localhost:5173/' failed: Error in connection establishment: net::ERR_CONNECTION_REFUSED @ http://localhost:5173/@vite/client:1034
[95755858ms] [ERROR] WebSocket connection to 'ws://localhost:5173/' failed: Error in connection establishment: net::ERR_CONNECTION_REFUSED @ http://localhost:5173/@vite/client:1034
[95763781ms] [ERROR] WebSocket connection to 'ws://localhost:5173/' failed: Error in connection establishment: net::ERR_CONNECTION_REFUSED @ http://localhost:5173/@vite/client:1034
[95771273ms] [ERROR] WebSocket connection to 'ws://localhost:5173/' failed: Error in connection establishment: net::ERR_CONNECTION_REFUSED @ http://localhost:5173/@vite/client:1034
[95778951ms] [ERROR] WebSocket connection to 'ws://localhost:5173/' failed: Error in connection establishment: net::ERR_CONNECTION_REFUSED @ http://localhost:5173/@vite/client:1034
[95785408ms] [ERROR] WebSocket connection to 'ws://localhost:5173/' failed: Error in connection establishment: net::ERR_CONNECTION_REFUSED @ http://localhost:5173/@vite/client:1034
[95792232ms] [ERROR] WebSocket connection to 'ws://localhost:5173/' failed: Error in connection establishment: net::ERR_CONNECTION_REFUSED @ http://localhost:5173/@vite/client:1034
[95797978ms] [ERROR] WebSocket connection to 'ws://localhost:5173/' failed: Error in connection establishment: net::ERR_CONNECTION_REFUSED @ http://localhost:5173/@vite/client:1034
[95804564ms] [ERROR] WebSocket connection to 'ws://localhost:5173/' failed: Error in connection establishment: net::ERR_CONNECTION_REFUSED @ http://localhost:5173/@vite/client:1034
[95811539ms] [ERROR] WebSocket connection to 'ws://localhost:5173/' failed: Error in connection establishment: net::ERR_CONNECTION_REFUSED @ http://localhost:5173/@vite/client:1034
[95816986ms] [ERROR] WebSocket connection to 'ws://localhost:5173/' failed: Error in connection establishment: net::ERR_CONNECTION_REFUSED @ http://localhost:5173/@vite/client:1034
[95898779ms] [INFO] %cDownload the React DevTools for a better development experience: https://reactjs.org/link/react-devtools font-weight:bold @ http://localhost:5173/node_modules/.vite/deps/chunk-NXESFFTV.js?v=85aa335c:21608
[95899678ms] [WARNING] ⚠️ React Router Future Flag Warning: React Router will begin wrapping state updates in `React.startTransition` in v7. You can use the `v7_startTransition` future flag to opt-in early. For more information, see https://reactrouter.com/v6/upgrading/future#v7_starttransition. @ http://localhost:5173/node_modules/.vite/deps/react-router-dom.js?v=85aa335c:4416
[95899682ms] [WARNING] ⚠️ React Router Future Flag Warning: Relative route resolution within Splat routes is changing in v7. You can use the `v7_relativeSplatPath` future flag to opt-in early. For more information, see https://reactrouter.com/v6/upgrading/future#v7_relativesplatpath. @ http://localhost:5173/node_modules/.vite/deps/react-router-dom.js?v=85aa335c:4416
[95899706ms] [VERBOSE] [DOM] Input elements should have autocomplete attributes (suggested: "current-password"): (More info: https://goo.gl/9p2vKq) %o @ http://localhost:5173/login:0
[97563584ms] [VERBOSE] [DOM] Input elements should have autocomplete attributes (suggested: "current-password"): (More info: https://goo.gl/9p2vKq) %o @ http://localhost:5173/login:0
[97587048ms] [INFO] %cDownload the React DevTools for a better development experience: https://reactjs.org/link/react-devtools font-weight:bold @ http://localhost:5173/node_modules/.vite/deps/chunk-NXESFFTV.js?v=d1eb971a:21608
[97608155ms] [INFO] %cDownload the React DevTools for a better development experience: https://reactjs.org/link/react-devtools font-weight:bold @ http://localhost:5173/node_modules/.vite/deps/chunk-NXESFFTV.js?v=d1eb971a:21608
[97610686ms] [WARNING] ⚠️ React Router Future Flag Warning: React Router will begin wrapping state updates in `React.startTransition` in v7. You can use the `v7_startTransition` future flag to opt-in early. For more information, see https://reactrouter.com/v6/upgrading/future#v7_starttransition. @ http://localhost:5173/node_modules/.vite/deps/react-router-dom.js?v=d1eb971a:4416
[97610690ms] [WARNING] ⚠️ React Router Future Flag Warning: Relative route resolution within Splat routes is changing in v7. You can use the `v7_relativeSplatPath` future flag to opt-in early. For more information, see https://reactrouter.com/v6/upgrading/future#v7_relativesplatpath. @ http://localhost:5173/node_modules/.vite/deps/react-router-dom.js?v=d1eb971a:4416
[97610739ms] [VERBOSE] [DOM] Input elements should have autocomplete attributes (suggested: "current-password"): (More info: https://goo.gl/9p2vKq) %o @ http://localhost:5173/login:0
[97624795ms] [ERROR] Failed to load resource: the server responded with a status of 500 (Internal Server Error) @ http://localhost:5173/src/pages/_DesignPreview.jsx?t=1787784584270:0
[97624801ms] [ERROR] [vite] Failed to reload /src/pages/_DesignPreview.jsx. This could be due to syntax errors or importing non-existent modules. (see errors above) @ http://localhost:5173/@vite/client:881
[97629534ms] [ERROR] Failed to load resource: the server responded with a status of 500 (Internal Server Error) @ http://localhost:5173/src/pages/_DesignPreview.jsx?t=1787784584464:0
[97629537ms] [ERROR] [vite] Failed to reload /src/pages/_DesignPreview.jsx. This could be due to syntax errors or importing non-existent modules. (see errors above) @ http://localhost:5173/@vite/client:881
[129111249ms] [ERROR] Failed to load resource: the server responded with a status of 500 (Internal Server Error) @ http://localhost:5173/src/index.css?t=1787816069793:0
[129111274ms] [ERROR] [vite] Failed to reload /src/index.css. This could be due to syntax errors or importing non-existent modules. (see errors above) @ http://localhost:5173/@vite/client:881
[129111391ms] [ERROR] Failed to load resource: the server responded with a status of 500 (Internal Server Error) @ http://localhost:5173/src/index.css?t=1787816069937:0
[129111392ms] [ERROR] [vite] Failed to reload /src/index.css. This could be due to syntax errors or importing non-existent modules. (see errors above) @ http://localhost:5173/@vite/client:881
[129120003ms] [ERROR] Failed to load resource: the server responded with a status of 500 (Internal Server Error) @ http://localhost:5173/src/index.css?t=1787816077822:0
[129206273ms] [ERROR] Failed to load resource: the server responded with a status of 500 (Internal Server Error) @ http://localhost:5173/src/index.css?t=1787816166979:0
[129374296ms] [ERROR] Failed to load resource: the server responded with a status of 500 (Internal Server Error) @ http://localhost:5173/src/index.css?t=1787816334907:0
[129391694ms] [ERROR] Failed to load resource: the server responded with a status of 500 (Internal Server Error) @ http://localhost:5173/src/index.css?t=1787816351278:0
[129413835ms] [ERROR] Failed to load resource: the server responded with a status of 500 (Internal Server Error) @ http://localhost:5173/src/index.css?t=1787816351278:0
[129436999ms] [ERROR] Failed to load resource: the server responded with a status of 500 (Internal Server Error) @ http://localhost:5173/src/index.css?t=1787816397724:0
[129452664ms] [ERROR] Failed to load resource: the server responded with a status of 500 (Internal Server Error) @ http://localhost:5173/src/index.css?t=1787816413392:0
[129465395ms] [ERROR] Failed to load resource: the server responded with a status of 500 (Internal Server Error) @ http://localhost:5173/src/index.css?t=1787816426021:0
[129477010ms] [ERROR] Failed to load resource: the server responded with a status of 500 (Internal Server Error) @ http://localhost:5173/src/index.css?t=1787816437631:0
[129492486ms] [ERROR] Failed to load resource: the server responded with a status of 500 (Internal Server Error) @ http://localhost:5173/src/index.css?t=1787816453168:0
[129524633ms] [ERROR] Failed to load resource: the server responded with a status of 500 (Internal Server Error) @ http://localhost:5173/src/index.css?t=1787816485318:0
[130673601ms] [ERROR] Failed to load resource: the server responded with a status of 500 (Internal Server Error) @ http://localhost:5173/src/index.css?t=1787817632929:0
[131042518ms] [INFO] %cDownload the React DevTools for a better development experience: https://reactjs.org/link/react-devtools font-weight:bold @ http://localhost:5173/node_modules/.vite/deps/chunk-NXESFFTV.js?v=10fd1425:21608
[131042932ms] [WARNING] ⚠️ React Router Future Flag Warning: React Router will begin wrapping state updates in `React.startTransition` in v7. You can use the `v7_startTransition` future flag to opt-in early. For more information, see https://reactrouter.com/v6/upgrading/future#v7_starttransition. @ http://localhost:5173/node_modules/.vite/deps/react-router-dom.js?v=10fd1425:4416
[131042932ms] [WARNING] ⚠️ React Router Future Flag Warning: Relative route resolution within Splat routes is changing in v7. You can use the `v7_relativeSplatPath` future flag to opt-in early. For more information, see https://reactrouter.com/v6/upgrading/future#v7_relativesplatpath. @ http://localhost:5173/node_modules/.vite/deps/react-router-dom.js?v=10fd1425:4416
[131042942ms] [VERBOSE] [DOM] Input elements should have autocomplete attributes (suggested: "current-password"): (More info: https://goo.gl/9p2vKq) %o @ http://localhost:5173/login:0
[131336435ms] [LOG] [vite] server connection lost. Polling for restart... @ http://localhost:5173/@vite/client:963
[131338764ms] [ERROR] WebSocket connection to 'ws://localhost:5173/' failed: Error in connection establishment: net::ERR_CONNECTION_REFUSED @ http://localhost:5173/@vite/client:1034
[131342103ms] [ERROR] WebSocket connection to 'ws://localhost:5173/' failed: Error in connection establishment: net::ERR_CONNECTION_REFUSED @ http://localhost:5173/@vite/client:1034
[131345454ms] [ERROR] WebSocket connection to 'ws://localhost:5173/' failed: Error in connection establishment: net::ERR_CONNECTION_REFUSED @ http://localhost:5173/@vite/client:1034
[131348796ms] [ERROR] WebSocket connection to 'ws://localhost:5173/' failed: Error in connection establishment: net::ERR_CONNECTION_REFUSED @ http://localhost:5173/@vite/client:1034
[131352141ms] [ERROR] WebSocket connection to 'ws://localhost:5173/' failed: Error in connection establishment: net::ERR_CONNECTION_REFUSED @ http://localhost:5173/@vite/client:1034
[131355501ms] [ERROR] WebSocket connection to 'ws://localhost:5173/' failed: Error in connection establishment: net::ERR_CONNECTION_REFUSED @ http://localhost:5173/@vite/client:1034
[131358843ms] [ERROR] WebSocket connection to 'ws://localhost:5173/' failed: Error in connection establishment: net::ERR_CONNECTION_REFUSED @ http://localhost:5173/@vite/client:1034
[131362213ms] [ERROR] WebSocket connection to 'ws://localhost:5173/' failed: Error in connection establishment: net::ERR_CONNECTION_REFUSED @ http://localhost:5173/@vite/client:1034
[131365591ms] [ERROR] WebSocket connection to 'ws://localhost:5173/' failed: Error in connection establishment: net::ERR_CONNECTION_REFUSED @ http://localhost:5173/@vite/client:1034
[131368977ms] [ERROR] WebSocket connection to 'ws://localhost:5173/' failed: Error in connection establishment: net::ERR_CONNECTION_REFUSED @ http://localhost:5173/@vite/client:1034
[131372428ms] [ERROR] WebSocket connection to 'ws://localhost:5173/' failed: Error in connection establishment: net::ERR_CONNECTION_REFUSED @ http://localhost:5173/@vite/client:1034
[131375826ms] [ERROR] WebSocket connection to 'ws://localhost:5173/' failed: Error in connection establishment: net::ERR_CONNECTION_REFUSED @ http://localhost:5173/@vite/client:1034
[131379261ms] [ERROR] WebSocket connection to 'ws://localhost:5173/' failed: Error in connection establishment: net::ERR_CONNECTION_REFUSED @ http://localhost:5173/@vite/client:1034
[131382994ms] [ERROR] WebSocket connection to 'ws://localhost:5173/' failed: Error in connection establishment: net::ERR_CONNECTION_REFUSED @ http://localhost:5173/@vite/client:1034
[131386960ms] [ERROR] WebSocket connection to 'ws://localhost:5173/' failed: Error in connection establishment: net::ERR_CONNECTION_REFUSED @ http://localhost:5173/@vite/client:1034
[131391122ms] [ERROR] WebSocket connection to 'ws://localhost:5173/' failed: Error in connection establishment: net::ERR_CONNECTION_REFUSED @ http://localhost:5173/@vite/client:1034
[131399229ms] [ERROR] WebSocket connection to 'ws://localhost:5173/' failed: Error in connection establishment: net::ERR_CONNECTION_REFUSED @ http://localhost:5173/@vite/client:1034
[131406596ms] [ERROR] WebSocket connection to 'ws://localhost:5173/' failed: Error in connection establishment: net::ERR_CONNECTION_REFUSED @ http://localhost:5173/@vite/client:1034
[131412344ms] [ERROR] WebSocket connection to 'ws://localhost:5173/' failed: Error in connection establishment: net::ERR_CONNECTION_REFUSED @ http://localhost:5173/@vite/client:1034
[131417130ms] [ERROR] WebSocket connection to 'ws://localhost:5173/' failed: Error in connection establishment: net::ERR_CONNECTION_REFUSED @ http://localhost:5173/@vite/client:1034
[131424814ms] [ERROR] WebSocket connection to 'ws://localhost:5173/' failed: Error in connection establishment: net::ERR_CONNECTION_REFUSED @ http://localhost:5173/@vite/client:1034
[131432749ms] [ERROR] WebSocket connection to 'ws://localhost:5173/' failed: Error in connection establishment: net::ERR_CONNECTION_REFUSED @ http://localhost:5173/@vite/client:1034
[131438432ms] [ERROR] WebSocket connection to 'ws://localhost:5173/' failed: Error in connection establishment: net::ERR_CONNECTION_REFUSED @ http://localhost:5173/@vite/client:1034
[131443730ms] [ERROR] WebSocket connection to 'ws://localhost:5173/' failed: Error in connection establishment: net::ERR_CONNECTION_REFUSED @ http://localhost:5173/@vite/client:1034
[131451249ms] [ERROR] WebSocket connection to 'ws://localhost:5173/' failed: Error in connection establishment: net::ERR_CONNECTION_REFUSED @ http://localhost:5173/@vite/client:1034
[131457809ms] [ERROR] WebSocket connection to 'ws://localhost:5173/' failed: Error in connection establishment: net::ERR_CONNECTION_REFUSED @ http://localhost:5173/@vite/client:1034
[131463867ms] [ERROR] WebSocket connection to 'ws://localhost:5173/' failed: Error in connection establishment: net::ERR_CONNECTION_REFUSED @ http://localhost:5173/@vite/client:1034
[131470350ms] [ERROR] WebSocket connection to 'ws://localhost:5173/' failed: Error in connection establishment: net::ERR_CONNECTION_REFUSED @ http://localhost:5173/@vite/client:1034
[131475351ms] [ERROR] WebSocket connection to 'ws://localhost:5173/' failed: Error in connection establishment: net::ERR_CONNECTION_REFUSED @ http://localhost:5173/@vite/client:1034
[131482135ms] [ERROR] WebSocket connection to 'ws://localhost:5173/' failed: Error in connection establishment: net::ERR_CONNECTION_REFUSED @ http://localhost:5173/@vite/client:1034
[131488586ms] [ERROR] WebSocket connection to 'ws://localhost:5173/' failed: Error in connection establishment: net::ERR_CONNECTION_REFUSED @ http://localhost:5173/@vite/client:1034
[131492946ms] [ERROR] WebSocket connection to 'ws://localhost:5173/' failed: Error in connection establishment: net::ERR_CONNECTION_REFUSED @ http://localhost:5173/@vite/client:1034
[131499478ms] [ERROR] WebSocket connection to 'ws://localhost:5173/' failed: Error in connection establishment: net::ERR_CONNECTION_REFUSED @ http://localhost:5173/@vite/client:1034
[131506552ms] [ERROR] WebSocket connection to 'ws://localhost:5173/' failed: Error in connection establishment: net::ERR_CONNECTION_REFUSED @ http://localhost:5173/@vite/client:1034
[131513750ms] [ERROR] WebSocket connection to 'ws://localhost:5173/' failed: Error in connection establishment: net::ERR_CONNECTION_REFUSED @ http://localhost:5173/@vite/client:1034
[131521219ms] [ERROR] WebSocket connection to 'ws://localhost:5173/' failed: Error in connection establishment: net::ERR_CONNECTION_REFUSED @ http://localhost:5173/@vite/client:1034
[131526155ms] [ERROR] WebSocket connection to 'ws://localhost:5173/' failed: Error in connection establishment: net::ERR_CONNECTION_REFUSED @ http://localhost:5173/@vite/client:1034
[131534322ms] [ERROR] WebSocket connection to 'ws://localhost:5173/' failed: Error in connection establishment: net::ERR_CONNECTION_REFUSED @ http://localhost:5173/@vite/client:1034
[131540620ms] [ERROR] WebSocket connection to 'ws://localhost:5173/' failed: Error in connection establishment: net::ERR_CONNECTION_REFUSED @ http://localhost:5173/@vite/client:1034
[131546300ms] [ERROR] WebSocket connection to 'ws://localhost:5173/' failed: Error in connection establishment: net::ERR_CONNECTION_REFUSED @ http://localhost:5173/@vite/client:1034
[131552188ms] [ERROR] WebSocket connection to 'ws://localhost:5173/' failed: Error in connection establishment: net::ERR_CONNECTION_REFUSED @ http://localhost:5173/@vite/client:1034
[131559422ms] [ERROR] WebSocket connection to 'ws://localhost:5173/' failed: Error in connection establishment: net::ERR_CONNECTION_REFUSED @ http://localhost:5173/@vite/client:1034
[131566224ms] [ERROR] WebSocket connection to 'ws://localhost:5173/' failed: Error in connection establishment: net::ERR_CONNECTION_REFUSED @ http://localhost:5173/@vite/client:1034
[131573606ms] [ERROR] WebSocket connection to 'ws://localhost:5173/' failed: Error in connection establishment: net::ERR_CONNECTION_REFUSED @ http://localhost:5173/@vite/client:1034
[131579907ms] [ERROR] WebSocket connection to 'ws://localhost:5173/' failed: Error in connection establishment: net::ERR_CONNECTION_REFUSED @ http://localhost:5173/@vite/client:1034
[131585375ms] [ERROR] WebSocket connection to 'ws://localhost:5173/' failed: Error in connection establishment: net::ERR_CONNECTION_REFUSED @ http://localhost:5173/@vite/client:1034
[131590820ms] [ERROR] WebSocket connection to 'ws://localhost:5173/' failed: Error in connection establishment: net::ERR_CONNECTION_REFUSED @ http://localhost:5173/@vite/client:1034
[131595822ms] [ERROR] WebSocket connection to 'ws://localhost:5173/' failed: Error in connection establishment: net::ERR_CONNECTION_REFUSED @ http://localhost:5173/@vite/client:1034
[131603659ms] [ERROR] WebSocket connection to 'ws://localhost:5173/' failed: Error in connection establishment: net::ERR_CONNECTION_REFUSED @ http://localhost:5173/@vite/client:1034
[131608376ms] [ERROR] WebSocket connection to 'ws://localhost:5173/' failed: Error in connection establishment: net::ERR_CONNECTION_REFUSED @ http://localhost:5173/@vite/client:1034
[131616441ms] [ERROR] WebSocket connection to 'ws://localhost:5173/' failed: Error in connection establishment: net::ERR_CONNECTION_REFUSED @ http://localhost:5173/@vite/client:1034
[131623828ms] [ERROR] WebSocket connection to 'ws://localhost:5173/' failed: Error in connection establishment: net::ERR_CONNECTION_REFUSED @ http://localhost:5173/@vite/client:1034
[131631745ms] [ERROR] WebSocket connection to 'ws://localhost:5173/' failed: Error in connection establishment: net::ERR_CONNECTION_REFUSED @ http://localhost:5173/@vite/client:1034
[131639561ms] [ERROR] WebSocket connection to 'ws://localhost:5173/' failed: Error in connection establishment: net::ERR_CONNECTION_REFUSED @ http://localhost:5173/@vite/client:1034
[131647245ms] [ERROR] WebSocket connection to 'ws://localhost:5173/' failed: Error in connection establishment: net::ERR_CONNECTION_REFUSED @ http://localhost:5173/@vite/client:1034
[131655030ms] [ERROR] WebSocket connection to 'ws://localhost:5173/' failed: Error in connection establishment: net::ERR_CONNECTION_REFUSED @ http://localhost:5173/@vite/client:1034
[131662055ms] [ERROR] WebSocket connection to 'ws://localhost:5173/' failed: Error in connection establishment: net::ERR_CONNECTION_REFUSED @ http://localhost:5173/@vite/client:1034
[131667013ms] [ERROR] WebSocket connection to 'ws://localhost:5173/' failed: Error in connection establishment: net::ERR_CONNECTION_REFUSED @ http://localhost:5173/@vite/client:1034
[131675162ms] [ERROR] WebSocket connection to 'ws://localhost:5173/' failed: Error in connection establishment: net::ERR_CONNECTION_REFUSED @ http://localhost:5173/@vite/client:1034
[131681982ms] [ERROR] WebSocket connection to 'ws://localhost:5173/' failed: Error in connection establishment: net::ERR_CONNECTION_REFUSED @ http://localhost:5173/@vite/client:1034
[131689078ms] [ERROR] WebSocket connection to 'ws://localhost:5173/' failed: Error in connection establishment: net::ERR_CONNECTION_REFUSED @ http://localhost:5173/@vite/client:1034
[131694982ms] [ERROR] WebSocket connection to 'ws://localhost:5173/' failed: Error in connection establishment: net::ERR_CONNECTION_REFUSED @ http://localhost:5173/@vite/client:1034
[131700646ms] [ERROR] WebSocket connection to 'ws://localhost:5173/' failed: Error in connection establishment: net::ERR_CONNECTION_REFUSED @ http://localhost:5173/@vite/client:1034
[131707109ms] [ERROR] WebSocket connection to 'ws://localhost:5173/' failed: Error in connection establishment: net::ERR_CONNECTION_REFUSED @ http://localhost:5173/@vite/client:1034
[131714417ms] [ERROR] WebSocket connection to 'ws://localhost:5173/' failed: Error in connection establishment: net::ERR_CONNECTION_REFUSED @ http://localhost:5173/@vite/client:1034
[131720162ms] [ERROR] WebSocket connection to 'ws://localhost:5173/' failed: Error in connection establishment: net::ERR_CONNECTION_REFUSED @ http://localhost:5173/@vite/client:1034
[131725699ms] [ERROR] WebSocket connection to 'ws://localhost:5173/' failed: Error in connection establishment: net::ERR_CONNECTION_REFUSED @ http://localhost:5173/@vite/client:1034
[131732457ms] [ERROR] WebSocket connection to 'ws://localhost:5173/' failed: Error in connection establishment: net::ERR_CONNECTION_REFUSED @ http://localhost:5173/@vite/client:1034
[131737284ms] [ERROR] WebSocket connection to 'ws://localhost:5173/' failed: Error in connection establishment: net::ERR_CONNECTION_REFUSED @ http://localhost:5173/@vite/client:1034
[131743835ms] [ERROR] WebSocket connection to 'ws://localhost:5173/' failed: Error in connection establishment: net::ERR_CONNECTION_REFUSED @ http://localhost:5173/@vite/client:1034
[131751386ms] [ERROR] WebSocket connection to 'ws://localhost:5173/' failed: Error in connection establishment: net::ERR_CONNECTION_REFUSED @ http://localhost:5173/@vite/client:1034
[131758676ms] [ERROR] WebSocket connection to 'ws://localhost:5173/' failed: Error in connection establishment: net::ERR_CONNECTION_REFUSED @ http://localhost:5173/@vite/client:1034
[131763753ms] [ERROR] WebSocket connection to 'ws://localhost:5173/' failed: Error in connection establishment: net::ERR_CONNECTION_REFUSED @ http://localhost:5173/@vite/client:1034
[131770703ms] [ERROR] WebSocket connection to 'ws://localhost:5173/' failed: Error in connection establishment: net::ERR_CONNECTION_REFUSED @ http://localhost:5173/@vite/client:1034
[131777975ms] [ERROR] WebSocket connection to 'ws://localhost:5173/' failed: Error in connection establishment: net::ERR_CONNECTION_REFUSED @ http://localhost:5173/@vite/client:1034
[131782560ms] [ERROR] WebSocket connection to 'ws://localhost:5173/' failed: Error in connection establishment: net::ERR_CONNECTION_REFUSED @ http://localhost:5173/@vite/client:1034
[131788772ms] [ERROR] WebSocket connection to 'ws://localhost:5173/' failed: Error in connection establishment: net::ERR_CONNECTION_REFUSED @ http://localhost:5173/@vite/client:1034
[131793421ms] [ERROR] WebSocket connection to 'ws://localhost:5173/' failed: Error in connection establishment: net::ERR_CONNECTION_REFUSED @ http://localhost:5173/@vite/client:1034
[131799071ms] [ERROR] WebSocket connection to 'ws://localhost:5173/' failed: Error in connection establishment: net::ERR_CONNECTION_REFUSED @ http://localhost:5173/@vite/client:1034
[131805653ms] [ERROR] WebSocket connection to 'ws://localhost:5173/' failed: Error in connection establishment: net::ERR_CONNECTION_REFUSED @ http://localhost:5173/@vite/client:1034
[131811605ms] [ERROR] WebSocket connection to 'ws://localhost:5173/' failed: Error in connection establishment: net::ERR_CONNECTION_REFUSED @ http://localhost:5173/@vite/client:1034
[131819674ms] [ERROR] WebSocket connection to 'ws://localhost:5173/' failed: Error in connection establishment: net::ERR_CONNECTION_REFUSED @ http://localhost:5173/@vite/client:1034
[131824864ms] [ERROR] WebSocket connection to 'ws://localhost:5173/' failed: Error in connection establishment: net::ERR_CONNECTION_REFUSED @ http://localhost:5173/@vite/client:1034
[131831312ms] [ERROR] WebSocket connection to 'ws://localhost:5173/' failed: Error in connection establishment: net::ERR_CONNECTION_REFUSED @ http://localhost:5173/@vite/client:1034
[131837625ms] [ERROR] WebSocket connection to 'ws://localhost:5173/' failed: Error in connection establishment: net::ERR_CONNECTION_REFUSED @ http://localhost:5173/@vite/client:1034
[131845961ms] [ERROR] WebSocket connection to 'ws://localhost:5173/' failed: Error in connection establishment: net::ERR_CONNECTION_REFUSED @ http://localhost:5173/@vite/client:1034
[131852693ms] [ERROR] WebSocket connection to 'ws://localhost:5173/' failed: Error in connection establishment: net::ERR_CONNECTION_REFUSED @ http://localhost:5173/@vite/client:1034
[131858874ms] [ERROR] WebSocket connection to 'ws://localhost:5173/' failed: Error in connection establishment: net::ERR_CONNECTION_REFUSED @ http://localhost:5173/@vite/client:1034
[131864927ms] [ERROR] WebSocket connection to 'ws://localhost:5173/' failed: Error in connection establishment: net::ERR_CONNECTION_REFUSED @ http://localhost:5173/@vite/client:1034
[131870815ms] [ERROR] WebSocket connection to 'ws://localhost:5173/' failed: Error in connection establishment: net::ERR_CONNECTION_REFUSED @ http://localhost:5173/@vite/client:1034
[131877361ms] [ERROR] WebSocket connection to 'ws://localhost:5173/' failed: Error in connection establishment: net::ERR_CONNECTION_REFUSED @ http://localhost:5173/@vite/client:1034
[131885658ms] [ERROR] WebSocket connection to 'ws://localhost:5173/' failed: Error in connection establishment: net::ERR_CONNECTION_REFUSED @ http://localhost:5173/@vite/client:1034
[131892858ms] [ERROR] WebSocket connection to 'ws://localhost:5173/' failed: Error in connection establishment: net::ERR_CONNECTION_REFUSED @ http://localhost:5173/@vite/client:1034
[131900210ms] [ERROR] WebSocket connection to 'ws://localhost:5173/' failed: Error in connection establishment: net::ERR_CONNECTION_REFUSED @ http://localhost:5173/@vite/client:1034
[131907334ms] [ERROR] WebSocket connection to 'ws://localhost:5173/' failed: Error in connection establishment: net::ERR_CONNECTION_REFUSED @ http://localhost:5173/@vite/client:1034
[131913563ms] [ERROR] WebSocket connection to 'ws://localhost:5173/' failed: Error in connection establishment: net::ERR_CONNECTION_REFUSED @ http://localhost:5173/@vite/client:1034
[131918964ms] [ERROR] WebSocket connection to 'ws://localhost:5173/' failed: Error in connection establishment: net::ERR_CONNECTION_REFUSED @ http://localhost:5173/@vite/client:1034
[131925465ms] [ERROR] WebSocket connection to 'ws://localhost:5173/' failed: Error in connection establishment: net::ERR_CONNECTION_REFUSED @ http://localhost:5173/@vite/client:1034
[131930332ms] [ERROR] WebSocket connection to 'ws://localhost:5173/' failed: Error in connection establishment: net::ERR_CONNECTION_REFUSED @ http://localhost:5173/@vite/client:1034
[131936568ms] [ERROR] WebSocket connection to 'ws://localhost:5173/' failed: Error in connection establishment: net::ERR_CONNECTION_REFUSED @ http://localhost:5173/@vite/client:1034
[131941868ms] [ERROR] WebSocket connection to 'ws://localhost:5173/' failed: Error in connection establishment: net::ERR_CONNECTION_REFUSED @ http://localhost:5173/@vite/client:1034
[131946386ms] [ERROR] WebSocket connection to 'ws://localhost:5173/' failed: Error in connection establishment: net::ERR_CONNECTION_REFUSED @ http://localhost:5173/@vite/client:1034
[131953282ms] [ERROR] WebSocket connection to 'ws://localhost:5173/' failed: Error in connection establishment: net::ERR_CONNECTION_REFUSED @ http://localhost:5173/@vite/client:1034
[131958232ms] [ERROR] WebSocket connection to 'ws://localhost:5173/' failed: Error in connection establishment: net::ERR_CONNECTION_REFUSED @ http://localhost:5173/@vite/client:1034
[131963678ms] [ERROR] WebSocket connection to 'ws://localhost:5173/' failed: Error in connection establishment: net::ERR_CONNECTION_REFUSED @ http://localhost:5173/@vite/client:1034
[131968865ms] [ERROR] WebSocket connection to 'ws://localhost:5173/' failed: Error in connection establishment: net::ERR_CONNECTION_REFUSED @ http://localhost:5173/@vite/client:1034
[131976017ms] [ERROR] WebSocket connection to 'ws://localhost:5173/' failed: Error in connection establishment: net::ERR_CONNECTION_REFUSED @ http://localhost:5173/@vite/client:1034
[131983186ms] [ERROR] WebSocket connection to 'ws://localhost:5173/' failed: Error in connection establishment: net::ERR_CONNECTION_REFUSED @ http://localhost:5173/@vite/client:1034
[131990470ms] [ERROR] WebSocket connection to 'ws://localhost:5173/' failed: Error in connection establishment: net::ERR_CONNECTION_REFUSED @ http://localhost:5173/@vite/client:1034
[131998122ms] [ERROR] WebSocket connection to 'ws://localhost:5173/' failed: Error in connection establishment: net::ERR_CONNECTION_REFUSED @ http://localhost:5173/@vite/client:1034
[132003187ms] [ERROR] WebSocket connection to 'ws://localhost:5173/' failed: Error in connection establishment: net::ERR_CONNECTION_REFUSED @ http://localhost:5173/@vite/client:1034
[132010194ms] [ERROR] WebSocket connection to 'ws://localhost:5173/' failed: Error in connection establishment: net::ERR_CONNECTION_REFUSED @ http://localhost:5173/@vite/client:1034
[132015088ms] [ERROR] WebSocket connection to 'ws://localhost:5173/' failed: Error in connection establishment: net::ERR_CONNECTION_REFUSED @ http://localhost:5173/@vite/client:1034
[132021722ms] [ERROR] WebSocket connection to 'ws://localhost:5173/' failed: Error in connection establishment: net::ERR_CONNECTION_REFUSED @ http://localhost:5173/@vite/client:1034
[132026238ms] [ERROR] WebSocket connection to 'ws://localhost:5173/' failed: Error in connection establishment: net::ERR_CONNECTION_REFUSED @ http://localhost:5173/@vite/client:1034
[132032671ms] [ERROR] WebSocket connection to 'ws://localhost:5173/' failed: Error in connection establishment: net::ERR_CONNECTION_REFUSED @ http://localhost:5173/@vite/client:1034
[132039045ms] [ERROR] WebSocket connection to 'ws://localhost:5173/' failed: Error in connection establishment: net::ERR_CONNECTION_REFUSED @ http://localhost:5173/@vite/client:1034
[132044718ms] [ERROR] WebSocket connection to 'ws://localhost:5173/' failed: Error in connection establishment: net::ERR_CONNECTION_REFUSED @ http://localhost:5173/@vite/client:1034
[132051240ms] [ERROR] WebSocket connection to 'ws://localhost:5173/' failed: Error in connection establishment: net::ERR_CONNECTION_REFUSED @ http://localhost:5173/@vite/client:1034
[132059074ms] [ERROR] WebSocket connection to 'ws://localhost:5173/' failed: Error in connection establishment: net::ERR_CONNECTION_REFUSED @ http://localhost:5173/@vite/client:1034
[132063731ms] [ERROR] WebSocket connection to 'ws://localhost:5173/' failed: Error in connection establishment: net::ERR_CONNECTION_REFUSED @ http://localhost:5173/@vite/client:1034
[132068093ms] [ERROR] WebSocket connection to 'ws://localhost:5173/' failed: Error in connection establishment: net::ERR_CONNECTION_REFUSED @ http://localhost:5173/@vite/client:1034
[132074543ms] [ERROR] WebSocket connection to 'ws://localhost:5173/' failed: Error in connection establishment: net::ERR_CONNECTION_REFUSED @ http://localhost:5173/@vite/client:1034
[132081509ms] [ERROR] WebSocket connection to 'ws://localhost:5173/' failed: Error in connection establishment: net::ERR_CONNECTION_REFUSED @ http://localhost:5173/@vite/client:1034
[132087622ms] [ERROR] WebSocket connection to 'ws://localhost:5173/' failed: Error in connection establishment: net::ERR_CONNECTION_REFUSED @ http://localhost:5173/@vite/client:1034
[132094609ms] [ERROR] WebSocket connection to 'ws://localhost:5173/' failed: Error in connection establishment: net::ERR_CONNECTION_REFUSED @ http://localhost:5173/@vite/client:1034
[132100259ms] [ERROR] WebSocket connection to 'ws://localhost:5173/' failed: Error in connection establishment: net::ERR_CONNECTION_REFUSED @ http://localhost:5173/@vite/client:1034
[132108304ms] [ERROR] WebSocket connection to 'ws://localhost:5173/' failed: Error in connection establishment: net::ERR_CONNECTION_REFUSED @ http://localhost:5173/@vite/client:1034
[132114911ms] [ERROR] WebSocket connection to 'ws://localhost:5173/' failed: Error in connection establishment: net::ERR_CONNECTION_REFUSED @ http://localhost:5173/@vite/client:1034
[132119645ms] [ERROR] WebSocket connection to 'ws://localhost:5173/' failed: Error in connection establishment: net::ERR_CONNECTION_REFUSED @ http://localhost:5173/@vite/client:1034
[132124641ms] [ERROR] WebSocket connection to 'ws://localhost:5173/' failed: Error in connection establishment: net::ERR_CONNECTION_REFUSED @ http://localhost:5173/@vite/client:1034
[132130120ms] [ERROR] WebSocket connection to 'ws://localhost:5173/' failed: Error in connection establishment: net::ERR_CONNECTION_REFUSED @ http://localhost:5173/@vite/client:1034
[132135510ms] [ERROR] WebSocket connection to 'ws://localhost:5173/' failed: Error in connection establishment: net::ERR_CONNECTION_REFUSED @ http://localhost:5173/@vite/client:1034
[132141079ms] [ERROR] WebSocket connection to 'ws://localhost:5173/' failed: Error in connection establishment: net::ERR_CONNECTION_REFUSED @ http://localhost:5173/@vite/client:1034
[132147497ms] [ERROR] WebSocket connection to 'ws://localhost:5173/' failed: Error in connection establishment: net::ERR_CONNECTION_REFUSED @ http://localhost:5173/@vite/client:1034
[132153347ms] [ERROR] WebSocket connection to 'ws://localhost:5173/' failed: Error in connection establishment: net::ERR_CONNECTION_REFUSED @ http://localhost:5173/@vite/client:1034
[132158810ms] [ERROR] WebSocket connection to 'ws://localhost:5173/' failed: Error in connection establishment: net::ERR_CONNECTION_REFUSED @ http://localhost:5173/@vite/client:1034
[132166246ms] [ERROR] WebSocket connection to 'ws://localhost:5173/' failed: Error in connection establishment: net::ERR_CONNECTION_REFUSED @ http://localhost:5173/@vite/client:1034
[132173800ms] [ERROR] WebSocket connection to 'ws://localhost:5173/' failed: Error in connection establishment: net::ERR_CONNECTION_REFUSED @ http://localhost:5173/@vite/client:1034
[132179183ms] [ERROR] WebSocket connection to 'ws://localhost:5173/' failed: Error in connection establishment: net::ERR_CONNECTION_REFUSED @ http://localhost:5173/@vite/client:1034
[132184398ms] [ERROR] WebSocket connection to 'ws://localhost:5173/' failed: Error in connection establishment: net::ERR_CONNECTION_REFUSED @ http://localhost:5173/@vite/client:1034
[132188784ms] [ERROR] WebSocket connection to 'ws://localhost:5173/' failed: Error in connection establishment: net::ERR_CONNECTION_REFUSED @ http://localhost:5173/@vite/client:1034
[132195982ms] [ERROR] WebSocket connection to 'ws://localhost:5173/' failed: Error in connection establishment: net::ERR_CONNECTION_REFUSED @ http://localhost:5173/@vite/client:1034
[132211399ms] [INFO] %cDownload the React DevTools for a better development experience: https://reactjs.org/link/react-devtools font-weight:bold @ http://localhost:5173/node_modules/.vite/deps/chunk-NXESFFTV.js?v=10fd1425:21608
[132212188ms] [WARNING] ⚠️ React Router Future Flag Warning: React Router will begin wrapping state updates in `React.startTransition` in v7. You can use the `v7_startTransition` future flag to opt-in early. For more information, see https://reactrouter.com/v6/upgrading/future#v7_starttransition. @ http://localhost:5173/node_modules/.vite/deps/react-router-dom.js?v=10fd1425:4416
[132212189ms] [WARNING] ⚠️ React Router Future Flag Warning: Relative route resolution within Splat routes is changing in v7. You can use the `v7_relativeSplatPath` future flag to opt-in early. For more information, see https://reactrouter.com/v6/upgrading/future#v7_relativesplatpath. @ http://localhost:5173/node_modules/.vite/deps/react-router-dom.js?v=10fd1425:4416
[132212192ms] [VERBOSE] [DOM] Input elements should have autocomplete attributes (suggested: "current-password"): (More info: https://goo.gl/9p2vKq) %o @ http://localhost:5173/login:0
[132616502ms] [ERROR] Failed to load resource: the server responded with a status of 500 (Internal Server Error) @ http://localhost:5173/src/components/PSLoader.jsx?t=1787819576755:0
[132616503ms] [ERROR] [vite] Failed to reload /src/components/PSLoader.jsx. This could be due to syntax errors or importing non-existent modules. (see errors above) @ http://localhost:5173/@vite/client:881
[133770250ms] [VERBOSE] [DOM] Input elements should have autocomplete attributes (suggested: "current-password"): (More info: https://goo.gl/9p2vKq) %o @ http://localhost:5173/login:0
[133800373ms] [INFO] %cDownload the React DevTools for a better development experience: https://reactjs.org/link/react-devtools font-weight:bold @ http://localhost:5173/node_modules/.vite/deps/chunk-NXESFFTV.js?v=10fd1425:21608
[133800636ms] [WARNING] ⚠️ React Router Future Flag Warning: React Router will begin wrapping state updates in `React.startTransition` in v7. You can use the `v7_startTransition` future flag to opt-in early. For more information, see https://reactrouter.com/v6/upgrading/future#v7_starttransition. @ http://localhost:5173/node_modules/.vite/deps/react-router-dom.js?v=10fd1425:4416
[133800637ms] [WARNING] ⚠️ React Router Future Flag Warning: Relative route resolution within Splat routes is changing in v7. You can use the `v7_relativeSplatPath` future flag to opt-in early. For more information, see https://reactrouter.com/v6/upgrading/future#v7_relativesplatpath. @ http://localhost:5173/node_modules/.vite/deps/react-router-dom.js?v=10fd1425:4416
[133801053ms] [VERBOSE] [DOM] Input elements should have autocomplete attributes (suggested: "current-password"): (More info: https://goo.gl/9p2vKq) %o @ http://localhost:5173/login:0
[133902491ms] [INFO] %cDownload the React DevTools for a better development experience: https://reactjs.org/link/react-devtools font-weight:bold @ http://localhost:5173/node_modules/.vite/deps/chunk-NXESFFTV.js?v=10fd1425:21608
[133902722ms] [WARNING] ⚠️ React Router Future Flag Warning: React Router will begin wrapping state updates in `React.startTransition` in v7. You can use the `v7_startTransition` future flag to opt-in early. For more information, see https://reactrouter.com/v6/upgrading/future#v7_starttransition. @ http://localhost:5173/node_modules/.vite/deps/react-router-dom.js?v=10fd1425:4416
[133902722ms] [WARNING] ⚠️ React Router Future Flag Warning: Relative route resolution within Splat routes is changing in v7. You can use the `v7_relativeSplatPath` future flag to opt-in early. For more information, see https://reactrouter.com/v6/upgrading/future#v7_relativesplatpath. @ http://localhost:5173/node_modules/.vite/deps/react-router-dom.js?v=10fd1425:4416
[133902797ms] [VERBOSE] [DOM] Input elements should have autocomplete attributes (suggested: "current-password"): (More info: https://goo.gl/9p2vKq) %o @ http://localhost:5173/login:0
[137109073ms] [VERBOSE] [DOM] Input elements should have autocomplete attributes (suggested: "current-password"): (More info: https://goo.gl/9p2vKq) %o @ http://localhost:5173/login:0
[138146562ms] ReferenceError: BrandLogo is not defined
    at Navbar (http://localhost:5173/src/components/Navbar.jsx?t=1787825105969:76:15)
    at renderWithHooks (http://localhost:5173/node_modules/.vite/deps/chunk-NXESFFTV.js?v=10fd1425:11596:26)
    at updateFunctionComponent (http://localhost:5173/node_modules/.vite/deps/chunk-NXESFFTV.js?v=10fd1425:14630:28)
    at beginWork (http://localhost:5173/node_modules/.vite/deps/chunk-NXESFFTV.js?v=10fd1425:15972:22)
    at HTMLUnknownElement.callCallback2 (http://localhost:5173/node_modules/.vite/deps/chunk-NXESFFTV.js?v=10fd1425:3680:22)
    at Object.invokeGuardedCallbackDev (http://localhost:5173/node_modules/.vite/deps/chunk-NXESFFTV.js?v=10fd1425:3705:24)
    at invokeGuardedCallback (http://localhost:5173/node_modules/.vite/deps/chunk-NXESFFTV.js?v=10fd1425:3739:39)
    at beginWork$1 (http://localhost:5173/node_modules/.vite/deps/chunk-NXESFFTV.js?v=10fd1425:19818:15)
    at performUnitOfWork (http://localhost:5173/node_modules/.vite/deps/chunk-NXESFFTV.js?v=10fd1425:19251:20)
    at workLoopSync (http://localhost:5173/node_modules/.vite/deps/chunk-NXESFFTV.js?v=10fd1425:19190:13)
[138146577ms] ReferenceError: BrandLogo is not defined
    at Navbar (http://localhost:5173/src/components/Navbar.jsx?t=1787825105969:76:15)
    at renderWithHooks (http://localhost:5173/node_modules/.vite/deps/chunk-NXESFFTV.js?v=10fd1425:11596:26)
    at updateFunctionComponent (http://localhost:5173/node_modules/.vite/deps/chunk-NXESFFTV.js?v=10fd1425:14630:28)
    at beginWork (http://localhost:5173/node_modules/.vite/deps/chunk-NXESFFTV.js?v=10fd1425:15972:22)
    at HTMLUnknownElement.callCallback2 (http://localhost:5173/node_modules/.vite/deps/chunk-NXESFFTV.js?v=10fd1425:3680:22)
    at Object.invokeGuardedCallbackDev (http://localhost:5173/node_modules/.vite/deps/chunk-NXESFFTV.js?v=10fd1425:3705:24)
    at invokeGuardedCallback (http://localhost:5173/node_modules/.vite/deps/chunk-NXESFFTV.js?v=10fd1425:3739:39)
    at beginWork$1 (http://localhost:5173/node_modules/.vite/deps/chunk-NXESFFTV.js?v=10fd1425:19818:15)
    at performUnitOfWork (http://localhost:5173/node_modules/.vite/deps/chunk-NXESFFTV.js?v=10fd1425:19251:20)
    at workLoopSync (http://localhost:5173/node_modules/.vite/deps/chunk-NXESFFTV.js?v=10fd1425:19190:13)
[138146559ms] [ERROR] The above error occurred in the <Navbar> component:

    at Navbar (http://localhost:5173/src/components/Navbar.jsx?t=1787825105969:38:28)
    at div
    at Layout (http://localhost:5173/src/components/Layout.jsx?t=1787821565848:64:34)
    at AuthProvider (http://localhost:5173/src/context/AuthContext.jsx:21:32)
    at Router (http://localhost:5173/node_modules/.vite/deps/react-router-dom.js?v=10fd1425:4525:15)
    at BrowserRouter (http://localhost:5173/node_modules/.vite/deps/react-router-dom.js?v=10fd1425:5263:5)
    at FontSizeProvider (http://localhost:5173/src/context/FontSizeContext.jsx:29:36)
    at ThemeProvider (http://localhost:5173/src/context/ThemeContext.jsx:31:33)
    at App (http://localhost:5173/src/App.jsx?t=1787820786971:28:39)

Consider adding an error boundary to your tree to customize error handling behavior.
Visit https://reactjs.org/link/error-boundaries to learn more about error boundaries. @ http://localhost:5173/node_modules/.vite/deps/chunk-NXESFFTV.js?v=10fd1425:14079
[138146611ms] ReferenceError: BrandLogo is not defined
    at Navbar (http://localhost:5173/src/components/Navbar.jsx?t=1787825105969:76:15)
    at renderWithHooks (http://localhost:5173/node_modules/.vite/deps/chunk-NXESFFTV.js?v=10fd1425:11596:26)
    at updateFunctionComponent (http://localhost:5173/node_modules/.vite/deps/chunk-NXESFFTV.js?v=10fd1425:14630:28)
    at beginWork (http://localhost:5173/node_modules/.vite/deps/chunk-NXESFFTV.js?v=10fd1425:15972:22)
    at beginWork$1 (http://localhost:5173/node_modules/.vite/deps/chunk-NXESFFTV.js?v=10fd1425:19806:22)
    at performUnitOfWork (http://localhost:5173/node_modules/.vite/deps/chunk-NXESFFTV.js?v=10fd1425:19251:20)
    at workLoopSync (http://localhost:5173/node_modules/.vite/deps/chunk-NXESFFTV.js?v=10fd1425:19190:13)
    at renderRootSync (http://localhost:5173/node_modules/.vite/deps/chunk-NXESFFTV.js?v=10fd1425:19169:15)
    at recoverFromConcurrentError (http://localhost:5173/node_modules/.vite/deps/chunk-NXESFFTV.js?v=10fd1425:18786:28)
    at performSyncWorkOnRoot (http://localhost:5173/node_modules/.vite/deps/chunk-NXESFFTV.js?v=10fd1425:18932:28)
[138146693ms] ReferenceError: BrandLogo is not defined
    at Navbar (http://localhost:5173/src/components/Navbar.jsx?t=1787825106123:76:15)
    at renderWithHooks (http://localhost:5173/node_modules/.vite/deps/chunk-NXESFFTV.js?v=10fd1425:11596:26)
    at mountIndeterminateComponent (http://localhost:5173/node_modules/.vite/deps/chunk-NXESFFTV.js?v=10fd1425:14974:21)
    at beginWork (http://localhost:5173/node_modules/.vite/deps/chunk-NXESFFTV.js?v=10fd1425:15962:22)
    at HTMLUnknownElement.callCallback2 (http://localhost:5173/node_modules/.vite/deps/chunk-NXESFFTV.js?v=10fd1425:3680:22)
    at Object.invokeGuardedCallbackDev (http://localhost:5173/node_modules/.vite/deps/chunk-NXESFFTV.js?v=10fd1425:3705:24)
    at invokeGuardedCallback (http://localhost:5173/node_modules/.vite/deps/chunk-NXESFFTV.js?v=10fd1425:3739:39)
    at beginWork$1 (http://localhost:5173/node_modules/.vite/deps/chunk-NXESFFTV.js?v=10fd1425:19818:15)
    at performUnitOfWork (http://localhost:5173/node_modules/.vite/deps/chunk-NXESFFTV.js?v=10fd1425:19251:20)
    at workLoopSync (http://localhost:5173/node_modules/.vite/deps/chunk-NXESFFTV.js?v=10fd1425:19190:13)
[138146789ms] ReferenceError: BrandLogo is not defined
    at Navbar (http://localhost:5173/src/components/Navbar.jsx?t=1787825106123:76:15)
    at renderWithHooks (http://localhost:5173/node_modules/.vite/deps/chunk-NXESFFTV.js?v=10fd1425:11596:26)
    at mountIndeterminateComponent (http://localhost:5173/node_modules/.vite/deps/chunk-NXESFFTV.js?v=10fd1425:14974:21)
    at beginWork (http://localhost:5173/node_modules/.vite/deps/chunk-NXESFFTV.js?v=10fd1425:15962:22)
    at HTMLUnknownElement.callCallback2 (http://localhost:5173/node_modules/.vite/deps/chunk-NXESFFTV.js?v=10fd1425:3680:22)
    at Object.invokeGuardedCallbackDev (http://localhost:5173/node_modules/.vite/deps/chunk-NXESFFTV.js?v=10fd1425:3705:24)
    at invokeGuardedCallback (http://localhost:5173/node_modules/.vite/deps/chunk-NXESFFTV.js?v=10fd1425:3739:39)
    at beginWork$1 (http://localhost:5173/node_modules/.vite/deps/chunk-NXESFFTV.js?v=10fd1425:19818:15)
    at performUnitOfWork (http://localhost:5173/node_modules/.vite/deps/chunk-NXESFFTV.js?v=10fd1425:19251:20)
    at workLoopSync (http://localhost:5173/node_modules/.vite/deps/chunk-NXESFFTV.js?v=10fd1425:19190:13)
[138146801ms] [ERROR] The above error occurred in the <Navbar> component:

    at Navbar (http://localhost:5173/src/components/Navbar.jsx?t=1787825106123:38:28)
    at div
    at Layout (http://localhost:5173/src/components/Layout.jsx?t=1787821565848:64:34)
    at AuthProvider (http://localhost:5173/src/context/AuthContext.jsx:21:32)
    at Router (http://localhost:5173/node_modules/.vite/deps/react-router-dom.js?v=10fd1425:4525:15)
    at BrowserRouter (http://localhost:5173/node_modules/.vite/deps/react-router-dom.js?v=10fd1425:5263:5)
    at FontSizeProvider (http://localhost:5173/src/context/FontSizeContext.jsx:29:36)
    at ThemeProvider (http://localhost:5173/src/context/ThemeContext.jsx:31:33)
    at App (http://localhost:5173/src/App.jsx?t=1787820786971:28:39)

Consider adding an error boundary to your tree to customize error handling behavior.
Visit https://reactjs.org/link/error-boundaries to learn more about error boundaries. @ http://localhost:5173/node_modules/.vite/deps/chunk-NXESFFTV.js?v=10fd1425:14079
[138146818ms] ReferenceError: BrandLogo is not defined
    at Navbar (http://localhost:5173/src/components/Navbar.jsx?t=1787825106123:76:15)
    at renderWithHooks (http://localhost:5173/node_modules/.vite/deps/chunk-NXESFFTV.js?v=10fd1425:11596:26)
    at mountIndeterminateComponent (http://localhost:5173/node_modules/.vite/deps/chunk-NXESFFTV.js?v=10fd1425:14974:21)
    at beginWork (http://localhost:5173/node_modules/.vite/deps/chunk-NXESFFTV.js?v=10fd1425:15962:22)
    at beginWork$1 (http://localhost:5173/node_modules/.vite/deps/chunk-NXESFFTV.js?v=10fd1425:19806:22)
    at performUnitOfWork (http://localhost:5173/node_modules/.vite/deps/chunk-NXESFFTV.js?v=10fd1425:19251:20)
    at workLoopSync (http://localhost:5173/node_modules/.vite/deps/chunk-NXESFFTV.js?v=10fd1425:19190:13)
    at renderRootSync (http://localhost:5173/node_modules/.vite/deps/chunk-NXESFFTV.js?v=10fd1425:19169:15)
    at recoverFromConcurrentError (http://localhost:5173/node_modules/.vite/deps/chunk-NXESFFTV.js?v=10fd1425:18786:28)
    at performSyncWorkOnRoot (http://localhost:5173/node_modules/.vite/deps/chunk-NXESFFTV.js?v=10fd1425:18932:28)
[138174079ms] [VERBOSE] [DOM] Input elements should have autocomplete attributes (suggested: "current-password"): (More info: https://goo.gl/9p2vKq) %o @ http://localhost:5173/login:0
[138246089ms] ReferenceError: BrandLogo is not defined
    at Login (http://localhost:5173/src/pages/Login.jsx?t=1787825206204:128:13)
    at renderWithHooks (http://localhost:5173/node_modules/.vite/deps/chunk-NXESFFTV.js?v=10fd1425:11596:26)
    at updateFunctionComponent (http://localhost:5173/node_modules/.vite/deps/chunk-NXESFFTV.js?v=10fd1425:14630:28)
    at beginWork (http://localhost:5173/node_modules/.vite/deps/chunk-NXESFFTV.js?v=10fd1425:15972:22)
    at HTMLUnknownElement.callCallback2 (http://localhost:5173/node_modules/.vite/deps/chunk-NXESFFTV.js?v=10fd1425:3680:22)
    at Object.invokeGuardedCallbackDev (http://localhost:5173/node_modules/.vite/deps/chunk-NXESFFTV.js?v=10fd1425:3705:24)
    at invokeGuardedCallback (http://localhost:5173/node_modules/.vite/deps/chunk-NXESFFTV.js?v=10fd1425:3739:39)
    at beginWork$1 (http://localhost:5173/node_modules/.vite/deps/chunk-NXESFFTV.js?v=10fd1425:19818:15)
    at performUnitOfWork (http://localhost:5173/node_modules/.vite/deps/chunk-NXESFFTV.js?v=10fd1425:19251:20)
    at workLoopSync (http://localhost:5173/node_modules/.vite/deps/chunk-NXESFFTV.js?v=10fd1425:19190:13)
[138246089ms] ReferenceError: BrandLogo is not defined
    at Login (http://localhost:5173/src/pages/Login.jsx?t=1787825206204:128:13)
    at renderWithHooks (http://localhost:5173/node_modules/.vite/deps/chunk-NXESFFTV.js?v=10fd1425:11596:26)
    at updateFunctionComponent (http://localhost:5173/node_modules/.vite/deps/chunk-NXESFFTV.js?v=10fd1425:14630:28)
    at beginWork (http://localhost:5173/node_modules/.vite/deps/chunk-NXESFFTV.js?v=10fd1425:15972:22)
    at HTMLUnknownElement.callCallback2 (http://localhost:5173/node_modules/.vite/deps/chunk-NXESFFTV.js?v=10fd1425:3680:22)
    at Object.invokeGuardedCallbackDev (http://localhost:5173/node_modules/.vite/deps/chunk-NXESFFTV.js?v=10fd1425:3705:24)
    at invokeGuardedCallback (http://localhost:5173/node_modules/.vite/deps/chunk-NXESFFTV.js?v=10fd1425:3739:39)
    at beginWork$1 (http://localhost:5173/node_modules/.vite/deps/chunk-NXESFFTV.js?v=10fd1425:19818:15)
    at performUnitOfWork (http://localhost:5173/node_modules/.vite/deps/chunk-NXESFFTV.js?v=10fd1425:19251:20)
    at workLoopSync (http://localhost:5173/node_modules/.vite/deps/chunk-NXESFFTV.js?v=10fd1425:19190:13)
[138246090ms] [ERROR] The above error occurred in the <Login> component:

    at Login (http://localhost:5173/src/pages/Login.jsx?t=1787825206204:37:21)
    at RenderedRoute (http://localhost:5173/node_modules/.vite/deps/react-router-dom.js?v=10fd1425:4112:5)
    at Routes (http://localhost:5173/node_modules/.vite/deps/react-router-dom.js?v=10fd1425:4582:5)
    at AppRoutes
    at main
    at div
    at Layout (http://localhost:5173/src/components/Layout.jsx?t=1787821565848:64:34)
    at AuthProvider (http://localhost:5173/src/context/AuthContext.jsx:21:32)
    at Router (http://localhost:5173/node_modules/.vite/deps/react-router-dom.js?v=10fd1425:4525:15)
    at BrowserRouter (http://localhost:5173/node_modules/.vite/deps/react-router-dom.js?v=10fd1425:5263:5)
    at FontSizeProvider (http://localhost:5173/src/context/FontSizeContext.jsx:29:36)
    at ThemeProvider (http://localhost:5173/src/context/ThemeContext.jsx:31:33)
    at App (http://localhost:5173/src/App.jsx?t=1787820786971:28:39)

Consider adding an error boundary to your tree to customize error handling behavior.
Visit https://reactjs.org/link/error-boundaries to learn more about error boundaries. @ http://localhost:5173/node_modules/.vite/deps/chunk-NXESFFTV.js?v=10fd1425:14079
[138246159ms] ReferenceError: BrandLogo is not defined
    at Login (http://localhost:5173/src/pages/Login.jsx?t=1787825206204:128:13)
    at renderWithHooks (http://localhost:5173/node_modules/.vite/deps/chunk-NXESFFTV.js?v=10fd1425:11596:26)
    at updateFunctionComponent (http://localhost:5173/node_modules/.vite/deps/chunk-NXESFFTV.js?v=10fd1425:14630:28)
    at beginWork (http://localhost:5173/node_modules/.vite/deps/chunk-NXESFFTV.js?v=10fd1425:15972:22)
    at beginWork$1 (http://localhost:5173/node_modules/.vite/deps/chunk-NXESFFTV.js?v=10fd1425:19806:22)
    at performUnitOfWork (http://localhost:5173/node_modules/.vite/deps/chunk-NXESFFTV.js?v=10fd1425:19251:20)
    at workLoopSync (http://localhost:5173/node_modules/.vite/deps/chunk-NXESFFTV.js?v=10fd1425:19190:13)
    at renderRootSync (http://localhost:5173/node_modules/.vite/deps/chunk-NXESFFTV.js?v=10fd1425:19169:15)
    at recoverFromConcurrentError (http://localhost:5173/node_modules/.vite/deps/chunk-NXESFFTV.js?v=10fd1425:18786:28)
    at performSyncWorkOnRoot (http://localhost:5173/node_modules/.vite/deps/chunk-NXESFFTV.js?v=10fd1425:18932:28)
[138280922ms] [VERBOSE] [DOM] Input elements should have autocomplete attributes (suggested: "current-password"): (More info: https://goo.gl/9p2vKq) %o @ http://localhost:5173/login:0
[139529545ms] [INFO] %cDownload the React DevTools for a better development experience: https://reactjs.org/link/react-devtools font-weight:bold @ http://localhost:5173/node_modules/.vite/deps/chunk-NXESFFTV.js?v=10fd1425:21608
[139530007ms] [WARNING] ⚠️ React Router Future Flag Warning: React Router will begin wrapping state updates in `React.startTransition` in v7. You can use the `v7_startTransition` future flag to opt-in early. For more information, see https://reactrouter.com/v6/upgrading/future#v7_starttransition. @ http://localhost:5173/node_modules/.vite/deps/react-router-dom.js?v=10fd1425:4416
[139530009ms] [WARNING] ⚠️ React Router Future Flag Warning: Relative route resolution within Splat routes is changing in v7. You can use the `v7_relativeSplatPath` future flag to opt-in early. For more information, see https://reactrouter.com/v6/upgrading/future#v7_relativesplatpath. @ http://localhost:5173/node_modules/.vite/deps/react-router-dom.js?v=10fd1425:4416
[139530027ms] [VERBOSE] [DOM] Input elements should have autocomplete attributes (suggested: "current-password"): (More info: https://goo.gl/9p2vKq) %o @ http://localhost:5173/login:0
[139561517ms] [INFO] %cDownload the React DevTools for a better development experience: https://reactjs.org/link/react-devtools font-weight:bold @ http://localhost:5173/node_modules/.vite/deps/chunk-NXESFFTV.js?v=10fd1425:21608
[139561966ms] [WARNING] ⚠️ React Router Future Flag Warning: React Router will begin wrapping state updates in `React.startTransition` in v7. You can use the `v7_startTransition` future flag to opt-in early. For more information, see https://reactrouter.com/v6/upgrading/future#v7_starttransition. @ http://localhost:5173/node_modules/.vite/deps/react-router-dom.js?v=10fd1425:4416
[139561967ms] [WARNING] ⚠️ React Router Future Flag Warning: Relative route resolution within Splat routes is changing in v7. You can use the `v7_relativeSplatPath` future flag to opt-in early. For more information, see https://reactrouter.com/v6/upgrading/future#v7_relativesplatpath. @ http://localhost:5173/node_modules/.vite/deps/react-router-dom.js?v=10fd1425:4416
[139561971ms] [VERBOSE] [DOM] Input elements should have autocomplete attributes (suggested: "current-password"): (More info: https://goo.gl/9p2vKq) %o @ http://localhost:5173/login:0
[140430538ms] [VERBOSE] [DOM] Input elements should have autocomplete attributes (suggested: "current-password"): (More info: https://goo.gl/9p2vKq) %o @ http://localhost:5173/login:0
[140639992ms] [VERBOSE] [DOM] Input elements should have autocomplete attributes (suggested: "current-password"): (More info: https://goo.gl/9p2vKq) %o @ http://localhost:5173/login:0
[140658908ms] [VERBOSE] [DOM] Input elements should have autocomplete attributes (suggested: "current-password"): (More info: https://goo.gl/9p2vKq) %o @ http://localhost:5173/login:0
[143044289ms] [VERBOSE] [DOM] Input elements should have autocomplete attributes (suggested: "current-password"): (More info: https://goo.gl/9p2vKq) %o @ http://localhost:5173/login:0
